,,,"Mon, Jul 13",OBJETIVO,,,115 gr,100 gr,124 gr,35 gr,2000 kcal,,,,,,,,,,,,,,,,,,,,,,,,,,,,,,,,,,
,,43 gr,Palta,DIFF HOY,,,18.53%,10.75%,3.43%,-7.70%,7.46%,,,,,,,,,,,,,,,,,,,,,,,,,,,,,,,,,,
,,0,Carne roja últimos 7 días,,,,21 gr,11 gr,4 gr,-3 gr,149 kcal,,,,,,,,,,,,,,,,,,,,,,,,,,,,,,,,,,
,2026-07-12,60 gr,Primer día carbs menores a...,TOTAL HOY,,,94 gr,89 gr,120 gr,38 gr,1851 kcal,,,,,,Totales históricos del día,,,,,,,Objetivos,,,,,Total grasas acumuladas x día,,,,,,,Ins / Sat,,Ratio,Total grasas x alimento,,,,,,
+,Fecha,Hora,Alimento,Cant.,Tipo Alimento,Gramos,Proteína,Carbs,Grasa,Fibra,Calorías,Ayuno,x,PBG,BGB,BGI,Proteína,Carbs,Grasa,Fibra,Calorías,Gr. Totales,,Proteína 115,Carbs 100,Grasa 124,Fibra 35,Calorías 2000,Ω 3,Ω 6,Ω 9,SCFA,MCFA,LCFA,Tóx,Ins,Sat,Ω3:Ω6,Ω 3 (g),Ω 6 (g),Ω 9 (g),SCFA (g),MCFA (g),LCFA (g),Tóx (g)
,"Thu, Feb 26",12:30 ,Pollo (1 pechuga),0.7,Proteína,210 gr,60 gr,0 gr,7 gr,0 gr,317 kcal,,,,,,,,,,,,,,,,,,,,,,,,,,,,0.07,1.34,2.69,,,6.72,
,"Thu, Feb 26",12:30 ,"Ensalada (lechuga, repollo b+m, zanahoria)",1,Verdura,120 gr,2 gr,5 gr,0 gr,2 gr,30 kcal,,,,,,,,,,,,,,,,,,,,,,,,,,,,,,,,,,
,"Thu, Feb 26",12:30 ,"Aceite de oliva El Gran Juicio (EV, 1 cda sop)",1,Grano,12 gr,0 gr,0 gr,12 gr,0 gr,108 kcal,,,,,,,,,,,,,,,,,,,,,,,,,,,,0.12,1.20,9.00,,,12.00,
,"Thu, Feb 26",12:30 ,Queso Unt. Finlandia Light,1,Lácteo,10 gr,1 gr,1 gr,1 gr,0 gr,19 kcal,,,,,,,,,,,,,,,,,,,,,,,,,,,,0.01,0.04,0.43,0.06,0.10,0.82,
,"Thu, Feb 26",12:30 ,"Rapiditas integrales, tortillas",2,Carb,55 gr,5 gr,26 gr,3 gr,4 gr,154 kcal,,,,,,,,,,,,,,,,,,,,,,,,,,,,,,,,,,
,"Thu, Feb 26",13:10 ,Yogurt Yogurisimo Descremado,1,Lácteo,190 gr,8 gr,11 gr,0 gr,0 gr,77 kcal,00:40,,,,,,,,,,,,,,,,,,,,,,,,,,,,,,,,,
,"Thu, Feb 26",13:10 ,Avena Granix Instnatánea (2 cdas),1,Grano,30 gr,4 gr,18 gr,2 gr,3 gr,107 kcal,,,,,,,,,,,,,,,,,,,,,,,,,,,,,,,,,,
,"Thu, Feb 26",14:50 ,Café,1,Infusión,0 gr,0 gr,0 gr,0 gr,0 gr,0 kcal,01:40,,,,,,,,,,,,,,,,,,,,,,,,,,,,,,,,,
,"Thu, Feb 26",14:50 ,Miel (1 cda),1,Carb,10 gr,0 gr,7 gr,0 gr,0 gr,28 kcal,,,,,,,,,,,,,,,,,,,,,,,,,,,,,,,,,,
,"Thu, Feb 26",14:50 ,"Nesquik, cacao en polvo",0.2,Procesado,3 gr,0 gr,2 gr,0 gr,0 gr,10 kcal,,,,,,,,,,,,,,,,,,,,,,,,,,,,,,,,,,
,"Thu, Feb 26",14:50 ,Vainillas Bimbo,1,Carb,12 gr,1 gr,9 gr,1 gr,0 gr,45 kcal,,,,,,,,,,,,,,,,,,,,,,,,,,,,,,,,,,
,"Thu, Feb 26",14:50 ,"Chocolate, Águila (1 barrita)",0.5,Carb,8 gr,0 gr,5 gr,2 gr,0 gr,35 kcal,,,,,,,,,,,,,,,,,,,,,,,,,,,,,0.05,0.59,,,1.80,
,"Thu, Feb 26",14:50 ,"Not protein bar, chocolate brownie",1,Procesado,45 gr,15 gr,14 gr,6 gr,6 gr,164 kcal,,,,,,,,,,,,,,,,,,,,,,,,,,,,,,,,,,
,"Thu, Feb 26",17:30 ,Banana,1,Fruta,150 gr,2 gr,35 gr,0 gr,4 gr,134 kcal,02:40,,,,,,,,,,,,,,,,,,,,,,,,,,,,,,,,,
,"Thu, Feb 26",17:30 ,"Leche, Protein",1.2,Lácteo,120 gr,6 gr,6 gr,0 gr,0 gr,44 kcal,,,,,,,,,,,,,,,,,,,,,,,,,,,,,,,,,,
,"Thu, Feb 26",17:30 ,"Chocolate, Águila (1 barrita)",0.5,Carb,8 gr,0 gr,5 gr,2 gr,0 gr,35 kcal,,,,,,,,,,,,,,,,,,,,,,,,,,,,,0.05,0.59,,,1.80,
,"Thu, Feb 26",17:30 ,Creatina Monohidrato,0.5,Complemento,0 gr,0 gr,0 gr,0 gr,0 gr,0 kcal,,,,,,,,,,,,,,,,,,,,,,,,,,,,,,,,,,
,"Thu, Feb 26",20:30 ,"Ensalada (lechuga, repollo b+m, zanahoria)",0.9,Verdura,108 gr,1 gr,5 gr,0 gr,2 gr,27 kcal,03:00,,,,,,,,,,,,,,,,,,,,,,,,,,,,,,,,,
,"Thu, Feb 26",20:30 ,Atún (1 lata),1,Proteína,120 gr,31 gr,0 gr,1 gr,0 gr,139 kcal,,,,,,,,,,,,,,,,,,,,,,,,,,,,0.14,0.02,0.08,,,0.98,
,"Thu, Feb 26",20:30 ,Queso Unt. Finlandia Light,1,Lácteo,10 gr,1 gr,1 gr,1 gr,0 gr,19 kcal,,,,,,,,,,,,,,,,,,,,,,,,,,,,0.01,0.04,0.43,0.06,0.10,0.82,
,"Thu, Feb 26",20:30 ,"Rapiditas integrales, tortillas",2,Carb,55 gr,5 gr,26 gr,3 gr,4 gr,154 kcal,,,,,,,,,,,,,,,,,,,,,,,,,,,,,,,,,,
,"Thu, Feb 26",20:30 ,Uvas blancas,1,Fruta,50 gr,0 gr,9 gr,0 gr,0 gr,35 kcal,,,,,,,,,,,,,,,,,,,,,,,,,,,,,,,,,,
,"Thu, Feb 26",22:30 ,Te,1,Infusión,0 gr,0 gr,0 gr,0 gr,0 gr,0 kcal,02:00,,,,,,,,,,,,,,,,,,,,,,,,,,,,,,,,,
,"Thu, Feb 26",22:30 ,Miel (1 cda),1,Carb,10 gr,0 gr,7 gr,0 gr,0 gr,28 kcal,,,,,,141 gr,188 gr,42 gr,26 gr,"1,709 kcal",1335 gr,,115 gr,100 gr,124 gr,35 gr,2000 kcal,0 gr,3 gr,14 gr,0 gr,0 gr,25 gr,0 gr,17 gr,25 gr,0:3,,,,,,,
1,"Fri, Feb 27",11:00 ,Pan Integral D&D,2,Grano,50 gr,4 gr,24 gr,1 gr,3 gr,116 kcal,12:30,,,,,,,,,,,,,,,,,,,,,,,,,,,,,,,,,
,"Fri, Feb 27",11:00 ,Palta,0.35,Fruta,56 gr,1 gr,5 gr,8 gr,4 gr,90 kcal,,,,,,,,,,,,,,,,,,,,,,,,,,,,0.08,1.15,5.83,,,8.21,
,"Fri, Feb 27",11:00 ,Queso Unt. Finlandia Light,5,Lácteo,50 gr,5 gr,3 gr,7 gr,0 gr,95 kcal,,,,,,,,,,,,,,,,,,,,,,,,,,,,0.07,0.22,2.13,0.29,0.51,4.11,
,"Fri, Feb 27",11:00 ,"Aceite de oliva El Gran Juicio (EV, 1 cda sop)",0.1,Grano,1 gr,0 gr,0 gr,1 gr,0 gr,11 kcal,,,,,,,,,,,,,,,,,,,,,,,,,,,,0.01,0.12,0.90,,,1.20,
,"Fri, Feb 27",11:00 ,Huevo,1,Proteína,65 gr,8 gr,0 gr,8 gr,0 gr,101 kcal,,,,,,,,,,,,,,,,,,,,,,,,,,,,0.15,1.23,2.91,,,7.67,
,"Fri, Feb 27",11:00 ,Tomate,0.2,Verdura,50 gr,0 gr,2 gr,0 gr,1 gr,9 kcal,,,,,,,,,,,,,,,,,,,,,,,,,,,,,,,,,,
,"Fri, Feb 27",11:15 ,Te,1,Infusión,0 gr,0 gr,0 gr,0 gr,0 gr,0 kcal,00:15,,,,,,,,,,,,,,,,,,,,,,,,,,,,,,,,,
,"Fri, Feb 27",11:15 ,Miel (1 cda),1,Carb,10 gr,0 gr,7 gr,0 gr,0 gr,28 kcal,,,,,,,,,,,,,,,,,,,,,,,,,,,,,,,,,,
,"Fri, Feb 27",11:15 ,"Leche, Protein",0.5,Lácteo,50 gr,2 gr,2 gr,0 gr,0 gr,19 kcal,,,,,,,,,,,,,,,,,,,,,,,,,,,,,,,,,,
,"Fri, Feb 27",11:15 ,Vainillas Bimbo,2,Carb,24 gr,2 gr,18 gr,1 gr,0 gr,90 kcal,,,,,,,,,,,,,,,,,,,,,,,,,,,,,,,,,,
,"Fri, Feb 27",13:30 ,Pollo (1 pechuga),0.75,Proteína,225 gr,64 gr,0 gr,7 gr,0 gr,340 kcal,02:15,,,,,,,,,,,,,,,,,,,,,,,,,,,0.07,1.44,2.88,,,7.20,
,"Fri, Feb 27",13:30 ,"Ensalada (lechuga, repollo b+m, zanahoria)",0.8,Verdura,96 gr,1 gr,4 gr,0 gr,2 gr,24 kcal,,,,,,,,,,,,,,,,,,,,,,,,,,,,,,,,,,
,"Fri, Feb 27",13:30 ,Tomate,1.2,Verdura,300 gr,3 gr,12 gr,1 gr,4 gr,54 kcal,,,,,,,,,,,,,,,,,,,,,,,,,,,,,,,,,,
,"Fri, Feb 27",13:30 ,"Aceite de oliva El Gran Juicio (EV, 1 cda sop)",0.25,Grano,3 gr,0 gr,0 gr,3 gr,0 gr,27 kcal,,,,,,,,,,,,,,,,,,,,,,,,,,,,0.03,0.30,2.25,,,3.00,
,"Fri, Feb 27",13:30 ,Palta,0.15,Fruta,24 gr,0 gr,2 gr,4 gr,2 gr,38 kcal,,,,,,,,,,,,,,,,,,,,,,,,,,,,0.04,0.49,2.50,,,3.52,
,"Fri, Feb 27",13:30 ,Queso Unt. Finlandia Light,2,Lácteo,20 gr,2 gr,1 gr,3 gr,0 gr,38 kcal,,,,,,,,,,,,,,,,,,,,,,,,,,,,0.03,0.09,0.85,0.12,0.21,1.64,
,"Fri, Feb 27",15:00 ,Café,1,Infusión,0 gr,0 gr,0 gr,0 gr,0 gr,0 kcal,01:30,,,,,,,,,,,,,,,,,,,,,,,,,,,,,,,,,
,"Fri, Feb 27",15:00 ,Miel (1 cda),1,Carb,10 gr,0 gr,7 gr,0 gr,0 gr,28 kcal,,,,,,,,,,,,,,,,,,,,,,,,,,,,,,,,,,
,"Fri, Feb 27",15:00 ,"Leche, Protein",0.8,Lácteo,80 gr,4 gr,4 gr,0 gr,0 gr,30 kcal,,,,,,,,,,,,,,,,,,,,,,,,,,,,,,,,,,
,"Fri, Feb 27",15:00 ,"Chocolate, Águila (1 barrita)",0.5,Carb,8 gr,0 gr,5 gr,2 gr,0 gr,35 kcal,,,,,,,,,,,,,,,,,,,,,,,,,,,,,0.05,0.59,,,1.80,
,"Fri, Feb 27",15:00 ,"Crudda peanut caramel, barra proteica",1,Procesado,40 gr,9 gr,7 gr,6 gr,7 gr,117 kcal,,,,,,,,,,,,,,,,,,,,,,,,,,,,,,,,,,
,"Fri, Feb 27",15:00 ,Vainillas Bimbo,2,Carb,24 gr,2 gr,18 gr,1 gr,0 gr,90 kcal,,,,,,,,,,,,,,,,,,,,,,,,,,,,,,,,,,
,"Fri, Feb 27",21:30 ,Atún (1 lata),1,Proteína,120 gr,31 gr,0 gr,1 gr,0 gr,139 kcal,06:30,,,,,,,,,,,,,,,,,,,,,,,,,,,0.14,0.02,0.08,,,0.98,
,"Fri, Feb 27",21:30 ,Palta,0.13,Fruta,21 gr,0 gr,2 gr,3 gr,1 gr,33 kcal,,,,,,,,,,,,,,,,,,,,,,,,,,,,0.03,0.43,2.16,,,3.05,
,"Fri, Feb 27",21:30 ,Queso Unt. Finlandia Light,0.3,Lácteo,3 gr,0 gr,0 gr,0 gr,0 gr,6 kcal,,,,,,,,,,,,,,,,,,,,,,,,,,,,0.00,0.01,0.13,0.02,0.03,0.25,
,"Fri, Feb 27",21:30 ,"Ensalada (lechuga, repollo b+m, zanahoria)",0.21,Verdura,25 gr,0 gr,1 gr,0 gr,0 gr,6 kcal,,,,,,,,,,,,,,,,,,,,,,,,,,,,,,,,,,
,"Fri, Feb 27",21:30 ,Pan Integral D&D,2,Grano,50 gr,4 gr,24 gr,1 gr,3 gr,116 kcal,,,,,,,,,,,,,,,,,,,,,,,,,,,,,,,,,,
,"Fri, Feb 27",21:30 ,"Aceite de oliva El Gran Juicio (EV, 1 cda sop)",0.1,Grano,1 gr,0 gr,0 gr,1 gr,0 gr,11 kcal,,,,,,,,,,,,,,,,,,,,,,,,,,,,0.01,0.12,0.90,,,1.20,
,"Fri, Feb 27",22:00 ,Banana,0.94,Fruta,141 gr,1 gr,32 gr,0 gr,4 gr,125 kcal,00:30,,,,,,,,,,,,,,,,,,,,,,,,,,,,,,,,,
,"Fri, Feb 27",22:00 ,"Leche, Protein",1.2,Lácteo,120 gr,6 gr,6 gr,0 gr,0 gr,44 kcal,,,,,,,,,,,,,,,,,,,,,,,,,,,,,,,,,,
,"Fri, Feb 27",22:00 ,Creatina Monohidrato,0.5,Complemento,0 gr,0 gr,0 gr,0 gr,0 gr,0 kcal,,,,,,149 gr,184 gr,61 gr,29 gr,"1,860 kcal",1667 gr,,115 gr,100 gr,124 gr,35 gr,2000 kcal,1 gr,6 gr,24 gr,0 gr,1 gr,44 gr,0 gr,30 gr,45 gr,1:6,,,,,,,
1,"Sat, Feb 28",9:20 ,Café,1,Infusión,0 gr,0 gr,0 gr,0 gr,0 gr,0 kcal,11:20,,,,,,,,,,,,,,,,,,,,,,,,,,,,,,,,,
,"Sat, Feb 28",9:20 ,Miel (1 cda),1,Carb,10 gr,0 gr,7 gr,0 gr,0 gr,28 kcal,,,,,,,,,,,,,,,,,,,,,,,,,,,,,,,,,,
,"Sat, Feb 28",9:20 ,Medialuna de Manteca,2,Carb,70 gr,4 gr,28 gr,15 gr,1 gr,258 kcal,,,,,,,,,,,,,,,,,,,,,,,,,,,,0.15,0.29,3.65,0.58,1.17,12.85,
,"Sat, Feb 28",9:20 ,Almendra (1),2,Fruto Seco,14 gr,3 gr,1 gr,7 gr,2 gr,81 kcal,,,,,,,,,,,,,,,,,,,,,,,,,,,,,1.35,5.47,,,7.49,
,"Sat, Feb 28",9:20 ,Castaña de Cajú,4,Fruto Seco,32 gr,6 gr,10 gr,14 gr,1 gr,177 kcal,,,,,,,,,,,,,,,,,,,,,,,,,,,,,2.39,8.45,,,14.08,
,"Sat, Feb 28",9:20 ,Huevo,1,Proteína,65 gr,8 gr,0 gr,8 gr,0 gr,101 kcal,,,,,,,,,,,,,,,,,,,,,,,,,,,,0.15,1.23,2.91,,,7.67,
,"Sat, Feb 28",9:20 ,"Aceite de oliva El Gran Juicio (EV, 1 cda sop)",0.1,Grano,1 gr,0 gr,0 gr,1 gr,0 gr,11 kcal,,,,,,,,,,,,,,,,,,,,,,,,,,,,0.01,0.12,0.90,,,1.20,
,"Sat, Feb 28",13:50 ,Arroz Integral,0.6,Grano,42 gr,1 gr,10 gr,0 gr,1 gr,46 kcal,04:30,,,,,,,,,,,,,,,,,,,,,,,,,,,,,,,,,
,"Sat, Feb 28",13:50 ,Lentejas,0.5,Carb,75 gr,5 gr,12 gr,1 gr,4 gr,70 kcal,,,,,,,,,,,,,,,,,,,,,,,,,,,,,,,,,,
,"Sat, Feb 28",13:50 ,Pollo (1 pechuga),0.3,Proteína,90 gr,26 gr,0 gr,3 gr,0 gr,136 kcal,,,,,,,,,,,,,,,,,,,,,,,,,,,,0.03,0.58,1.15,,,2.88,
,"Sat, Feb 28",13:50 ,Pan Integral D&D,2,Grano,50 gr,4 gr,24 gr,1 gr,3 gr,116 kcal,,,,,,,,,,,,,,,,,,,,,,,,,,,,,,,,,,
,"Sat, Feb 28",13:50 ,Queso Unt. Finlandia Light,1,Lácteo,10 gr,1 gr,1 gr,1 gr,0 gr,19 kcal,,,,,,,,,,,,,,,,,,,,,,,,,,,,0.01,0.04,0.43,0.06,0.10,0.82,
,"Sat, Feb 28",14:50 ,Banana,0.9,Fruta,135 gr,1 gr,31 gr,0 gr,4 gr,120 kcal,01:00,,,,,,,,,,,,,,,,,,,,,,,,,,,,,,,,,
,"Sat, Feb 28",14:50 ,"Leche, Protein",1.2,Lácteo,120 gr,6 gr,6 gr,0 gr,0 gr,44 kcal,,,,,,,,,,,,,,,,,,,,,,,,,,,,,,,,,,
,"Sat, Feb 28",14:50 ,Creatina Monohidrato,0.5,Complemento,0 gr,0 gr,0 gr,0 gr,0 gr,0 kcal,,,,,,,,,,,,,,,,,,,,,,,,,,,,,,,,,,
,"Sat, Feb 28",18:30 ,Café,1,Infusión,0 gr,0 gr,0 gr,0 gr,0 gr,0 kcal,03:40,,,,,,,,,,,,,,,,,,,,,,,,,,,,,,,,,
,"Sat, Feb 28",18:30 ,Miel (1 cda),1.4,Carb,14 gr,0 gr,10 gr,0 gr,0 gr,39 kcal,,,,,,,,,,,,,,,,,,,,,,,,,,,,,,,,,,
,"Sat, Feb 28",18:30 ,"Nesquik, cacao en polvo",0.2,Procesado,3 gr,0 gr,2 gr,0 gr,0 gr,10 kcal,,,,,,,,,,,,,,,,,,,,,,,,,,,,,,,,,,
,"Sat, Feb 28",18:30 ,"Leche, Protein",0.8,Lácteo,80 gr,4 gr,4 gr,0 gr,0 gr,30 kcal,,,,,,,,,,,,,,,,,,,,,,,,,,,,,,,,,,
,"Sat, Feb 28",18:30 ,"Crudda peanut caramel, barra proteica",1,Procesado,40 gr,9 gr,7 gr,6 gr,7 gr,117 kcal,,,,,,,,,,,,,,,,,,,,,,,,,,,,,,,,,,
,"Sat, Feb 28",22:20 ,Zanahoria,0.5,Verdura,100 gr,1 gr,10 gr,0 gr,3 gr,41 kcal,03:50,,,,,,,,,,,,,,,,,,,,,,,,,,,,,,,,,
,"Sat, Feb 28",22:20 ,Zucchini,0.35,Verdura,105 gr,1 gr,4 gr,0 gr,1 gr,18 kcal,,,,,,,,,,,,,,,,,,,,,,,,,,,,,,,,,,
,"Sat, Feb 28",22:20 ,Huevo,2,Proteína,130 gr,16 gr,0 gr,15 gr,0 gr,203 kcal,,,,,,,,,,,,,,,,,,,,,,,,,,,,0.31,2.45,5.83,,,15.34,
,"Sat, Feb 28",22:20 ,Atún (1 lata),1,Proteína,120 gr,31 gr,0 gr,1 gr,0 gr,139 kcal,,,,,,,,,,,,,,,,,,,,,,,,,,,,0.14,0.02,0.08,,,0.98,
,"Sat, Feb 28",22:20 ,Pan Integral D&D,2,Grano,50 gr,4 gr,24 gr,1 gr,3 gr,116 kcal,,,,,,,,,,,,,,,,,,,,,,,,,,,,,,,,,,
,"Sat, Feb 28",22:20 ,Queso Unt. Finlandia Light,1,Lácteo,10 gr,1 gr,1 gr,1 gr,0 gr,19 kcal,,,,,,,,,,,,,,,,,,,,,,,,,,,,0.01,0.04,0.43,0.06,0.10,0.82,
,"Sat, Feb 28",22:20 ,"Aceite de oliva El Gran Juicio (EV, 1 cda sop)",0.5,Grano,6 gr,0 gr,0 gr,6 gr,0 gr,54 kcal,,,,,,,,,,,,,,,,,,,,,,,,,,,,0.06,0.60,4.50,,,6.00,
,"Sat, Feb 28",22:20 ,Tomate,0.5,Verdura,125 gr,1 gr,5 gr,0 gr,2 gr,23 kcal,,,,,,,,,,,,,,,,,,,,,,,,,,,,,,,,,,
,"Sat, Feb 28",23:00 ,Te,1,Infusión,0 gr,0 gr,0 gr,0 gr,0 gr,0 kcal,00:40,,,,,,,,,,,,,,,,,,,,,,,,,,,,,,,,,
,"Sat, Feb 28",23:00 ,Miel (1 cda),1,Carb,10 gr,0 gr,7 gr,0 gr,0 gr,28 kcal,,,,,,,,,,,,,,,,,,,,,,,,,,,,,,,,,,
,"Sat, Feb 28",23:00 ,"Leche, Protein",0.4,Lácteo,40 gr,2 gr,2 gr,0 gr,0 gr,15 kcal,,,,,,,,,,,,,,,,,,,,,,,,,,,,,,,,,,
,"Sat, Feb 28",23:00 ,Vainillas Bimbo,2,Carb,24 gr,2 gr,18 gr,1 gr,0 gr,90 kcal,,,,,,134 gr,221 gr,85 gr,29 gr,"2,148 kcal",1571 gr,,115 gr,100 gr,124 gr,35 gr,2000 kcal,1 gr,9 gr,34 gr,1 gr,1 gr,70 gr,0 gr,44 gr,72 gr,1:9,,,,,,,
1,"Sun, Mar 1",11:40 ,Pan Rústico D&D,2,Grano,50 gr,3 gr,25 gr,1 gr,1 gr,125 kcal,12:40,,,,,,,,,,,,,,,,,,,,,,,,,,,,,,,,,
,"Sun, Mar 1",11:40 ,Palta,0.15,Fruta,24 gr,0 gr,2 gr,4 gr,2 gr,38 kcal,,,,,,,,,,,,,,,,,,,,,,,,,,,,0.04,0.49,2.50,,,3.52,
,"Sun, Mar 1",11:40 ,Queso Unt. Finlandia Light,0.2,Lácteo,2 gr,0 gr,0 gr,0 gr,0 gr,4 kcal,,,,,,,,,,,,,,,,,,,,,,,,,,,,0.00,0.01,0.09,0.01,0.02,0.16,
,"Sun, Mar 1",11:40 ,Almendra (1),0.3,Fruto Seco,2 gr,0 gr,0 gr,1 gr,0 gr,12 kcal,,,,,,,,,,,,,,,,,,,,,,,,,,,,,0.20,0.82,,,1.12,
,"Sun, Mar 1",11:40 ,Castaña de Cajú,0.4,Fruto Seco,3 gr,1 gr,1 gr,1 gr,0 gr,18 kcal,,,,,,,,,,,,,,,,,,,,,,,,,,,,,0.24,0.84,,,1.41,
,"Sun, Mar 1",11:40 ,Nuez (1),1.2,Fruto Seco,5 gr,1 gr,1 gr,3 gr,0 gr,32 kcal,,,,,,,,,,,,,,,,,,,,,,,,,,,,0.31,1.56,0.67,,,3.06,
,"Sun, Mar 1",11:40 ,Huevo,1,Proteína,65 gr,8 gr,0 gr,8 gr,0 gr,101 kcal,,,,,,,,,,,,,,,,,,,,,,,,,,,,0.15,1.23,2.91,,,7.67,
,"Sun, Mar 1",11:40 ,"Aceite de oliva El Gran Juicio (EV, 1 cda sop)",0.1,Grano,1 gr,0 gr,0 gr,1 gr,0 gr,11 kcal,,,,,,,,,,,,,,,,,,,,,,,,,,,,0.01,0.12,0.90,,,1.20,
,"Sun, Mar 1",12:00 ,Yogurt Yogurisimo Descremado,1,Lácteo,190 gr,8 gr,11 gr,0 gr,0 gr,77 kcal,00:20,,,,,,,,,,,,,,,,,,,,,,,,,,,,,,,,,
,"Sun, Mar 1",12:00 ,Avena Granix Instnatánea (2 cdas),1.4,Grano,42 gr,5 gr,25 gr,3 gr,4 gr,149 kcal,,,,,,,,,,,,,,,,,,,,,,,,,,,,,,,,,,
,"Sun, Mar 1",12:00 ,Maní,0.9,Fruto Seco,14 gr,3 gr,1 gr,7 gr,1 gr,78 kcal,,,,,,,,,,,,,,,,,,,,,,,,,,,,,2.25,3.24,,,6.62,
,"Sun, Mar 1",14:00 ,Arroz Integral,0.6,Grano,42 gr,1 gr,10 gr,0 gr,1 gr,46 kcal,02:00,,,,,,,,,,,,,,,,,,,,,,,,,,,,,,,,,
,"Sun, Mar 1",14:00 ,Cebolla,0.6,Verdura,84 gr,1 gr,8 gr,0 gr,1 gr,35 kcal,,,,,,,,,,,,,,,,,,,,,,,,,,,,,,,,,,
,"Sun, Mar 1",14:00 ,Ají,0.6,Verdura,30 gr,0 gr,1 gr,0 gr,0 gr,5 kcal,,,,,,,,,,,,,,,,,,,,,,,,,,,,,,,,,,
,"Sun, Mar 1",14:00 ,Atún (1 lata),1,Proteína,120 gr,31 gr,0 gr,1 gr,0 gr,139 kcal,,,,,,,,,,,,,,,,,,,,,,,,,,,,0.14,0.02,0.08,,,0.98,
,"Sun, Mar 1",14:00 ,Jardinera,0.6,Carb,117 gr,5 gr,15 gr,0 gr,4 gr,81 kcal,,,,,,,,,,,,,,,,,,,,,,,,,,,,,,,,,,
,"Sun, Mar 1",14:00 ,Pan 12 Cereales y Smillas Oroweat,2,Grano,73 gr,8 gr,29 gr,4 gr,6 gr,198 kcal,,,,,,,,,,,,,,,,,,,,,,,,,,,,,,,,,,
,"Sun, Mar 1",14:00 ,Queso Unt. Finlandia Light,3,Lácteo,30 gr,3 gr,2 gr,4 gr,0 gr,57 kcal,,,,,,,,,,,,,,,,,,,,,,,,,,,,0.04,0.13,1.28,0.18,0.31,2.46,
,"Sun, Mar 1",14:00 ,Aceite de girasol (1 cda sop),0.8,Grano,10 gr,0 gr,0 gr,10 gr,0 gr,86 kcal,,,,,,,,,,,,,,,,,,,,,,,,,,,,,6.53,1.92,,,9.60,
,"Sun, Mar 1",15:40 ,Banana,0.8,Fruta,120 gr,1 gr,28 gr,0 gr,3 gr,107 kcal,01:40,,,,,,,,,,,,,,,,,,,,,,,,,,,,,,,,,
,"Sun, Mar 1",15:40 ,"Leche, Protein",1.2,Lácteo,120 gr,6 gr,6 gr,0 gr,0 gr,44 kcal,,,,,,,,,,,,,,,,,,,,,,,,,,,,,,,,,,
,"Sun, Mar 1",15:40 ,Creatina Monohidrato,0.5,Complemento,0 gr,0 gr,0 gr,0 gr,0 gr,0 kcal,,,,,,,,,,,,,,,,,,,,,,,,,,,,,,,,,,
,"Sun, Mar 1",21:45 ,Pan Integral D&D,2,Grano,50 gr,4 gr,24 gr,1 gr,3 gr,116 kcal,06:05,,,,,,,,,,,,,,,,,,,,,,,,,,,,,,,,,
,"Sun, Mar 1",21:45 ,Palta,0.4,Fruta,64 gr,1 gr,5 gr,9 gr,4 gr,102 kcal,,,,,,,,,,,,,,,,,,,,,,,,,,,,0.09,1.31,6.66,,,9.38,
,"Sun, Mar 1",21:45 ,Queso Unt. Finlandia Light,5,Lácteo,50 gr,5 gr,3 gr,7 gr,0 gr,95 kcal,,,,,,,,,,,,,,,,,,,,,,,,,,,,0.07,0.22,2.13,0.29,0.51,4.11,
,"Sun, Mar 1",21:45 ,Huevo,1,Proteína,65 gr,8 gr,0 gr,8 gr,0 gr,101 kcal,,,,,,,,,,,,,,,,,,,,,,,,,,,,0.15,1.23,2.91,,,7.67,
,"Sun, Mar 1",21:45 ,Tomate,0.35,Verdura,88 gr,1 gr,3 gr,0 gr,1 gr,16 kcal,,,,,,,,,,,,,,,,,,,,,,,,,,,,,,,,,,
,"Sun, Mar 1",21:45 ,Atún (1 lata),1,Proteína,120 gr,31 gr,0 gr,1 gr,0 gr,139 kcal,,,,,,,,,,,,,,,,,,,,,,,,,,,,0.14,0.02,0.08,,,0.98,
,"Sun, Mar 1",22:10 ,Te,1,Infusión,0 gr,0 gr,0 gr,0 gr,0 gr,0 kcal,00:25,,,,,,,,,,,,,,,,,,,,,,,,,,,,,,,,,
,"Sun, Mar 1",22:10 ,Miel (1 cda),1,Carb,10 gr,0 gr,7 gr,0 gr,0 gr,28 kcal,,,,,,,,,,,,,,,,,,,,,,,,,,,,,,,,,,
,"Sun, Mar 1",22:10 ,"Not protein bar, chocolate brownie",1,Procesado,45 gr,15 gr,14 gr,6 gr,6 gr,164 kcal,,,,,,150 gr,221 gr,81 gr,38 gr,"2,206 kcal",1635 gr,,115 gr,100 gr,124 gr,35 gr,2000 kcal,1 gr,16 gr,27 gr,0 gr,1 gr,60 gr,0 gr,44 gr,61 gr,1:16,,,,,,,
1,"Mon, Mar 2",10:15 ,Pan Multicereal D&D,2,Grano,50 gr,4 gr,24 gr,2 gr,3 gr,300 kcal,12:05,,,,,,,,,,,,,,,,,,,,,,,,,,,,,,,,,
,"Mon, Mar 2",10:15 ,Huevo,1,Proteína,65 gr,8 gr,0 gr,8 gr,0 gr,101 kcal,,,,,,,,,,,,,,,,,,,,,,,,,,,,0.15,1.23,2.91,,,7.67,
,"Mon, Mar 2",10:15 ,Queso Unt. Finlandia Light,2,Lácteo,20 gr,2 gr,1 gr,3 gr,0 gr,38 kcal,,,,,,,,,,,,,,,,,,,,,,,,,,,,0.03,0.09,0.85,0.12,0.21,1.64,
,"Mon, Mar 2",10:15 ,"Aceite de oliva El Gran Juicio (EV, 1 cda sop)",0.1,Grano,1 gr,0 gr,0 gr,1 gr,0 gr,11 kcal,,,,,,,,,,,,,,,,,,,,,,,,,,,,0.01,0.12,0.90,,,1.20,
,"Mon, Mar 2",10:25 ,Te,1,Infusión,0 gr,0 gr,0 gr,0 gr,0 gr,0 kcal,00:10,,,,,,,,,,,,,,,,,,,,,,,,,,,,,,,,,
,"Mon, Mar 2",10:25 ,Miel (1 cda),1,Carb,10 gr,0 gr,7 gr,0 gr,0 gr,28 kcal,,,,,,,,,,,,,,,,,,,,,,,,,,,,,,,,,,
,"Mon, Mar 2",10:25 ,"Leche, Protein",0.4,Lácteo,40 gr,2 gr,2 gr,0 gr,0 gr,15 kcal,,,,,,,,,,,,,,,,,,,,,,,,,,,,,,,,,,
,"Mon, Mar 2",10:25 ,Vainillas Bimbo,3,Carb,36 gr,2 gr,26 gr,2 gr,0 gr,134 kcal,,,,,,,,,,,,,,,,,,,,,,,,,,,,,,,,,,
,"Mon, Mar 2",13:45 ,Tallarines Terrabusi,0.8,Grano,64 gr,6 gr,46 gr,1 gr,2 gr,214 kcal,03:20,,,,,,,,,,,,,,,,,,,,,,,,,,,,,,,,,
,"Mon, Mar 2",13:45 ,Jardinera,0.55,Carb,107 gr,4 gr,14 gr,0 gr,4 gr,74 kcal,,,,,,,,,,,,,,,,,,,,,,,,,,,,,,,,,,
,"Mon, Mar 2",13:45 ,Cebolla,0.8,Verdura,112 gr,1 gr,11 gr,0 gr,2 gr,47 kcal,,,,,,,,,,,,,,,,,,,,,,,,,,,,,,,,,,
,"Mon, Mar 2",13:45 ,Ají,1.5,Verdura,75 gr,1 gr,3 gr,0 gr,1 gr,14 kcal,,,,,,,,,,,,,,,,,,,,,,,,,,,,,,,,,,
,"Mon, Mar 2",13:45 ,Pan Multicereal D&D,3.2,Grano,80 gr,6 gr,38 gr,3 gr,4 gr,480 kcal,,,,,,,,,,,,,,,,,,,,,,,,,,,,,,,,,,
,"Mon, Mar 2",13:45 ,Queso Unt. Finlandia Light,2.2,Lácteo,22 gr,2 gr,1 gr,3 gr,0 gr,42 kcal,,,,,,,,,,,,,,,,,,,,,,,,,,,,0.03,0.10,0.94,0.13,0.23,1.81,
,"Mon, Mar 2",13:45 ,"Aceite de oliva El Gran Juicio (EV, 1 cda sop)",0.1,Grano,1 gr,0 gr,0 gr,1 gr,0 gr,11 kcal,,,,,,,,,,,,,,,,,,,,,,,,,,,,0.01,0.12,0.90,,,1.20,
,"Mon, Mar 2",14:05 ,"Chocolate, Águila (1 barrita)",0.5,Carb,8 gr,0 gr,5 gr,2 gr,0 gr,35 kcal,00:20,,,,,,,,,,,,,,,,,,,,,,,,,,,,0.05,0.59,,,1.80,
,"Mon, Mar 2",16:45 ,Café,1,Infusión,0 gr,0 gr,0 gr,0 gr,0 gr,0 kcal,02:40,,,,,,,,,,,,,,,,,,,,,,,,,,,,,,,,,
,"Mon, Mar 2",16:45 ,Miel (1 cda),1,Carb,10 gr,0 gr,7 gr,0 gr,0 gr,28 kcal,,,,,,,,,,,,,,,,,,,,,,,,,,,,,,,,,,
,"Mon, Mar 2",16:45 ,"Not protein bar, chocolate brownie",1,Procesado,45 gr,15 gr,14 gr,6 gr,6 gr,164 kcal,,,,,,,,,,,,,,,,,,,,,,,,,,,,,,,,,,
,"Mon, Mar 2",16:45 ,Nuez (1),1,Fruto Seco,4 gr,1 gr,0 gr,3 gr,0 gr,27 kcal,,,,,,,,,,,,,,,,,,,,,,,,,,,,0.26,1.30,0.56,,,2.55,
,"Mon, Mar 2",16:45 ,Almendras con Chocolate (1),2,Carb,6 gr,1 gr,3 gr,2 gr,0 gr,34 kcal,,,,,,,,,,,,,,,,,,,,,,,,,,,,,0.41,1.64,,,2.25,
,"Mon, Mar 2",16:45 ,Castaña de Cajú,0.5,Fruto Seco,4 gr,1 gr,1 gr,2 gr,0 gr,22 kcal,,,,,,,,,,,,,,,,,,,,,,,,,,,,,0.30,1.06,,,1.76,
,"Mon, Mar 2",21:30 ,"Vaca, Ojo de Bife",2,Proteína,200 gr,38 gr,0 gr,38 gr,0 gr,520 kcal,04:45,,,,,,,,,,,,,,,,,,,,,,,,,,,0.38,1.52,15.96,,,19.00,
,"Mon, Mar 2",21:30 ,Cebolla,0.4,Verdura,56 gr,1 gr,6 gr,0 gr,1 gr,24 kcal,,,,,,,,,,,,,,,,,,,,,,,,,,,,,,,,,,
,"Mon, Mar 2",21:30 ,Zucchini,0.15,Verdura,45 gr,1 gr,2 gr,0 gr,1 gr,8 kcal,,,,,,,,,,,,,,,,,,,,,,,,,,,,,,,,,,
,"Mon, Mar 2",21:30 ,Zanahoria,0.35,Verdura,70 gr,1 gr,7 gr,0 gr,2 gr,29 kcal,,,,,,,,,,,,,,,,,,,,,,,,,,,,,,,,,,
,"Mon, Mar 2",21:30 ,Pan Multicereal D&D,2,Grano,50 gr,4 gr,24 gr,2 gr,3 gr,300 kcal,,,,,,,,,,,,,,,,,,,,,,,,,,,,,,,,,,
,"Mon, Mar 2",21:30 ,Queso Unt. La Serenisima Clásico Balance,2,Lácteo,20 gr,1 gr,1 gr,2 gr,0 gr,30 kcal,,,,,,,,,,,,,,,,,,,,,,,,,,,,0.02,0.06,0.62,0.09,0.15,1.19,
,"Mon, Mar 2",23:00 ,Banana,0.95,Fruta,143 gr,1 gr,33 gr,0 gr,4 gr,127 kcal,01:30,,,,,,,,,,,,,,,,,,,,,,,,,,,,,,,,,
,"Mon, Mar 2",23:00 ,"Leche, Protein",1.2,Lácteo,120 gr,6 gr,6 gr,0 gr,0 gr,44 kcal,,,,,,,,,,,,,,,,,,,,,,,,,,,,,,,,,,
,"Mon, Mar 2",23:00 ,Creatina Monohidrato,0.5,Complemento,0 gr,0 gr,0 gr,0 gr,0 gr,0 kcal,,,,,,109 gr,281 gr,79 gr,31 gr,"2,899 kcal",1464 gr,,115 gr,100 gr,124 gr,35 gr,2000 kcal,1 gr,5 gr,27 gr,0 gr,1 gr,42 gr,0 gr,33 gr,43 gr,1:5,,,,,,,
1,"Tue, Mar 3",11:15 ,Pan Multicereal D&D,2,Grano,50 gr,4 gr,24 gr,2 gr,3 gr,300 kcal,12:15,,,,,,,,,,,,,,,,,,,,,,,,,,,,,,,,,
,"Tue, Mar 3",11:15 ,Palta,0.65,Fruta,104 gr,2 gr,9 gr,15 gr,7 gr,166 kcal,,,,,,,,,,,,,,,,,,,,,,,,,,,,0.15,2.13,10.82,,,15.25,
,"Tue, Mar 3",11:15 ,Queso Unt. La Serenisima Clásico Balance,10,Lácteo,100 gr,7 gr,7 gr,11 gr,0 gr,150 kcal,,,,,,,,,,,,,,,,,,,,,,,,,,,,0.11,0.32,3.09,0.43,0.75,5.97,
,"Tue, Mar 3",11:15 ,"Aceite de oliva El Gran Juicio (EV, 1 cda sop)",0.1,Grano,1 gr,0 gr,0 gr,1 gr,0 gr,11 kcal,,,,,,,,,,,,,,,,,,,,,,,,,,,,0.01,0.12,0.90,,,1.20,
,"Tue, Mar 3",11:15 ,Huevo,1,Proteína,65 gr,8 gr,0 gr,8 gr,0 gr,101 kcal,,,,,,,,,,,,,,,,,,,,,,,,,,,,0.15,1.23,2.91,,,7.67,
,"Tue, Mar 3",11:35 ,Te,1,Infusión,0 gr,0 gr,0 gr,0 gr,0 gr,0 kcal,00:20,,,,,,,,,,,,,,,,,,,,,,,,,,,,,,,,,
,"Tue, Mar 3",11:35 ,Miel (1 cda),1,Carb,10 gr,0 gr,7 gr,0 gr,0 gr,28 kcal,,,,,,,,,,,,,,,,,,,,,,,,,,,,,,,,,,
,"Tue, Mar 3",11:35 ,Nuez (1),1.2,Fruto Seco,5 gr,1 gr,1 gr,3 gr,0 gr,32 kcal,,,,,,,,,,,,,,,,,,,,,,,,,,,,0.31,1.56,0.67,,,3.06,
,"Tue, Mar 3",11:35 ,Almendra (1),0.65,Fruto Seco,5 gr,1 gr,0 gr,2 gr,1 gr,26 kcal,,,,,,,,,,,,,,,,,,,,,,,,,,,,,0.44,1.78,,,2.43,
,"Tue, Mar 3",11:35 ,Castaña de Cajú,0.6,Fruto Seco,5 gr,1 gr,1 gr,2 gr,0 gr,27 kcal,,,,,,,,,,,,,,,,,,,,,,,,,,,,,0.36,1.27,,,2.11,
,"Tue, Mar 3",11:35 ,"Chocolate, Águila (1 barrita)",0.5,Carb,8 gr,0 gr,5 gr,2 gr,0 gr,35 kcal,,,,,,,,,,,,,,,,,,,,,,,,,,,,,0.05,0.59,,,1.80,
,"Tue, Mar 3",11:35 ,"Not protein bar, crunchy, choco maní",0.6,Procesado,21 gr,5 gr,10 gr,3 gr,4 gr,85 kcal,,,,,,,,,,,,,,,,,,,,,,,,,,,,,,,,,,
,"Tue, Mar 3",14:25 ,Fideos Luccheti dedalitos,0.5,Grano,40 gr,4 gr,28 gr,0 gr,1 gr,131 kcal,02:50,,,,,,,,,,,,,,,,,,,,,,,,,,,,,,,,,
,"Tue, Mar 3",14:25 ,Pollo (1 pechuga),0.45,Proteína,135 gr,38 gr,0 gr,4 gr,0 gr,204 kcal,,,,,,,,,,,,,,,,,,,,,,,,,,,,0.04,0.86,1.73,,,4.32,
,"Tue, Mar 3",14:25 ,Zanahoria,0.1,Verdura,20 gr,0 gr,2 gr,0 gr,1 gr,8 kcal,,,,,,,,,,,,,,,,,,,,,,,,,,,,,,,,,,
,"Tue, Mar 3",14:25 ,Zucchini,0.1,Verdura,30 gr,0 gr,1 gr,0 gr,0 gr,5 kcal,,,,,,,,,,,,,,,,,,,,,,,,,,,,,,,,,,
,"Tue, Mar 3",14:25 ,Cebolla,0.2,Verdura,28 gr,0 gr,3 gr,0 gr,0 gr,12 kcal,,,,,,,,,,,,,,,,,,,,,,,,,,,,,,,,,,
,"Tue, Mar 3",14:25 ,Pan Integral D&D,2,Grano,50 gr,4 gr,24 gr,1 gr,3 gr,116 kcal,,,,,,,,,,,,,,,,,,,,,,,,,,,,,,,,,,
,"Tue, Mar 3",14:25 ,Queso Unt. La Serenisima Clásico Balance,2,Lácteo,20 gr,1 gr,1 gr,2 gr,0 gr,30 kcal,,,,,,,,,,,,,,,,,,,,,,,,,,,,0.02,0.06,0.62,0.09,0.15,1.19,
,"Tue, Mar 3",15:00 ,Vainillas Bimbo,1,Carb,12 gr,1 gr,9 gr,1 gr,0 gr,45 kcal,00:35,,,,,,,,,,,,,,,,,,,,,,,,,,,,,,,,,
,"Tue, Mar 3",17:15 ,Banana,0.95,Fruta,143 gr,1 gr,33 gr,0 gr,4 gr,127 kcal,02:15,,,,,,,,,,,,,,,,,,,,,,,,,,,,,,,,,
,"Tue, Mar 3",17:15 ,"Leche, Protein",1.6,Lácteo,160 gr,7 gr,7 gr,0 gr,0 gr,59 kcal,,,,,,,,,,,,,,,,,,,,,,,,,,,,,,,,,,
,"Tue, Mar 3",17:15 ,Creatina Monohidrato,0.5,Complemento,0 gr,0 gr,0 gr,0 gr,0 gr,0 kcal,,,,,,,,,,,,,,,,,,,,,,,,,,,,,,,,,,
,"Tue, Mar 3",21:30 ,Pollo (1 pechuga),0.72,Proteína,216 gr,62 gr,0 gr,7 gr,0 gr,326 kcal,04:15,,,,,,,,,,,,,,,,,,,,,,,,,,,0.07,1.38,2.76,,,6.91,
,"Tue, Mar 3",21:30 ,"Ensalada (lechuga, repollo b+m, zanahoria)",1,Verdura,120 gr,2 gr,5 gr,0 gr,2 gr,30 kcal,,,,,,,,,,,,,,,,,,,,,,,,,,,,,,,,,,
,"Tue, Mar 3",21:30 ,Pan Integral D&D,2,Grano,50 gr,4 gr,24 gr,1 gr,3 gr,116 kcal,,,,,,,,,,,,,,,,,,,,,,,,,,,,,,,,,,
,"Tue, Mar 3",21:30 ,Queso Unt. La Serenisima Clásico Balance,2.5,Lácteo,25 gr,2 gr,2 gr,3 gr,0 gr,38 kcal,,,,,,,,,,,,,,,,,,,,,,,,,,,,0.03,0.08,0.77,0.11,0.19,1.49,
,"Tue, Mar 3",21:30 ,"Aceite de oliva El Gran Juicio (EV, 1 cda sop)",2.7,Grano,32 gr,0 gr,0 gr,32 gr,0 gr,292 kcal,,,,,,,,,,,,,,,,,,,,,,,,,,,,0.32,3.24,24.30,,,32.40,
,"Tue, Mar 3",22:20 ,Te,1,Infusión,0 gr,0 gr,0 gr,0 gr,0 gr,0 kcal,00:50,,,,,,,,,,,,,,,,,,,,,,,,,,,,,,,,,
,"Tue, Mar 3",22:20 ,Miel (1 cda),1,Carb,10 gr,0 gr,7 gr,0 gr,0 gr,28 kcal,,,,,,,,,,,,,,,,,,,,,,,,,,,,,,,,,,
,"Tue, Mar 3",22:20 ,Vainillas Bimbo,2,Carb,24 gr,2 gr,18 gr,1 gr,0 gr,90 kcal,,,,,,158 gr,227 gr,103 gr,28 gr,"2,618 kcal",1488 gr,,115 gr,100 gr,124 gr,35 gr,2000 kcal,1 gr,12 gr,52 gr,1 gr,1 gr,86 gr,0 gr,65 gr,88 gr,1:12,,,,,,,
1,"Wed, Mar 4",10:15 ,Te,1,Infusión,0 gr,0 gr,0 gr,0 gr,0 gr,0 kcal,11:55,,,,,,,,,,,,,,,,,,,,,,,,,,,,,,,,,
,"Wed, Mar 4",10:15 ,Miel (1 cda),1,Carb,10 gr,0 gr,7 gr,0 gr,0 gr,28 kcal,,,,,,,,,,,,,,,,,,,,,,,,,,,,,,,,,,
,"Wed, Mar 4",10:15 ,Pan Integral D&D,2,Grano,50 gr,4 gr,24 gr,1 gr,3 gr,116 kcal,,,,,,,,,,,,,,,,,,,,,,,,,,,,,,,,,,
,"Wed, Mar 4",10:15 ,Palta,0.2,Fruta,32 gr,1 gr,3 gr,5 gr,2 gr,51 kcal,,,,,,,,,,,,,,,,,,,,,,,,,,,,0.05,0.66,3.33,,,4.69,
,"Wed, Mar 4",10:15 ,Queso Unt. La Serenisima Clásico Balance,2,Lácteo,20 gr,1 gr,1 gr,2 gr,0 gr,30 kcal,,,,,,,,,,,,,,,,,,,,,,,,,,,,0.02,0.06,0.62,0.09,0.15,1.19,
,"Wed, Mar 4",10:15 ,Huevo,1,Proteína,65 gr,8 gr,0 gr,8 gr,0 gr,101 kcal,,,,,,,,,,,,,,,,,,,,,,,,,,,,0.15,1.23,2.91,,,7.67,
,"Wed, Mar 4",14:05 ,"Vaca, Ojo de Bife",1.25,Proteína,125 gr,24 gr,0 gr,24 gr,0 gr,325 kcal,03:50,,,,,,,,,,,,,,,,,,,,,,,,,,,0.24,0.95,9.98,,,11.88,
,"Wed, Mar 4",14:05 ,"Ensalada (lechuga, repollo b+m, zanahoria)",1,Verdura,120 gr,2 gr,5 gr,0 gr,2 gr,30 kcal,,,,,,,,,,,,,,,,,,,,,,,,,,,,,,,,,,
,"Wed, Mar 4",14:05 ,Palta,0.42,Fruta,67 gr,1 gr,6 gr,10 gr,5 gr,108 kcal,,,,,,,,,,,,,,,,,,,,,,,,,,,,0.10,1.38,6.99,,,9.85,
,"Wed, Mar 4",14:05 ,Queso Unt. La Serenisima Clásico Balance,5,Lácteo,50 gr,4 gr,4 gr,5 gr,0 gr,75 kcal,,,,,,,,,,,,,,,,,,,,,,,,,,,,0.05,0.16,1.55,0.21,0.37,2.99,
,"Wed, Mar 4",14:30 ,"Yogurt, Ser",1,Lácteo,190 gr,9 gr,11 gr,0 gr,0 gr,80 kcal,00:25,,,,,,,,,,,,,,,,,,,,,,,,,,,,,,,,,
,"Wed, Mar 4",14:30 ,Avena Granix Instnatánea (2 cdas),1,Grano,30 gr,4 gr,18 gr,2 gr,3 gr,107 kcal,,,,,,,,,,,,,,,,,,,,,,,,,,,,,,,,,,
,"Wed, Mar 4",14:30 ,Maní,0.4,Fruto Seco,6 gr,2 gr,1 gr,3 gr,0 gr,35 kcal,,,,,,,,,,,,,,,,,,,,,,,,,,,,,1.00,1.44,,,2.94,
,"Wed, Mar 4",14:30 ,Nuez (1),1.25,Fruto Seco,5 gr,1 gr,1 gr,3 gr,0 gr,34 kcal,,,,,,,,,,,,,,,,,,,,,,,,,,,,0.32,1.63,0.70,,,3.19,
,"Wed, Mar 4",16:10 ,Banana,0.95,Fruta,143 gr,1 gr,33 gr,0 gr,4 gr,127 kcal,01:40,,,,,,,,,,,,,,,,,,,,,,,,,,,,,,,,,
,"Wed, Mar 4",16:10 ,"Leche, Protein",1.2,Lácteo,120 gr,6 gr,6 gr,0 gr,0 gr,44 kcal,,,,,,,,,,,,,,,,,,,,,,,,,,,,,,,,,,
,"Wed, Mar 4",16:10 ,Creatina Monohidrato,0.5,Complemento,0 gr,0 gr,0 gr,0 gr,0 gr,0 kcal,,,,,,,,,,,,,,,,,,,,,,,,,,,,,,,,,,
,"Wed, Mar 4",16:10 ,"Not protein bar, crunchy, choco maní",1,Procesado,35 gr,9 gr,17 gr,4 gr,7 gr,142 kcal,,,,,,,,,,,,,,,,,,,,,,,,,,,,,,,,,,
,"Wed, Mar 4",17:50 ,Café,1,Infusión,0 gr,0 gr,0 gr,0 gr,0 gr,0 kcal,01:40,,,,,,,,,,,,,,,,,,,,,,,,,,,,,,,,,
,"Wed, Mar 4",17:50 ,"Leche, Protein",1.5,Lácteo,150 gr,7 gr,7 gr,0 gr,0 gr,56 kcal,,,,,,,,,,,,,,,,,,,,,,,,,,,,,,,,,,
,"Wed, Mar 4",17:50 ,Vainillas Bimbo,3,Carb,36 gr,2 gr,26 gr,2 gr,0 gr,134 kcal,,,,,,,,,,,,,,,,,,,,,,,,,,,,,,,,,,
,"Wed, Mar 4",17:50 ,Miel (1 cda),1,Carb,10 gr,0 gr,7 gr,0 gr,0 gr,28 kcal,,,,,,,,,,,,,,,,,,,,,,,,,,,,,,,,,,
,"Wed, Mar 4",22:30 ,Pollo (1 pechuga),0.65,Proteína,195 gr,56 gr,0 gr,6 gr,0 gr,294 kcal,04:40,,,,,,,,,,,,,,,,,,,,,,,,,,,0.06,1.25,2.50,,,6.24,
,"Wed, Mar 4",22:30 ,"Ensalada (lechuga, repollo b+m, zanahoria)",1,Verdura,120 gr,2 gr,5 gr,0 gr,2 gr,30 kcal,,,,,,,,,,,,,,,,,,,,,,,,,,,,,,,,,,
,"Wed, Mar 4",22:30 ,Queso Unt. La Serenisima Clásico Balance,4,Lácteo,40 gr,3 gr,3 gr,4 gr,0 gr,60 kcal,,,,,,145 gr,182 gr,81 gr,28 gr,"2,035 kcal",1619 gr,,115 gr,100 gr,124 gr,35 gr,2000 kcal,1 gr,8 gr,31 gr,0 gr,1 gr,53 gr,0 gr,41 gr,54 gr,1:8,0.04,0.13,1.24,0.17,0.30,2.39,
1,"Thu, Mar 5",11:45 ,Pan Integral D&D,2,Grano,50 gr,4 gr,24 gr,1 gr,3 gr,116 kcal,13:15,,,,,,,,,,,,,,,,,,,,,,,,,,,,,,,,,
,"Thu, Mar 5",11:45 ,Queso Unt. La Serenisima Clásico Balance,2,Lácteo,20 gr,1 gr,1 gr,2 gr,0 gr,30 kcal,,,,,,,,,,,,,,,,,,,,,,,,,,,,0.02,0.06,0.62,0.09,0.15,1.19,
,"Thu, Mar 5",11:45 ,Huevo,1,Proteína,65 gr,8 gr,0 gr,8 gr,0 gr,101 kcal,,,,,,,,,,,,,,,,,,,,,,,,,,,,0.15,1.23,2.91,,,7.67,
,"Thu, Mar 5",11:45 ,Pollo (1 pechuga),0.24,Proteína,72 gr,21 gr,0 gr,2 gr,0 gr,109 kcal,,,,,,,,,,,,,,,,,,,,,,,,,,,,0.02,0.46,0.92,,,2.30,
,"Thu, Mar 5",11:45 ,Te,1,Infusión,0 gr,0 gr,0 gr,0 gr,0 gr,0 kcal,,,,,,,,,,,,,,,,,,,,,,,,,,,,,,,,,,
,"Thu, Mar 5",11:45 ,"Leche, Protein",0.4,Lácteo,40 gr,2 gr,2 gr,0 gr,0 gr,15 kcal,,,,,,,,,,,,,,,,,,,,,,,,,,,,,,,,,,
,"Thu, Mar 5",11:45 ,Almendra (1),1,Fruto Seco,7 gr,1 gr,0 gr,4 gr,1 gr,40 kcal,,,,,,,,,,,,,,,,,,,,,,,,,,,,,0.67,2.73,,,3.75,
,"Thu, Mar 5",11:45 ,Nuez (1),1,Fruto Seco,4 gr,1 gr,0 gr,3 gr,0 gr,27 kcal,,,,,,,,,,,,,,,,,,,,,,,,,,,,0.26,1.30,0.56,,,2.55,
,"Thu, Mar 5",11:45 ,Maní,0.6,Fruto Seco,9 gr,2 gr,1 gr,4 gr,1 gr,52 kcal,,,,,,,,,,,,,,,,,,,,,,,,,,,,,1.50,2.16,,,4.41,
,"Thu, Mar 5",14:30 ,"Vaca, Ojo de Bife",1.2,Proteína,120 gr,23 gr,0 gr,23 gr,0 gr,312 kcal,02:45,,,,,,,,,,,,,,,,,,,,,,,,,,,0.23,0.91,9.58,,,11.40,
,"Thu, Mar 5",14:30 ,Zucchini,0.6,Verdura,180 gr,2 gr,6 gr,0 gr,2 gr,31 kcal,,,,,,,,,,,,,,,,,,,,,,,,,,,,,,,,,,
,"Thu, Mar 5",14:30 ,Zanahoria,0.65,Verdura,130 gr,1 gr,12 gr,0 gr,4 gr,53 kcal,,,,,,,,,,,,,,,,,,,,,,,,,,,,,,,,,,
,"Thu, Mar 5",14:30 ,Pan Integral D&D,2,Grano,50 gr,4 gr,24 gr,1 gr,3 gr,116 kcal,,,,,,,,,,,,,,,,,,,,,,,,,,,,,,,,,,
,"Thu, Mar 5",14:30 ,Queso Unt. La Serenisima Clásico Balance,2,Lácteo,20 gr,1 gr,1 gr,2 gr,0 gr,30 kcal,,,,,,,,,,,,,,,,,,,,,,,,,,,,0.02,0.06,0.62,0.09,0.15,1.19,
,"Thu, Mar 5",14:30 ,"Aceite de oliva El Gran Juicio (EV, 1 cda sop)",0.1,Grano,1 gr,0 gr,0 gr,1 gr,0 gr,11 kcal,,,,,,,,,,,,,,,,,,,,,,,,,,,,0.01,0.12,0.90,,,1.20,
,"Thu, Mar 5",16:45 ,Banana,0.9,Fruta,135 gr,1 gr,31 gr,0 gr,4 gr,120 kcal,02:15,,,,,,,,,,,,,,,,,,,,,,,,,,,,,,,,,
,"Thu, Mar 5",16:45 ,"Leche, Protein",1.2,Lácteo,120 gr,6 gr,6 gr,0 gr,0 gr,44 kcal,,,,,,,,,,,,,,,,,,,,,,,,,,,,,,,,,,
,"Thu, Mar 5",16:45 ,Creatina Monohidrato,0.5,Complemento,0 gr,0 gr,0 gr,0 gr,0 gr,0 kcal,,,,,,,,,,,,,,,,,,,,,,,,,,,,,,,,,,
,"Thu, Mar 5",18:30 ,"Leche, Protein",0.8,Lácteo,80 gr,4 gr,4 gr,0 gr,0 gr,30 kcal,01:45,,,,,,,,,,,,,,,,,,,,,,,,,,,,,,,,,
,"Thu, Mar 5",18:30 ,"Crudda peanut caramel, barra proteica",1,Procesado,40 gr,9 gr,7 gr,6 gr,7 gr,117 kcal,,,,,,,,,,,,,,,,,,,,,,,,,,,,,,,,,,
,"Thu, Mar 5",18:30 ,Café,1,Infusión,0 gr,0 gr,0 gr,0 gr,0 gr,0 kcal,,,,,,,,,,,,,,,,,,,,,,,,,,,,,,,,,,
,"Thu, Mar 5",19:15 ,"Yogurt, Ser",1,Lácteo,190 gr,9 gr,11 gr,0 gr,0 gr,80 kcal,00:45,,,,,,,,,,,,,,,,,,,,,,,,,,,,,,,,,
,"Thu, Mar 5",19:15 ,Avena Granix Instnatánea (2 cdas),1.4,Grano,42 gr,5 gr,25 gr,3 gr,4 gr,149 kcal,,,,,,,,,,,,,,,,,,,,,,,,,,,,,,,,,,
,"Thu, Mar 5",19:15 ,Vainillas Bimbo,1,Carb,12 gr,1 gr,9 gr,1 gr,0 gr,45 kcal,,,,,,,,,,,,,,,,,,,,,,,,,,,,,,,,,,
,"Thu, Mar 5",22:45 ,Atún (1 lata),1,Proteína,120 gr,31 gr,0 gr,1 gr,0 gr,139 kcal,03:30,,,,,,,,,,,,,,,,,,,,,,,,,,,0.14,0.02,0.08,,,0.98,
,"Thu, Mar 5",22:45 ,Arroz Integral,0.6,Grano,42 gr,1 gr,10 gr,0 gr,1 gr,46 kcal,,,,,,,,,,,,,,,,,,,,,,,,,,,,,,,,,,
,"Thu, Mar 5",22:45 ,Jardinera,1,Carb,195 gr,8 gr,25 gr,0 gr,7 gr,135 kcal,,,,,,,,,,,,,,,,,,,,,,,,,,,,,,,,,,
,"Thu, Mar 5",23:40 ,Te,1,Infusión,0 gr,0 gr,0 gr,0 gr,0 gr,0 kcal,00:55,,,,,,,,,,,,,,,,,,,,,,,,,,,,,,,,,
,"Thu, Mar 5",23:40 ,Miel (1 cda),1,Carb,10 gr,0 gr,7 gr,0 gr,0 gr,28 kcal,,,,,,146 gr,207 gr,64 gr,35 gr,"1,976 kcal",1754 gr,,115 gr,100 gr,124 gr,35 gr,2000 kcal,1 gr,6 gr,21 gr,0 gr,0 gr,37 gr,0 gr,28 gr,37 gr,1:6,,,,,,,
1,"Fri, Mar 6",13:20,Pollo (1 pechuga),0.76,Proteína,163 gr,46 gr,0 gr,5 gr,0 gr,246 kcal,13:40,,,,,,,,,,,,,,,,,,,,,,,,,,,0.05,1.04,2.09,,,5.22,
,"Fri, Mar 6",13:20 ,Arroz Integral,0.6,Grano,42 gr,1 gr,10 gr,0 gr,1 gr,46 kcal,,,,,,,,,,,,,,,,,,,,,,,,,,,,,,,,,,
,"Fri, Mar 6",13:20 ,Zucchini,0.3,Verdura,90 gr,1 gr,3 gr,0 gr,1 gr,15 kcal,,,,,,,,,,,,,,,,,,,,,,,,,,,,,,,,,,
,"Fri, Mar 6",13:20 ,Zanahoria,0.2,Verdura,40 gr,0 gr,4 gr,0 gr,1 gr,16 kcal,,,,,,,,,,,,,,,,,,,,,,,,,,,,,,,,,,
,"Fri, Mar 6",13:20 ,Lentejas,0.5,Carb,75 gr,5 gr,12 gr,1 gr,4 gr,70 kcal,,,,,,,,,,,,,,,,,,,,,,,,,,,,,,,,,,
,"Fri, Mar 6",13:20 ,Pan Integral D&D,2,Grano,50 gr,4 gr,24 gr,1 gr,3 gr,116 kcal,,,,,,,,,,,,,,,,,,,,,,,,,,,,,,,,,,
,"Fri, Mar 6",13:20 ,Queso Unt. La Serenisima Clásico Balance,2,Lácteo,20 gr,1 gr,1 gr,2 gr,0 gr,30 kcal,,,,,,,,,,,,,,,,,,,,,,,,,,,,0.02,0.06,0.62,0.09,0.15,1.19,
,"Fri, Mar 6",15:15 ,Banana,0.9,Fruta,161 gr,2 gr,37 gr,0 gr,4 gr,143 kcal,01:55,,,,,,,,,,,,,,,,,,,,,,,,,,,,,,,,,
,"Fri, Mar 6",15:15 ,"Leche, Protein",1.3,Lácteo,130 gr,6 gr,6 gr,0 gr,0 gr,48 kcal,,,,,,,,,,,,,,,,,,,,,,,,,,,,,,,,,,
,"Fri, Mar 6",15:15 ,Creatina Monohidrato,0.5,Complemento,0 gr,0 gr,0 gr,0 gr,0 gr,0 kcal,,,,,,,,,,,,,,,,,,,,,,,,,,,,,,,,,,
,"Fri, Mar 6",17:40 ,Café,1,Infusión,0 gr,0 gr,0 gr,0 gr,0 gr,0 kcal,02:25,,,,,,,,,,,,,,,,,,,,,,,,,,,,,,,,,
,"Fri, Mar 6",17:40 ,Miel (1 cda),1,Carb,10 gr,0 gr,7 gr,0 gr,0 gr,28 kcal,,,,,,,,,,,,,,,,,,,,,,,,,,,,,,,,,,
,"Fri, Mar 6",17:40 ,Pan Integral D&D,1,Grano,25 gr,2 gr,12 gr,1 gr,1 gr,58 kcal,,,,,,,,,,,,,,,,,,,,,,,,,,,,,,,,,,
,"Fri, Mar 6",17:40 ,Pasta de maní King natural,1.1,Fruto Seco,17 gr,4 gr,2 gr,8 gr,2 gr,97 kcal,,,,,,,,,,,,,,,,,,,,,,,,,,,,,2.75,3.96,,,8.09,
,"Fri, Mar 6",17:40 ,Miel (1 cda),1.2,Carb,12 gr,0 gr,8 gr,0 gr,0 gr,34 kcal,,,,,,,,,,,,,,,,,,,,,,,,,,,,,,,,,,
,"Fri, Mar 6",19:45 ,"Yogurt, Ser",1,Lácteo,190 gr,9 gr,11 gr,0 gr,0 gr,80 kcal,02:05,,,,,,,,,,,,,,,,,,,,,,,,,,,,,,,,,
,"Fri, Mar 6",19:45 ,Avena Granix Instnatánea (2 cdas),1.4,Grano,42 gr,5 gr,25 gr,3 gr,4 gr,149 kcal,,,,,,,,,,,,,,,,,,,,,,,,,,,,,,,,,,
,"Fri, Mar 6",19:45 ,Vainillas Bimbo,1,Carb,12 gr,1 gr,9 gr,1 gr,0 gr,45 kcal,,,,,,,,,,,,,,,,,,,,,,,,,,,,,,,,,,
,"Fri, Mar 6",23:00 ,Pollo (1 pechuga),0.5,Proteína,150 gr,43 gr,0 gr,5 gr,0 gr,227 kcal,03:15,,,,,,,,,,,,,,,,,,,,,,,,,,,0.05,0.96,1.92,,,4.80,
,"Fri, Mar 6",23:00 ,Zucchini,0.35,Verdura,150 gr,2 gr,5 gr,0 gr,2 gr,26 kcal,,,,,,,,,,,,,,,,,,,,,,,,,,,,,,,,,,
,"Fri, Mar 6",23:00 ,Lentejas,0.5,Carb,75 gr,5 gr,12 gr,1 gr,4 gr,70 kcal,,,,,,,,,,,,,,,,,,,,,,,,,,,,,,,,,,
,"Fri, Mar 6",23:00 ,Pan Integral D&D,2,Grano,50 gr,4 gr,24 gr,1 gr,3 gr,116 kcal,,,,,,,,,,,,,,,,,,,,,,,,,,,,,,,,,,
,"Fri, Mar 6",23:00 ,Queso Unt. La Serenisima Clásico Balance,2,Lácteo,20 gr,1 gr,1 gr,2 gr,0 gr,30 kcal,,,,,,143 gr,213 gr,32 gr,28 gr,"1,689 kcal",1524 gr,,115 gr,100 gr,124 gr,35 gr,2000 kcal,0 gr,5 gr,9 gr,0 gr,0 gr,20 gr,0 gr,14 gr,21 gr,0:5,0.02,0.06,0.62,0.09,0.15,1.19,
1,"Sat, Mar 7",9:25 ,Te,1,Infusión,0 gr,0 gr,0 gr,0 gr,0 gr,0 kcal,10:25,,,,,,,,,,,,,,,,,,,,,,,,,,,,,,,,,
,"Sat, Mar 7",9:25 ,Miel (1 cda),1,Carb,10 gr,0 gr,7 gr,0 gr,0 gr,28 kcal,,,,,,,,,,,,,,,,,,,,,,,,,,,,,,,,,,
,"Sat, Mar 7",9:25 ,"Leche, Protein",0.4,Lácteo,40 gr,2 gr,2 gr,0 gr,0 gr,15 kcal,,,,,,,,,,,,,,,,,,,,,,,,,,,,,,,,,,
,"Sat, Mar 7",9:25 ,Pan Integral D&D,2,Grano,50 gr,4 gr,24 gr,1 gr,3 gr,116 kcal,,,,,,,,,,,,,,,,,,,,,,,,,,,,,,,,,,
,"Sat, Mar 7",9:25 ,Queso Unt. La Serenisima Clásico Balance,2,Lácteo,20 gr,1 gr,1 gr,2 gr,0 gr,30 kcal,,,,,,,,,,,,,,,,,,,,,,,,,,,,0.02,0.06,0.62,0.09,0.15,1.19,
,"Sat, Mar 7",9:25 ,Huevo,1,Proteína,65 gr,8 gr,0 gr,8 gr,0 gr,101 kcal,,,,,,,,,,,,,,,,,,,,,,,,,,,,0.15,1.23,2.91,,,7.67,
,"Sat, Mar 7",9:25 ,Pasta de maní King natural,1,Fruto Seco,15 gr,4 gr,2 gr,7 gr,1 gr,88 kcal,,,,,,,,,,,,,,,,,,,,,,,,,,,,,2.50,3.60,,,7.35,
,"Sat, Mar 7",15:00 ,Pollo (1 pechuga),0.7,Proteína,182 gr,52 gr,0 gr,6 gr,0 gr,275 kcal,05:35,,,,,,,,,,,,,,,,,,,,,,,,,,,0.06,1.16,2.33,,,5.82,
,"Sat, Mar 7",15:00 ,Zucchini,0.3,Verdura,105 gr,1 gr,4 gr,0 gr,1 gr,18 kcal,,,,,,,,,,,,,,,,,,,,,,,,,,,,,,,,,,
,"Sat, Mar 7",15:00 ,Jardinera,1,Carb,195 gr,8 gr,25 gr,0 gr,7 gr,135 kcal,,,,,,,,,,,,,,,,,,,,,,,,,,,,,,,,,,
,"Sat, Mar 7",15:00 ,Pan Integral D&D,2,Grano,50 gr,4 gr,24 gr,1 gr,3 gr,116 kcal,,,,,,,,,,,,,,,,,,,,,,,,,,,,,,,,,,
,"Sat, Mar 7",15:00 ,Queso Unt. La Serenisima Clásico Balance,2,Lácteo,20 gr,1 gr,1 gr,2 gr,0 gr,30 kcal,,,,,,,,,,,,,,,,,,,,,,,,,,,,0.02,0.06,0.62,0.09,0.15,1.19,
,"Sat, Mar 7",15:00 ,Lentejas,0.15,Carb,23 gr,1 gr,4 gr,0 gr,1 gr,21 kcal,,,,,,,,,,,,,,,,,,,,,,,,,,,,,,,,,,
,"Sat, Mar 7",16:00 ,Banana,1,Fruta,162 gr,2 gr,37 gr,0 gr,4 gr,144 kcal,01:00,,,,,,,,,,,,,,,,,,,,,,,,,,,,,,,,,
,"Sat, Mar 7",16:00 ,"Leche, Protein",1.2,Lácteo,120 gr,6 gr,6 gr,0 gr,0 gr,44 kcal,,,,,,,,,,,,,,,,,,,,,,,,,,,,,,,,,,
,"Sat, Mar 7",16:00 ,Creatina Monohidrato,0.5,Complemento,0 gr,0 gr,0 gr,0 gr,0 gr,0 kcal,,,,,,,,,,,,,,,,,,,,,,,,,,,,,,,,,,
,"Sat, Mar 7",18:50 ,Café,1,Infusión,0 gr,0 gr,0 gr,0 gr,0 gr,0 kcal,02:50,,,,,,,,,,,,,,,,,,,,,,,,,,,,,,,,,
,"Sat, Mar 7",18:50 ,"Leche, Protein",0.8,Lácteo,80 gr,4 gr,4 gr,0 gr,0 gr,30 kcal,,,,,,,,,,,,,,,,,,,,,,,,,,,,,,,,,,
,"Sat, Mar 7",18:50 ,Miel (1 cda),1,Carb,10 gr,0 gr,7 gr,0 gr,0 gr,28 kcal,,,,,,,,,,,,,,,,,,,,,,,,,,,,,,,,,,
,"Sat, Mar 7",18:50 ,"Crudda peanut caramel, barra proteica",1,Procesado,40 gr,9 gr,7 gr,6 gr,7 gr,117 kcal,,,,,,,,,,,,,,,,,,,,,,,,,,,,,,,,,,
,"Sat, Mar 7",18:50 ,Nuez (1),1,Fruto Seco,5 gr,1 gr,1 gr,3 gr,0 gr,32 kcal,,,,,,,,,,,,,,,,,,,,,,,,,,,,0.31,1.56,0.67,,,3.06,
,"Sat, Mar 7",18:50 ,Castaña de Cajú,1,Fruto Seco,9 gr,2 gr,3 gr,4 gr,0 gr,47 kcal,,,,,,,,,,,,,,,,,,,,,,,,,,,,,0.64,2.24,,,3.74,
,"Sat, Mar 7",22:30 ,Palta,0.5,Fruta,45 gr,1 gr,4 gr,7 gr,3 gr,72 kcal,03:40,,,,,,,,,,,,,,,,,,,,,,,,,,,0.07,0.92,4.68,,,6.60,
,"Sat, Mar 7",22:30 ,Atún (1 lata),1,Proteína,120 gr,31 gr,0 gr,1 gr,0 gr,139 kcal,,,,,,,,,,,,,,,,,,,,,,,,,,,,0.14,0.02,0.08,,,0.98,
,"Sat, Mar 7",22:30 ,Huevo,1,Proteína,65 gr,8 gr,0 gr,8 gr,0 gr,101 kcal,,,,,,,,,,,,,,,,,,,,,,,,,,,,0.15,1.23,2.91,,,7.67,
,"Sat, Mar 7",22:30 ,Queso Unt. La Serenisima Clásico Balance,4,Lácteo,46 gr,3 gr,3 gr,5 gr,0 gr,69 kcal,,,,,,,,,,,,,,,,,,,,,,,,,,,,0.05,0.15,1.42,0.20,0.34,2.75,
,"Sat, Mar 7",22:30 ,Pan Integral D&D,2,Grano,50 gr,4 gr,24 gr,1 gr,3 gr,116 kcal,,,,,,,,,,,,,,,,,,,,,,,,,,,,,,,,,,
,"Sat, Mar 7",22:30 ,"Aceite de oliva El Gran Juicio (EV, 1 cda sop)",0.1,Grano,1 gr,0 gr,0 gr,1 gr,0 gr,11 kcal,,,,,,,,,,,,,,,,,,,,,,,,,,,,0.01,0.12,0.90,,,1.20,
,"Sat, Mar 7",23:40 ,Te,1,Infusión,0 gr,0 gr,0 gr,0 gr,0 gr,0 kcal,01:10,,,,,,,,,,,,,,,,,,,,,,,,,,,,,,,,,
,"Sat, Mar 7",23:40 ,Miel (1 cda),1,Carb,10 gr,0 gr,7 gr,0 gr,0 gr,28 kcal,,,,,,156 gr,196 gr,64 gr,33 gr,"1,951 kcal",1537 gr,,115 gr,100 gr,124 gr,35 gr,2000 kcal,1 gr,10 gr,23 gr,0 gr,1 gr,49 gr,0 gr,34 gr,50 gr,1:10,,,,,,,
1,"Sun, Mar 8",14:00 ,Fideos Luccheti dedalitos,1.6,Grano,128 gr,13 gr,90 gr,1 gr,4 gr,419 kcal,14:20,,,,,,,,,,,,,,,,,,,,,,,,,,,,,,,,,
,"Sun, Mar 8",14:00 ,"Vaca, Ojo de Bife",1.2,Proteína,120 gr,23 gr,0 gr,23 gr,0 gr,312 kcal,,,,,,,,,,,,,,,,,,,,,,,,,,,,0.23,0.91,9.58,,,11.40,
,"Sun, Mar 8",17:00 ,Tarta de Manzana,1,Carb,150 gr,3 gr,51 gr,17 gr,2 gr,356 kcal,03:00,,,,,,,,,,,,,,,,,,,,,,,,,,,,,,,,,
,"Sun, Mar 8",19:40 ,Café,1,Infusión,0 gr,0 gr,0 gr,0 gr,0 gr,0 kcal,02:40,,,,,,,,,,,,,,,,,,,,,,,,,,,,,,,,,
,"Sun, Mar 8",19:40 ,"Leche, Protein",0.8,Lácteo,80 gr,4 gr,4 gr,0 gr,0 gr,30 kcal,,,,,,,,,,,,,,,,,,,,,,,,,,,,,,,,,,
,"Sun, Mar 8",19:40 ,Miel (1 cda),1,Carb,10 gr,0 gr,7 gr,0 gr,0 gr,28 kcal,,,,,,,,,,,,,,,,,,,,,,,,,,,,,,,,,,
,"Sun, Mar 8",19:40 ,Pan Integral D&D,2,Grano,50 gr,4 gr,24 gr,1 gr,3 gr,116 kcal,,,,,,,,,,,,,,,,,,,,,,,,,,,,,,,,,,
,"Sun, Mar 8",19:40 ,Queso Unt. La Serenisima Clásico Balance,2,Lácteo,20 gr,1 gr,1 gr,2 gr,0 gr,30 kcal,,,,,,,,,,,,,,,,,,,,,,,,,,,,0.02,0.06,0.62,0.09,0.15,1.19,
,"Sun, Mar 8",19:40 ,Huevo,1,Proteína,65 gr,8 gr,0 gr,8 gr,0 gr,101 kcal,,,,,,,,,,,,,,,,,,,,,,,,,,,,0.15,1.23,2.91,,,7.67,
,"Sun, Mar 8",21:45 ,Banana,1,Fruta,150 gr,2 gr,35 gr,0 gr,4 gr,134 kcal,02:05,,,,,,,,,,,,,,,,,,,,,,,,,,,,,,,,,
,"Sun, Mar 8",21:45 ,"Leche, Protein",1.2,Lácteo,120 gr,6 gr,6 gr,0 gr,0 gr,44 kcal,,,,,,,,,,,,,,,,,,,,,,,,,,,,,,,,,,
,"Sun, Mar 8",21:45 ,Creatina Monohidrato,0.5,Complemento,0 gr,0 gr,0 gr,0 gr,0 gr,0 kcal,,,,,,62 gr,217 gr,52 gr,13 gr,"1,570 kcal",893 gr,,115 gr,100 gr,124 gr,35 gr,2000 kcal,0 gr,2 gr,13 gr,0 gr,0 gr,20 gr,0 gr,16 gr,20 gr,0:2,,,,,,,
1,"Mon, Mar 9",13:20 ,Pollo (1 pechuga),0.7,Proteína,186 gr,53 gr,0 gr,6 gr,0 gr,281 kcal,15:35,,,,,,,,,,,,,,,,,,,,,,,,,,,0.06,1.19,2.38,,,5.95,
,"Mon, Mar 9",13:20 ,Ají,1,Verdura,43 gr,0 gr,2 gr,0 gr,0 gr,8 kcal,,,,,,,,,,,,,,,,,,,,,,,,,,,,,,,,,,
,"Mon, Mar 9",13:20 ,Zucchini,0.5,Verdura,133 gr,2 gr,5 gr,0 gr,2 gr,23 kcal,,,,,,,,,,,,,,,,,,,,,,,,,,,,,,,,,,
,"Mon, Mar 9",13:20 ,Zanahoria,0.25,Verdura,50 gr,0 gr,5 gr,0 gr,1 gr,21 kcal,,,,,,,,,,,,,,,,,,,,,,,,,,,,,,,,,,
,"Mon, Mar 9",13:20 ,Cebolla,0.5,Verdura,114 gr,1 gr,11 gr,0 gr,2 gr,48 kcal,,,,,,,,,,,,,,,,,,,,,,,,,,,,,,,,,,
,"Mon, Mar 9",13:20 ,Tomate,0,Verdura,0 gr,0 gr,0 gr,0 gr,0 gr,0 kcal,,,,,,,,,,,,,,,,,,,,,,,,,,,,,,,,,,
,"Mon, Mar 9",13:20 ,Queso Unt. La Serenisima Clásico Balance,2,Lácteo,20 gr,1 gr,1 gr,2 gr,0 gr,30 kcal,,,,,,,,,,,,,,,,,,,,,,,,,,,,0.02,0.06,0.62,0.09,0.15,1.19,
,"Mon, Mar 9",13:20 ,Huevo,1,Proteína,65 gr,8 gr,0 gr,8 gr,0 gr,101 kcal,,,,,,,,,,,,,,,,,,,,,,,,,,,,0.15,1.23,2.91,,,7.67,
,"Mon, Mar 9",13:20 ,"Aceite de oliva El Gran Juicio (EV, 1 cda sop)",0.3,Grano,4 gr,0 gr,0 gr,4 gr,0 gr,32 kcal,,,,,,,,,,,,,,,,,,,,,,,,,,,,0.04,0.36,2.70,,,3.60,
,"Mon, Mar 9",13:20 ,Pan Integral D&D,2,Grano,50 gr,4 gr,24 gr,1 gr,3 gr,116 kcal,,,,,,,,,,,,,,,,,,,,,,,,,,,,,,,,,,
,"Mon, Mar 9",14:45 ,Banana,0.95,Fruta,143 gr,1 gr,33 gr,0 gr,4 gr,127 kcal,01:25,,,,,,,,,,,,,,,,,,,,,,,,,,,,,,,,,
,"Mon, Mar 9",14:45 ,"Leche, Protein",1.2,Lácteo,120 gr,6 gr,6 gr,0 gr,0 gr,44 kcal,,,,,,,,,,,,,,,,,,,,,,,,,,,,,,,,,,
,"Mon, Mar 9",14:45 ,Creatina Monohidrato,0.5,Complemento,0 gr,0 gr,0 gr,0 gr,0 gr,0 kcal,,,,,,,,,,,,,,,,,,,,,,,,,,,,,,,,,,
,"Mon, Mar 9",18:45 ,Café,1,Infusión,0 gr,0 gr,0 gr,0 gr,0 gr,0 kcal,04:00,,,,,,,,,,,,,,,,,,,,,,,,,,,,,,,,,
,"Mon, Mar 9",18:45 ,"Leche, Protein",1.2,Lácteo,120 gr,6 gr,6 gr,0 gr,0 gr,44 kcal,,,,,,,,,,,,,,,,,,,,,,,,,,,,,,,,,,
,"Mon, Mar 9",18:45 ,Miel (1 cda),1,Carb,10 gr,0 gr,7 gr,0 gr,0 gr,28 kcal,,,,,,,,,,,,,,,,,,,,,,,,,,,,,,,,,,
,"Mon, Mar 9",18:45 ,"Not protein bar, crunchy, choco maní",1,Procesado,35 gr,9 gr,17 gr,4 gr,7 gr,142 kcal,,,,,,,,,,,,,,,,,,,,,,,,,,,,,,,,,,
,"Mon, Mar 9",20:00 ,"Yogurt, Ser",1,Lácteo,190 gr,9 gr,11 gr,0 gr,0 gr,80 kcal,01:15,,,,,,,,,,,,,,,,,,,,,,,,,,,,,,,,,
,"Mon, Mar 9",20:00 ,Avena Granix Instnatánea (2 cdas),1,Grano,30 gr,4 gr,18 gr,2 gr,3 gr,107 kcal,,,,,,,,,,,,,,,,,,,,,,,,,,,,,,,,,,
,"Mon, Mar 9",20:00 ,Vainillas Bimbo,1,Carb,12 gr,1 gr,9 gr,1 gr,0 gr,45 kcal,,,,,,,,,,,,,,,,,,,,,,,,,,,,,,,,,,
,"Mon, Mar 9",23:00 ,Atún (1 lata),1,Proteína,120 gr,31 gr,0 gr,1 gr,0 gr,139 kcal,03:00,,,,,,,,,,,,,,,,,,,,,,,,,,,0.14,0.02,0.08,,,0.98,
,"Mon, Mar 9",23:00 ,Queso Unt. La Serenisima Clásico Balance,4,Lácteo,40 gr,3 gr,3 gr,4 gr,0 gr,60 kcal,,,,,,,,,,,,,,,,,,,,,,,,,,,,0.04,0.13,1.24,0.17,0.30,2.39,
,"Mon, Mar 9",23:00 ,Pan Integral D&D,2,Grano,50 gr,4 gr,24 gr,1 gr,3 gr,116 kcal,,,,,,,,,,,,,,,,,,,,,,,,,,,,,,,,,,
,"Mon, Mar 9",23:00 ,"Aceite de oliva El Gran Juicio (EV, 1 cda sop)",0.2,Grano,2 gr,0 gr,0 gr,2 gr,0 gr,22 kcal,,,,,,,,,,,,,,,,,,,,,,,,,,,,0.02,0.24,1.80,,,2.40,
,"Mon, Mar 9",23:35 ,Manzana,1,Fruta,180 gr,1 gr,34 gr,0 gr,5 gr,130 kcal,00:35,,,,,143 gr,214 gr,38 gr,28 gr,"1,743 kcal",1717 gr,,115 gr,100 gr,124 gr,35 gr,2000 kcal,0 gr,3 gr,12 gr,0 gr,0 gr,24 gr,0 gr,15 gr,25 gr,0:3,,,,,,,
1,"Tue, Mar 10",11:50 ,Pan Integral D&D,2,Grano,50 gr,4 gr,24 gr,1 gr,3 gr,116 kcal,12:15,,,,,,,,,,,,,,,,,,,,,,,,,,,,,,,,,
,"Tue, Mar 10",11:50 ,Queso Unt. La Serenisima Clásico Balance,3,Lácteo,30 gr,2 gr,2 gr,3 gr,0 gr,45 kcal,,,,,,,,,,,,,,,,,,,,,,,,,,,,0.03,0.10,0.93,0.13,0.22,1.79,
,"Tue, Mar 10",11:50 ,Palta,0.5,Fruta,80 gr,2 gr,7 gr,12 gr,5 gr,128 kcal,,,,,,,,,,,,,,,,,,,,,,,,,,,,0.12,1.64,8.33,,,11.73,
,"Tue, Mar 10",11:50 ,Huevo,1,Proteína,65 gr,8 gr,0 gr,8 gr,0 gr,101 kcal,,,,,,,,,,,,,,,,,,,,,,,,,,,,0.15,1.23,2.91,,,7.67,
,"Tue, Mar 10",11:50 ,Te,1,Infusión,47 gr,0 gr,0 gr,0 gr,0 gr,0 kcal,,,,,,,,,,,,,,,,,,,,,,,,,,,,,,,,,,
,"Tue, Mar 10",11:50 ,Miel (1 cda),1,Carb,10 gr,0 gr,7 gr,0 gr,0 gr,28 kcal,,,,,,,,,,,,,,,,,,,,,,,,,,,,,,,,,,
,"Tue, Mar 10",11:50 ,"Ceral, galletitas de algarroba (4 un)",1,Procesado,22 gr,1 gr,10 gr,1 gr,6 gr,54 kcal,,,,,,,,,,,,,,,,,,,,,,,,,,,,,,,,,,
,"Tue, Mar 10",11:50 ,Nuez (1),1,Fruto Seco,4 gr,1 gr,0 gr,3 gr,0 gr,27 kcal,,,,,,,,,,,,,,,,,,,,,,,,,,,,0.26,1.30,0.56,,,2.55,
,"Tue, Mar 10",11:50 ,Almendra (1),1,Fruto Seco,7 gr,1 gr,0 gr,4 gr,1 gr,40 kcal,,,,,,,,,,,,,,,,,,,,,,,,,,,,,0.67,2.73,,,3.75,
,"Tue, Mar 10",11:50 ,Castaña de Cajú,1,Fruto Seco,8 gr,1 gr,2 gr,4 gr,0 gr,44 kcal,,,,,,,,,,,,,,,,,,,,,,,,,,,,,0.60,2.11,,,3.52,
,"Tue, Mar 10",14:25 ,"Vaca, Lomo (1 corte)",2,Proteína,180 gr,40 gr,0 gr,11 gr,0 gr,261 kcal,02:35,,,,,,,,,,,,,,,,,,,,,,,,,,,0.11,0.43,4.54,,,5.40,
,"Tue, Mar 10",14:25 ,"Ensalada (lechuga, repollo b+m, zanahoria)",1,Verdura,120 gr,2 gr,5 gr,0 gr,2 gr,30 kcal,,,,,,,,,,,,,,,,,,,,,,,,,,,,,,,,,,
,"Tue, Mar 10",14:25 ,"Aceite de oliva El Gran Juicio (EV, 1 cda sop)",0.2,Grano,2 gr,0 gr,0 gr,2 gr,0 gr,22 kcal,,,,,,,,,,,,,,,,,,,,,,,,,,,,0.02,0.24,1.80,,,2.40,
,"Tue, Mar 10",14:25 ,Queso Unt. La Serenisima Clásico Balance,2,Lácteo,22 gr,2 gr,2 gr,2 gr,0 gr,33 kcal,,,,,,,,,,,,,,,,,,,,,,,,,,,,0.02,0.07,0.68,0.09,0.16,1.31,
,"Tue, Mar 10",14:25 ,Tomate,1,Verdura,120 gr,1 gr,5 gr,0 gr,1 gr,22 kcal,,,,,,,,,,,,,,,,,,,,,,,,,,,,,,,,,,
,"Tue, Mar 10",15:45 ,Banana,1,Fruta,150 gr,2 gr,35 gr,0 gr,4 gr,134 kcal,01:20,,,,,,,,,,,,,,,,,,,,,,,,,,,,,,,,,
,"Tue, Mar 10",15:45 ,"Leche, Protein",1.2,Lácteo,120 gr,6 gr,6 gr,0 gr,0 gr,44 kcal,,,,,,,,,,,,,,,,,,,,,,,,,,,,,,,,,,
,"Tue, Mar 10",15:45 ,Creatina Monohidrato,0.5,Complemento,0 gr,0 gr,0 gr,0 gr,0 gr,0 kcal,,,,,,,,,,,,,,,,,,,,,,,,,,,,,,,,,,
,"Tue, Mar 10",18:25 ,Café,1,Infusión,0 gr,0 gr,0 gr,0 gr,0 gr,0 kcal,02:40,,,,,,,,,,,,,,,,,,,,,,,,,,,,,,,,,
,"Tue, Mar 10",18:25 ,Miel (1 cda),1,Carb,10 gr,0 gr,7 gr,0 gr,0 gr,28 kcal,,,,,,,,,,,,,,,,,,,,,,,,,,,,,,,,,,
,"Tue, Mar 10",18:25 ,"Not protein bar, crunchy, choco maní",1,Procesado,35 gr,9 gr,17 gr,4 gr,7 gr,142 kcal,,,,,,,,,,,,,,,,,,,,,,,,,,,,,,,,,,
,"Tue, Mar 10",18:25 ,Vainillas Bimbo,2,Carb,24 gr,2 gr,18 gr,1 gr,0 gr,90 kcal,,,,,,,,,,,,,,,,,,,,,,,,,,,,,,,,,,
,"Tue, Mar 10",22:35 ,Pollo (1 pechuga),0.6,Proteína,210 gr,60 gr,0 gr,7 gr,0 gr,317 kcal,04:10,,,,,,,,,,,,,,,,,,,,,,,,,,,0.07,1.34,2.69,,,6.72,
,"Tue, Mar 10",22:35 ,"Ensalada (lechuga, repollo b+m, zanahoria)",1,Verdura,120 gr,2 gr,5 gr,0 gr,2 gr,30 kcal,,,,,,,,,,,,,,,,,,,,,,,,,,,,,,,,,,
,"Tue, Mar 10",22:35 ,"Aceite de oliva El Gran Juicio (EV, 1 cda sop)",0.2,Grano,2 gr,0 gr,0 gr,2 gr,0 gr,22 kcal,,,,,,,,,,,,,,,,,,,,,,,,,,,,0.02,0.24,1.80,,,2.40,
,"Tue, Mar 10",22:35 ,Queso Unt. La Serenisima Clásico Balance,3,Lácteo,30 gr,2 gr,2 gr,3 gr,0 gr,45 kcal,,,,,,,,,,,,,,,,,,,,,,,,,,,,0.03,0.10,0.93,0.13,0.22,1.79,
,"Tue, Mar 10",22:35 ,Pan Integral D&D,1,Grano,25 gr,2 gr,12 gr,1 gr,1 gr,58 kcal,,,,,,,,,,,,,,,,,,,,,,,,,,,,,,,,,,
,"Tue, Mar 10",23:55 ,Yogurt Yogurisimo Descremado,1,Lácteo,190 gr,8 gr,11 gr,0 gr,0 gr,77 kcal,01:20,,,,,,,,,,,,,,,,,,,,,,,,,,,,,,,,,
,"Tue, Mar 10",23:55 ,Vainillas Bimbo,1,Carb,12 gr,1 gr,9 gr,1 gr,0 gr,45 kcal,,,,,,156 gr,184 gr,71 gr,32 gr,"1,982 kcal",1696 gr,,115 gr,100 gr,124 gr,35 gr,2000 kcal,1 gr,8 gr,30 gr,0 gr,1 gr,51 gr,0 gr,39 gr,52 gr,1:8,,,,,,,
1,"Wed, Mar 11",11:15 ,Pan Integral Raíces del Sur,2,Grano,66 gr,7 gr,25 gr,2 gr,4 gr,148 kcal,11:20,,,,,,,,,,,,,,,,,,,,,,,,,,,,,,,,,
,"Wed, Mar 11",11:15 ,Pasta de maní King natural,1,Fruto Seco,18 gr,5 gr,2 gr,9 gr,2 gr,105 kcal,,,,,,,,,,,,,,,,,,,,,,,,,,,,,3.00,4.32,,,8.82,
,"Wed, Mar 11",11:15 ,Queso Unt. La Serenisima Clásico Balance,2,Lácteo,20 gr,1 gr,1 gr,2 gr,0 gr,30 kcal,,,,,,,,,,,,,,,,,,,,,,,,,,,,0.02,0.06,0.62,0.09,0.15,1.19,
,"Wed, Mar 11",11:15 ,Huevo,1,Proteína,65 gr,8 gr,0 gr,8 gr,0 gr,101 kcal,,,,,,,,,,,,,,,,,,,,,,,,,,,,0.15,1.23,2.91,,,7.67,
,"Wed, Mar 11",11:15 ,Café,1,Infusión,0 gr,0 gr,0 gr,0 gr,0 gr,0 kcal,,,,,,,,,,,,,,,,,,,,,,,,,,,,,,,,,,
,"Wed, Mar 11",11:15 ,Miel (1 cda),1,Carb,10 gr,0 gr,7 gr,0 gr,0 gr,28 kcal,,,,,,,,,,,,,,,,,,,,,,,,,,,,,,,,,,
,"Wed, Mar 11",11:15 ,"Leche, Protein",0.8,Lácteo,80 gr,4 gr,4 gr,0 gr,0 gr,30 kcal,,,,,,,,,,,,,,,,,,,,,,,,,,,,,,,,,,
,"Wed, Mar 11",14:15 ,Pollo (1 pechuga),0.65,Proteína,193 gr,55 gr,0 gr,6 gr,0 gr,291 kcal,03:00,,,,,,,,,,,,,,,,,,,,,,,,,,,0.06,1.24,2.47,,,6.18,
,"Wed, Mar 11",14:15 ,Zucchini,0.5,Verdura,158 gr,2 gr,5 gr,0 gr,2 gr,27 kcal,,,,,,,,,,,,,,,,,,,,,,,,,,,,,,,,,,
,"Wed, Mar 11",14:15 ,Zanahoria,0.5,Verdura,57 gr,1 gr,5 gr,0 gr,2 gr,23 kcal,,,,,,,,,,,,,,,,,,,,,,,,,,,,,,,,,,
,"Wed, Mar 11",14:15 ,Ají,0.5,Verdura,55 gr,1 gr,2 gr,0 gr,0 gr,10 kcal,,,,,,,,,,,,,,,,,,,,,,,,,,,,,,,,,,
,"Wed, Mar 11",14:15 ,Cebolla,0.5,Verdura,96 gr,1 gr,10 gr,0 gr,1 gr,40 kcal,,,,,,,,,,,,,,,,,,,,,,,,,,,,,,,,,,
,"Wed, Mar 11",14:15 ,Pan Integral Raíces del Sur,2,Grano,66 gr,7 gr,25 gr,2 gr,4 gr,148 kcal,,,,,,,,,,,,,,,,,,,,,,,,,,,,,,,,,,
,"Wed, Mar 11",15:15 ,Banana,0.9,Fruta,123 gr,1 gr,28 gr,0 gr,3 gr,109 kcal,01:00,,,,,,,,,,,,,,,,,,,,,,,,,,,,,,,,,
,"Wed, Mar 11",15:15 ,"Leche, Protein",1.2,Lácteo,120 gr,6 gr,6 gr,0 gr,0 gr,44 kcal,,,,,,,,,,,,,,,,,,,,,,,,,,,,,,,,,,
,"Wed, Mar 11",15:15 ,Creatina Monohidrato,0.5,Complemento,0 gr,0 gr,0 gr,0 gr,0 gr,0 kcal,,,,,,,,,,,,,,,,,,,,,,,,,,,,,,,,,,
,"Wed, Mar 11",17:55 ,Café,1,Infusión,0 gr,0 gr,0 gr,0 gr,0 gr,0 kcal,02:40,,,,,,,,,,,,,,,,,,,,,,,,,,,,,,,,,
,"Wed, Mar 11",17:55 ,Miel (1 cda),1,Carb,10 gr,0 gr,7 gr,0 gr,0 gr,28 kcal,,,,,,,,,,,,,,,,,,,,,,,,,,,,,,,,,,
,"Wed, Mar 11",17:55 ,"Not protein bar, chocolate brownie",1,Procesado,45 gr,15 gr,14 gr,6 gr,6 gr,164 kcal,,,,,,,,,,,,,,,,,,,,,,,,,,,,,,,,,,
,"Wed, Mar 11",17:55 ,Vainillas Bimbo,2,Carb,24 gr,2 gr,18 gr,1 gr,0 gr,90 kcal,,,,,,,,,,,,,,,,,,,,,,,,,,,,,,,,,,
,"Wed, Mar 11",17:55 ,"Leche, Protein",1.5,Lácteo,150 gr,7 gr,7 gr,0 gr,0 gr,56 kcal,,,,,,,,,,,,,,,,,,,,,,,,,,,,,,,,,,
,"Wed, Mar 11",22:50 ,"Yogurt, Ser",1,Lácteo,190 gr,9 gr,11 gr,0 gr,0 gr,80 kcal,04:55,,,,,,,,,,,,,,,,,,,,,,,,,,,,,,,,,
,"Wed, Mar 11",22:50 ,Avena Granix Instnatánea (2 cdas),1.4,Grano,42 gr,5 gr,25 gr,3 gr,4 gr,149 kcal,,,,,,,,,,,,,,,,,,,,,,,,,,,,,,,,,,
,"Wed, Mar 11",22:50 ,Vainillas Bimbo,1,Carb,12 gr,1 gr,9 gr,1 gr,0 gr,45 kcal,,,,,,,,,,,,,,,,,,,,,,,,,,,,,,,,,,
,"Wed, Mar 11",22:50 ,Nuez (1),1,Fruto Seco,4 gr,1 gr,0 gr,3 gr,0 gr,27 kcal,,,,,,,,,,,,,,,,,,,,,,,,,,,,0.26,1.30,0.56,,,2.55,
,"Wed, Mar 11",22:50 ,Almendra (1),1,Fruto Seco,7 gr,1 gr,0 gr,4 gr,1 gr,40 kcal,,,,,,,,,,,,,,,,,,,,,,,,,,,,,0.67,2.73,,,3.75,
,"Wed, Mar 11",22:50 ,Maní,1,Fruto Seco,15 gr,4 gr,1 gr,7 gr,1 gr,87 kcal,,,,,,142 gr,213 gr,54 gr,32 gr,"1,900 kcal",1626 gr,,115 gr,100 gr,124 gr,35 gr,2000 kcal,0 gr,10 gr,17 gr,0 gr,0 gr,38 gr,0 gr,28 gr,38 gr,0:10,,2.50,3.60,,,7.35,
1,"Thu, Mar 12",10:55 ,Te,1,Infusión,0 gr,0 gr,0 gr,0 gr,0 gr,0 kcal,12:05,,,,,,,,,,,,,,,,,,,,,,,,,,,,,,,,,
,"Thu, Mar 12",10:55 ,"Leche, Protein",0.4,Lácteo,40 gr,2 gr,2 gr,0 gr,0 gr,15 kcal,,,,,,,,,,,,,,,,,,,,,,,,,,,,,,,,,,
,"Thu, Mar 12",10:55 ,Pan Integral Raíces del Sur,2,Grano,66 gr,7 gr,25 gr,2 gr,4 gr,148 kcal,,,,,,,,,,,,,,,,,,,,,,,,,,,,,,,,,,
,"Thu, Mar 12",10:55 ,Miel (1 cda),1,Carb,10 gr,0 gr,7 gr,0 gr,0 gr,28 kcal,,,,,,,,,,,,,,,,,,,,,,,,,,,,,,,,,,
,"Thu, Mar 12",10:55 ,Queso Unt. La Serenisima Clásico Balance,2,Lácteo,20 gr,1 gr,1 gr,2 gr,0 gr,30 kcal,,,,,,,,,,,,,,,,,,,,,,,,,,,,0.02,0.06,0.62,0.09,0.15,1.19,
,"Thu, Mar 12",10:55 ,Huevo,1,Proteína,65 gr,8 gr,0 gr,8 gr,0 gr,101 kcal,,,,,,,,,,,,,,,,,,,,,,,,,,,,0.15,1.23,2.91,,,7.67,
,"Thu, Mar 12",10:55 ,Nuez (1),1,Fruto Seco,4 gr,1 gr,0 gr,3 gr,0 gr,27 kcal,,,,,,,,,,,,,,,,,,,,,,,,,,,,0.26,1.30,0.56,,,2.55,
,"Thu, Mar 12",10:55 ,Almendra (1),1,Fruto Seco,7 gr,1 gr,0 gr,4 gr,1 gr,40 kcal,,,,,,,,,,,,,,,,,,,,,,,,,,,,,0.67,2.73,,,3.75,
,"Thu, Mar 12",10:55 ,Castaña de Cajú,1,Fruto Seco,8 gr,1 gr,2 gr,4 gr,0 gr,44 kcal,,,,,,,,,,,,,,,,,,,,,,,,,,,,,0.60,2.11,,,3.52,
,"Thu, Mar 12",10:55 ,"Ceral, galletitas de algarroba (4 un)",1,Procesado,30 gr,2 gr,13 gr,2 gr,8 gr,73 kcal,,,,,,,,,,,,,,,,,,,,,,,,,,,,,,,,,,
,"Thu, Mar 12",10:55 ,"Chocolate, Águila (1 barrita)",0.5,Carb,7 gr,0 gr,4 gr,2 gr,0 gr,33 kcal,,,,,,,,,,,,,,,,,,,,,,,,,,,,,0.05,0.55,,,1.68,
,"Thu, Mar 12",14:20 ,Arroz Integral,1,Grano,40 gr,1 gr,9 gr,0 gr,1 gr,44 kcal,03:25,,,,,,,,,,,,,,,,,,,,,,,,,,,,,,,,,
,"Thu, Mar 12",14:20 ,"Vaca, Lomo (1 corte)",0.5,Proteína,150 gr,33 gr,0 gr,9 gr,0 gr,218 kcal,,,,,,,,,,,,,,,,,,,,,,,,,,,,0.09,0.36,3.78,,,4.50,
,"Thu, Mar 12",14:20 ,Pan Integral Raíces del Sur,2,Grano,66 gr,7 gr,25 gr,2 gr,4 gr,148 kcal,,,,,,,,,,,,,,,,,,,,,,,,,,,,,,,,,,
,"Thu, Mar 12",14:20 ,Queso Unt. La Serenisima Clásico Balance,2,Lácteo,20 gr,1 gr,1 gr,2 gr,0 gr,30 kcal,,,,,,,,,,,,,,,,,,,,,,,,,,,,0.02,0.06,0.62,0.09,0.15,1.19,
,"Thu, Mar 12",14:20 ,Jardinera,1,Carb,195 gr,8 gr,25 gr,0 gr,7 gr,135 kcal,,,,,,,,,,,,,,,,,,,,,,,,,,,,,,,,,,
,"Thu, Mar 12",14:20 ,Maní,1,Fruto Seco,15 gr,4 gr,1 gr,7 gr,1 gr,87 kcal,,,,,,,,,,,,,,,,,,,,,,,,,,,,,2.50,3.60,,,7.35,
,"Thu, Mar 12",14:20 ,"Aceite de oliva El Gran Juicio (EV, 1 cda sop)",0.1,Grano,1 gr,0 gr,0 gr,1 gr,0 gr,11 kcal,,,,,,,,,,,,,,,,,,,,,,,,,,,,0.01,0.12,0.90,,,1.20,
,"Thu, Mar 12",15:35 ,Banana,0.9,Fruta,135 gr,1 gr,31 gr,0 gr,4 gr,120 kcal,01:15,,,,,,,,,,,,,,,,,,,,,,,,,,,,,,,,,
,"Thu, Mar 12",15:35 ,"Leche, Protein",1.2,Lácteo,120 gr,6 gr,6 gr,0 gr,0 gr,44 kcal,,,,,,,,,,,,,,,,,,,,,,,,,,,,,,,,,,
,"Thu, Mar 12",15:35 ,Creatina Monohidrato,0.5,Complemento,0 gr,0 gr,0 gr,0 gr,0 gr,0 kcal,,,,,,,,,,,,,,,,,,,,,,,,,,,,,,,,,,
,"Thu, Mar 12",15:35 ,"Not protein bar, crunchy, choco maní",1,Procesado,35 gr,9 gr,17 gr,4 gr,7 gr,142 kcal,,,,,,,,,,,,,,,,,,,,,,,,,,,,,,,,,,
,"Thu, Mar 12",18:35 ,Café,1,Infusión,0 gr,0 gr,0 gr,0 gr,0 gr,0 kcal,03:00,,,,,,,,,,,,,,,,,,,,,,,,,,,,,,,,,
,"Thu, Mar 12",18:35 ,"Leche, Protein",0.8,Lácteo,80 gr,4 gr,4 gr,0 gr,0 gr,30 kcal,,,,,,,,,,,,,,,,,,,,,,,,,,,,,,,,,,
,"Thu, Mar 12",18:35 ,Miel (1 cda),1,Carb,10 gr,0 gr,7 gr,0 gr,0 gr,28 kcal,,,,,,,,,,,,,,,,,,,,,,,,,,,,,,,,,,
,"Thu, Mar 12",18:35 ,"Not protein bar, crunchy, choco maní",1,Procesado,35 gr,9 gr,17 gr,4 gr,7 gr,142 kcal,,,,,,,,,,,,,,,,,,,,,,,,,,,,,,,,,,
,"Thu, Mar 12",23:20 ,Pollo (1 pechuga),0.5,Proteína,143 gr,41 gr,0 gr,5 gr,0 gr,216 kcal,04:45,,,,,,,,,,,,,,,,,,,,,,,,,,,0.05,0.92,1.83,,,4.58,
,"Thu, Mar 12",23:20 ,Cebolla,0.7,Verdura,110 gr,1 gr,11 gr,0 gr,2 gr,46 kcal,,,,,,,,,,,,,,,,,,,,,,,,,,,,,,,,,,
,"Thu, Mar 12",23:20 ,Ají,0.75,Verdura,53 gr,1 gr,2 gr,0 gr,0 gr,10 kcal,,,,,,,,,,,,,,,,,,,,,,,,,,,,,,,,,,
,"Thu, Mar 12",23:20 ,Pan Integral Raíces del Sur,1,Grano,33 gr,4 gr,13 gr,1 gr,2 gr,74 kcal,,,,,,,,,,,,,,,,,,,,,,,,,,,,,,,,,,
,"Thu, Mar 12",23:20 ,Queso Unt. La Serenisima Clásico Balance,1,Lácteo,10 gr,1 gr,1 gr,1 gr,0 gr,15 kcal,,,,,,154 gr,225 gr,63 gr,48 gr,"2,077 kcal",1508 gr,,115 gr,100 gr,124 gr,35 gr,2000 kcal,1 gr,8 gr,21 gr,0 gr,0 gr,40 gr,0 gr,29 gr,40 gr,1:8,0.01,0.03,0.31,0.04,0.07,0.60,
1,"Fri, Mar 13",10:45 ,Café,1,Infusión,0 gr,0 gr,0 gr,0 gr,0 gr,0 kcal,11:25,,,,,,,,,,,,,,,,,,,,,,,,,,,,,,,,,
,"Fri, Mar 13",10:45 ,"Leche, Protein",0.8,Lácteo,80 gr,4 gr,4 gr,0 gr,0 gr,30 kcal,,,,,,,,,,,,,,,,,,,,,,,,,,,,,,,,,,
,"Fri, Mar 13",10:45 ,Miel (1 cda),1,Carb,10 gr,0 gr,7 gr,0 gr,0 gr,28 kcal,,,,,,,,,,,,,,,,,,,,,,,,,,,,,,,,,,
,"Fri, Mar 13",10:45 ,Pan Integral Raíces del Sur,2,Grano,45 gr,5 gr,17 gr,1 gr,3 gr,101 kcal,,,,,,,,,,,,,,,,,,,,,,,,,,,,,,,,,,
,"Fri, Mar 13",10:45 ,Huevo,1,Proteína,65 gr,8 gr,0 gr,8 gr,0 gr,101 kcal,,,,,,,,,,,,,,,,,,,,,,,,,,,,0.15,1.23,2.91,,,7.67,
,"Fri, Mar 13",10:45 ,"Ceral, galletitas de algarroba (4 un)",1,Procesado,30 gr,2 gr,13 gr,2 gr,8 gr,73 kcal,,,,,,,,,,,,,,,,,,,,,,,,,,,,,,,,,,
,"Fri, Mar 13",10:45 ,"Chocolate, Águila (1 barrita)",0.5,Carb,8 gr,0 gr,5 gr,2 gr,0 gr,35 kcal,,,,,,,,,,,,,,,,,,,,,,,,,,,,,0.05,0.59,,,1.80,
,"Fri, Mar 13",10:45 ,Queso Unt. La Serenisima Clásico Balance,2,Lácteo,23 gr,2 gr,2 gr,2 gr,0 gr,35 kcal,,,,,,,,,,,,,,,,,,,,,,,,,,,,0.02,0.07,0.71,0.10,0.17,1.37,
,"Fri, Mar 13",14:15 ,"Vaca, Ojo de Bife",1.6,Proteína,173 gr,33 gr,0 gr,33 gr,0 gr,450 kcal,03:30,,,,,,,,,,,,,,,,,,,,,,,,,,,0.33,1.31,13.81,,,16.44,
,"Fri, Mar 13",14:15 ,Tallarines Terrabusi,1,Grano,80 gr,8 gr,57 gr,1 gr,2 gr,267 kcal,,,,,,,,,,,,,,,,,,,,,,,,,,,,,,,,,,
,"Fri, Mar 13",14:15 ,"Aceite de oliva El Gran Juicio (EV, 1 cda sop)",0.2,Grano,2 gr,0 gr,0 gr,2 gr,0 gr,22 kcal,,,,,,,,,,,,,,,,,,,,,,,,,,,,0.02,0.24,1.80,,,2.40,
,"Fri, Mar 13",14:15 ,Cebolla,0.4,Verdura,60 gr,1 gr,6 gr,0 gr,1 gr,25 kcal,,,,,,,,,,,,,,,,,,,,,,,,,,,,,,,,,,
,"Fri, Mar 13",14:15 ,Ají,0.5,Verdura,40 gr,0 gr,2 gr,0 gr,0 gr,7 kcal,,,,,,,,,,,,,,,,,,,,,,,,,,,,,,,,,,
,"Fri, Mar 13",14:15 ,Salsa tipo casera Pomarola,1,Verdura,80 gr,1 gr,4 gr,1 gr,0 gr,28 kcal,,,,,,,,,,,,,,,,,,,,,,,,,,,,,,,,,,
,"Fri, Mar 13",14:15 ,Pan Integral Raíces del Sur,2,Grano,66 gr,7 gr,25 gr,2 gr,4 gr,148 kcal,,,,,,,,,,,,,,,,,,,,,,,,,,,,,,,,,,
,"Fri, Mar 13",14:15 ,Lentejas,0.4,Carb,42 gr,3 gr,7 gr,0 gr,2 gr,39 kcal,,,,,,,,,,,,,,,,,,,,,,,,,,,,,,,,,,
,"Fri, Mar 13",14:15 ,Queso Unt. La Serenisima Clásico Balance,2,Lácteo,20 gr,1 gr,1 gr,2 gr,0 gr,30 kcal,,,,,,,,,,,,,,,,,,,,,,,,,,,,0.02,0.06,0.62,0.09,0.15,1.19,
,"Fri, Mar 13",16:35 ,Banana,0.9,Fruta,135 gr,1 gr,31 gr,0 gr,4 gr,120 kcal,02:20,,,,,,,,,,,,,,,,,,,,,,,,,,,,,,,,,
,"Fri, Mar 13",16:35 ,"Leche, Protein",1.2,Lácteo,120 gr,6 gr,6 gr,0 gr,0 gr,44 kcal,,,,,,,,,,,,,,,,,,,,,,,,,,,,,,,,,,
,"Fri, Mar 13",16:35 ,Creatina Monohidrato,0.5,Complemento,0 gr,0 gr,0 gr,0 gr,0 gr,0 kcal,,,,,,,,,,,,,,,,,,,,,,,,,,,,,,,,,,
,"Fri, Mar 13",23:20 ,Pollo (1 pechuga),0.5,Proteína,157 gr,45 gr,0 gr,5 gr,0 gr,237 kcal,06:45,,,,,,,,,,,,,,,,,,,,,,,,,,,0.05,1.00,2.01,,,5.02,
,"Fri, Mar 13",23:20 ,Pan Integral Raíces del Sur,1,Grano,33 gr,4 gr,13 gr,1 gr,2 gr,74 kcal,,,,,,,,,,,,,,,,,,,,,,,,,,,,,,,,,,
,"Fri, Mar 13",23:20 ,Cebolla,0.5,Verdura,90 gr,1 gr,9 gr,0 gr,1 gr,38 kcal,,,,,,,,,,,,,,,,,,,,,,,,,,,,,,,,,,
,"Fri, Mar 13",23:20 ,Ají,0.4,Verdura,15 gr,0 gr,1 gr,0 gr,0 gr,3 kcal,,,,,,,,,,,,,,,,,,,,,,,,,,,,,,,,,,
,"Fri, Mar 13",23:59 ,"Yogurt, Ser",1,Lácteo,190 gr,9 gr,11 gr,0 gr,0 gr,80 kcal,00:39,,,,,140 gr,219 gr,63 gr,28 gr,"2,014 kcal",1564 gr,,115 gr,100 gr,124 gr,35 gr,2000 kcal,1 gr,4 gr,22 gr,0 gr,0 gr,36 gr,0 gr,27 gr,36 gr,1:4,,,,,,,
1,"Sat, Mar 14",9:20 ,Café,1,Infusión,0 gr,0 gr,0 gr,0 gr,0 gr,0 kcal,09:21,,,,,,,,,,,,,,,,,,,,,,,,,,,,,,,,,
,"Sat, Mar 14",9:20 ,Miel (1 cda),1,Carb,10 gr,0 gr,7 gr,0 gr,0 gr,28 kcal,,,,,,,,,,,,,,,,,,,,,,,,,,,,,,,,,,
,"Sat, Mar 14",9:20 ,"Leche, Protein",1.5,Lácteo,150 gr,7 gr,7 gr,0 gr,0 gr,56 kcal,,,,,,,,,,,,,,,,,,,,,,,,,,,,,,,,,,
,"Sat, Mar 14",9:20 ,Medialuna de Manteca,3,Carb,105 gr,6 gr,42 gr,22 gr,1 gr,387 kcal,,,,,,,,,,,,,,,,,,,,,,,,,,,,0.22,0.44,5.48,0.88,1.75,19.27,
,"Sat, Mar 14",14:05 ,Zucchini,0.3,Verdura,243 gr,3 gr,8 gr,0 gr,3 gr,41 kcal,04:45,,,,,,,,,,,,,,,,,,,,,,,,,,,,,,,,,
,"Sat, Mar 14",14:05 ,Zanahoria,0.2,Verdura,85 gr,1 gr,8 gr,0 gr,2 gr,35 kcal,,,,,,,,,,,,,,,,,,,,,,,,,,,,,,,,,,
,"Sat, Mar 14",14:05 ,Lentejas,0.5,Carb,115 gr,7 gr,18 gr,1 gr,6 gr,107 kcal,,,,,,,,,,,,,,,,,,,,,,,,,,,,,,,,,,
,"Sat, Mar 14",14:05 ,Salsa tipo casera Pomarola,1,Verdura,74 gr,1 gr,4 gr,1 gr,0 gr,26 kcal,,,,,,,,,,,,,,,,,,,,,,,,,,,,,,,,,,
,"Sat, Mar 14",14:05 ,"Vaca, Ojo de Bife",1,Proteína,140 gr,27 gr,0 gr,27 gr,0 gr,364 kcal,,,,,,,,,,,,,,,,,,,,,,,,,,,,0.27,1.06,11.17,,,13.30,
,"Sat, Mar 14",14:05 ,Pan Integral Raíces del Sur,1.5,Grano,41 gr,5 gr,16 gr,1 gr,3 gr,92 kcal,,,,,,,,,,,,,,,,,,,,,,,,,,,,,,,,,,
,"Sat, Mar 14",14:05 ,Queso Unt. La Serenisima Clásico Balance,2,Lácteo,20 gr,1 gr,1 gr,2 gr,0 gr,30 kcal,,,,,,,,,,,,,,,,,,,,,,,,,,,,0.02,0.06,0.62,0.09,0.15,1.19,
,"Sat, Mar 14",14:05 ,Huevo,1,Proteína,65 gr,8 gr,0 gr,8 gr,0 gr,101 kcal,,,,,,,,,,,,,,,,,,,,,,,,,,,,0.15,1.23,2.91,,,7.67,
,"Sat, Mar 14",14:05 ,"Aceite de oliva El Gran Juicio (EV, 1 cda sop)",0.1,Grano,1 gr,0 gr,0 gr,1 gr,0 gr,11 kcal,,,,,,,,,,,,,,,,,,,,,,,,,,,,0.01,0.12,0.90,,,1.20,
,"Sat, Mar 14",16:50 ,Banana,1,Fruta,132 gr,1 gr,30 gr,0 gr,3 gr,117 kcal,02:45,,,,,,,,,,,,,,,,,,,,,,,,,,,,,,,,,
,"Sat, Mar 14",16:50 ,"Leche, Protein",1.2,Lácteo,120 gr,6 gr,6 gr,0 gr,0 gr,44 kcal,,,,,,,,,,,,,,,,,,,,,,,,,,,,,,,,,,
,"Sat, Mar 14",16:50 ,Creatina Monohidrato,0.5,Complemento,0 gr,0 gr,0 gr,0 gr,0 gr,0 kcal,,,,,,,,,,,,,,,,,,,,,,,,,,,,,,,,,,
,"Sat, Mar 14",20:30 ,Café,1,Infusión,0 gr,0 gr,0 gr,0 gr,0 gr,0 kcal,03:40,,,,,,,,,,,,,,,,,,,,,,,,,,,,,,,,,
,"Sat, Mar 14",20:30 ,Miel (1 cda),1,Carb,10 gr,0 gr,7 gr,0 gr,0 gr,28 kcal,,,,,,,,,,,,,,,,,,,,,,,,,,,,,,,,,,
,"Sat, Mar 14",20:30 ,"Not protein bar, chocolate brownie",1,Procesado,45 gr,15 gr,14 gr,6 gr,6 gr,164 kcal,,,,,,,,,,,,,,,,,,,,,,,,,,,,,,,,,,
,"Sat, Mar 14",23:59 ,Atún (1 lata),1,Proteína,120 gr,31 gr,0 gr,1 gr,0 gr,139 kcal,03:29,,,,,,,,,,,,,,,,,,,,,,,,,,,0.14,0.02,0.08,,,0.98,
,"Sat, Mar 14",23:59 ,Arroz Integral,1,Grano,40 gr,1 gr,9 gr,0 gr,1 gr,44 kcal,,,,,,,,,,,,,,,,,,,,,,,,,,,,,,,,,,
,"Sat, Mar 14",23:59 ,Cebolla,0.4,Verdura,56 gr,1 gr,6 gr,0 gr,1 gr,24 kcal,,,,,,,,,,,,,,,,,,,,,,,,,,,,,,,,,,
,"Sat, Mar 14",23:59 ,Ají,0.5,Verdura,25 gr,0 gr,1 gr,0 gr,0 gr,5 kcal,,,,,,,,,,,,,,,,,,,,,,,,,,,,,,,,,,
,"Sat, Mar 14",23:59 ,Pan Multicereal D&D,1,Grano,25 gr,2 gr,12 gr,1 gr,1 gr,150 kcal,,,,,,,,,,,,,,,,,,,,,,,,,,,,,,,,,,
,"Sat, Mar 14",23:59 ,Queso Unt. La Serenisima Clásico Balance,1,Lácteo,10 gr,1 gr,1 gr,1 gr,0 gr,15 kcal,,,,,,122 gr,197 gr,72 gr,27 gr,"2,007 kcal",1632 gr,,115 gr,100 gr,124 gr,35 gr,2000 kcal,1 gr,3 gr,21 gr,1 gr,2 gr,44 gr,0 gr,25 gr,47 gr,1:3,0.01,0.03,0.31,0.04,0.07,0.60,
1,"Sun, Mar 15",14:15 ,Palta,0.5,Fruta,57 gr,1 gr,5 gr,8 gr,4 gr,91 kcal,14:16,,,,,,,,,,,,,,,,,,,,,,,,,,,0.08,1.17,5.93,,,8.36,
,"Sun, Mar 15",14:15 ,Atún (1 lata),1,Proteína,120 gr,31 gr,0 gr,1 gr,0 gr,139 kcal,,,,,,,,,,,,,,,,,,,,,,,,,,,,0.14,0.02,0.08,,,0.98,
,"Sun, Mar 15",14:15 ,Huevo,1,Proteína,63 gr,8 gr,0 gr,7 gr,0 gr,98 kcal,,,,,,,,,,,,,,,,,,,,,,,,,,,,0.15,1.19,2.82,,,7.43,
,"Sun, Mar 15",14:15 ,Queso Unt. La Serenisima Clásico Balance,3.7,Lácteo,37 gr,3 gr,3 gr,4 gr,0 gr,56 kcal,,,,,,,,,,,,,,,,,,,,,,,,,,,,0.04,0.12,1.14,0.16,0.28,2.21,
,"Sun, Mar 15",14:15 ,Tomate,0.5,Verdura,125 gr,1 gr,5 gr,0 gr,2 gr,23 kcal,,,,,,,,,,,,,,,,,,,,,,,,,,,,,,,,,,
,"Sun, Mar 15",14:15 ,"Aceite de oliva El Gran Juicio (EV, 1 cda sop)",0.1,Grano,1 gr,0 gr,0 gr,1 gr,0 gr,11 kcal,,,,,,,,,,,,,,,,,,,,,,,,,,,,0.01,0.12,0.90,,,1.20,
,"Sun, Mar 15",14:15 ,Pan Integral D&D,3,Grano,70 gr,6 gr,34 gr,2 gr,4 gr,162 kcal,,,,,,,,,,,,,,,,,,,,,,,,,,,,,,,,,,
,"Sun, Mar 15",14:55 ,"Yogurt, Ser",1,Lácteo,190 gr,9 gr,11 gr,0 gr,0 gr,80 kcal,00:40,,,,,,,,,,,,,,,,,,,,,,,,,,,,,,,,,
,"Sun, Mar 15",14:55 ,Avena Granix Instnatánea (2 cdas),1,Grano,30 gr,4 gr,18 gr,2 gr,3 gr,107 kcal,,,,,,,,,,,,,,,,,,,,,,,,,,,,,,,,,,
,"Sun, Mar 15",14:55 ,Vainillas Bimbo,1,Carb,12 gr,1 gr,9 gr,1 gr,0 gr,45 kcal,,,,,,,,,,,,,,,,,,,,,,,,,,,,,,,,,,
,"Sun, Mar 15",14:55 ,Pasta de maní King natural,0.75,Fruto Seco,12 gr,3 gr,1 gr,6 gr,1 gr,70 kcal,,,,,,,,,,,,,,,,,,,,,,,,,,,,,2.00,2.88,,,5.88,
,"Sun, Mar 15",17:15 ,Banana,1,Fruta,110 gr,1 gr,25 gr,0 gr,3 gr,98 kcal,02:20,,,,,,,,,,,,,,,,,,,,,,,,,,,,,,,,,
,"Sun, Mar 15",17:15 ,"Leche, Protein",1.2,Lácteo,120 gr,6 gr,6 gr,0 gr,0 gr,44 kcal,,,,,,,,,,,,,,,,,,,,,,,,,,,,,,,,,,
,"Sun, Mar 15",17:15 ,Creatina Monohidrato,0.5,Complemento,0 gr,0 gr,0 gr,0 gr,0 gr,0 kcal,,,,,,,,,,,,,,,,,,,,,,,,,,,,,,,,,,
,"Sun, Mar 15",18:30 ,"Not protein bar, crunchy, choco maní",1,Procesado,35 gr,9 gr,17 gr,4 gr,7 gr,142 kcal,01:15,,,,,,,,,,,,,,,,,,,,,,,,,,,,,,,,,
,"Sun, Mar 15",18:30 ,Café,1,Infusión,0 gr,0 gr,0 gr,0 gr,0 gr,0 kcal,,,,,,,,,,,,,,,,,,,,,,,,,,,,,,,,,,
,"Sun, Mar 15",18:30 ,Miel (1 cda),1,Carb,10 gr,0 gr,7 gr,0 gr,0 gr,28 kcal,,,,,,,,,,,,,,,,,,,,,,,,,,,,,,,,,,
,"Sun, Mar 15",18:30 ,"Leche, Protein",0.8,Lácteo,80 gr,4 gr,4 gr,0 gr,0 gr,30 kcal,,,,,,,,,,,,,,,,,,,,,,,,,,,,,,,,,,
,"Sun, Mar 15",18:30 ,Pepas De Membrillo La Abuela,2,Procesado,30 gr,0 gr,19 gr,6 gr,2 gr,131 kcal,,,,,,,,,,,,,,,,,,,,,,,,,,,,,,,,,,
,"Sun, Mar 15",23:20 ,Arroz Integral,1,Grano,40 gr,1 gr,9 gr,0 gr,1 gr,44 kcal,04:50,,,,,,,,,,,,,,,,,,,,,,,,,,,,,,,,,
,"Sun, Mar 15",23:20 ,Zucchini,0.3,Verdura,122 gr,1 gr,4 gr,0 gr,1 gr,21 kcal,,,,,,,,,,,,,,,,,,,,,,,,,,,,,,,,,,
,"Sun, Mar 15",23:20 ,Zanahoria,0.2,Verdura,24 gr,0 gr,2 gr,0 gr,1 gr,10 kcal,,,,,,,,,,,,,,,,,,,,,,,,,,,,,,,,,,
,"Sun, Mar 15",23:20 ,Atún (1 lata),1,Proteína,120 gr,31 gr,0 gr,1 gr,0 gr,139 kcal,,,,,,,,,,,,,,,,,,,,,,,,,,,,0.14,0.02,0.08,,,0.98,
,"Sun, Mar 15",23:20 ,Maní,1,Fruto Seco,15 gr,4 gr,1 gr,7 gr,1 gr,87 kcal,,,,,,,,,,,,,,,,,,,,,,,,,,,,,2.50,3.60,,,7.35,
,"Sun, Mar 15",23:20 ,Jardinera,0.5,Carb,108 gr,4 gr,14 gr,0 gr,4 gr,75 kcal,,,,,,,,,,,,,,,,,,,,,,,,,,,,,,,,,,
,"Sun, Mar 15",23:20 ,Pan Integral D&D,2,Grano,50 gr,4 gr,24 gr,1 gr,3 gr,116 kcal,,,,,,,,,,,,,,,,,,,,,,,,,,,,,,,,,,
,"Sun, Mar 15",23:20 ,Queso Unt. La Serenisima Clásico Balance,2,Lácteo,20 gr,1 gr,1 gr,2 gr,0 gr,30 kcal,,,,,,,,,,,,,,,,,,,,,,,,,,,,0.02,0.06,0.62,0.09,0.15,1.19,
,"Sun, Mar 15",23:55 ,Yogurt Griego Yogusísimo (140g),1,Lácteo,140 gr,9 gr,12 gr,4 gr,0 gr,115 kcal,00:35,,,,,,,,,,,,,,,,,,,,,,,,,,,,,,,,,
,"Sun, Mar 15",23:55 ,Vainillas Bimbo,1,Carb,12 gr,1 gr,9 gr,1 gr,0 gr,45 kcal,,,,,,141 gr,239 gr,60 gr,35 gr,"2,035 kcal",1753 gr,,115 gr,100 gr,124 gr,35 gr,2000 kcal,1 gr,7 gr,18 gr,0 gr,0 gr,36 gr,0 gr,26 gr,36 gr,1:7,,,,,,,
1,"Mon, Mar 16",9:15 ,Te,1,Infusión,0 gr,0 gr,0 gr,0 gr,0 gr,0 kcal,09:20,,,,,,,,,,,,,,,,,,,,,,,,,,,,,,,,,
,"Mon, Mar 16",9:15 ,Miel (1 cda),1,Carb,10 gr,0 gr,7 gr,0 gr,0 gr,28 kcal,,,,,,,,,,,,,,,,,,,,,,,,,,,,,,,,,,
,"Mon, Mar 16",9:15 ,"Leche, Protein",0.4,Lácteo,42 gr,2 gr,2 gr,0 gr,0 gr,16 kcal,,,,,,,,,,,,,,,,,,,,,,,,,,,,,,,,,,
,"Mon, Mar 16",9:15 ,Pan Integral D&D,2,Grano,50 gr,4 gr,24 gr,1 gr,3 gr,116 kcal,,,,,,,,,,,,,,,,,,,,,,,,,,,,,,,,,,
,"Mon, Mar 16",9:15 ,Queso Unt. La Serenisima Clásico Balance,2,Lácteo,20 gr,1 gr,1 gr,2 gr,0 gr,30 kcal,,,,,,,,,,,,,,,,,,,,,,,,,,,,0.02,0.06,0.62,0.09,0.15,1.19,
,"Mon, Mar 16",9:15 ,Huevo,1,Proteína,65 gr,8 gr,0 gr,8 gr,0 gr,101 kcal,,,,,,,,,,,,,,,,,,,,,,,,,,,,0.15,1.23,2.91,,,7.67,
,"Mon, Mar 16",9:15 ,Pepas De Membrillo La Abuela,2,Procesado,30 gr,0 gr,19 gr,6 gr,2 gr,131 kcal,,,,,,,,,,,,,,,,,,,,,,,,,,,,,,,,,,
,"Mon, Mar 16",13:20 ,Pollo (1 pechuga),0.65,Proteína,195 gr,56 gr,0 gr,6 gr,0 gr,294 kcal,04:05,,,,,,,,,,,,,,,,,,,,,,,,,,,0.06,1.25,2.50,,,6.24,
,"Mon, Mar 16",13:20 ,Papa,2,Carb,200 gr,4 gr,43 gr,0 gr,0 gr,184 kcal,,,,,,,,,,,,,,,,,,,,,,,,,,,,,,,,,,
,"Mon, Mar 16",13:20 ,Salsa tipo casera Pomarola,0.5,Verdura,40 gr,0 gr,2 gr,0 gr,0 gr,14 kcal,,,,,,,,,,,,,,,,,,,,,,,,,,,,,,,,,,
,"Mon, Mar 16",13:20 ,Aceite de girasol (1 cda sop),0.2,Grano,2 gr,0 gr,0 gr,2 gr,0 gr,22 kcal,,,,,,,,,,,,,,,,,,,,,,,,,,,,,1.63,0.48,,,2.40,
,"Mon, Mar 16",13:20 ,Cebolla,0.4,Verdura,56 gr,1 gr,6 gr,0 gr,1 gr,24 kcal,,,,,,,,,,,,,,,,,,,,,,,,,,,,,,,,,,
,"Mon, Mar 16",14:15 ,Banana,1,Fruta,134 gr,1 gr,31 gr,0 gr,3 gr,119 kcal,00:55,,,,,,,,,,,,,,,,,,,,,,,,,,,,,,,,,
,"Mon, Mar 16",14:15 ,"Leche, Protein",1.2,Lácteo,120 gr,6 gr,6 gr,0 gr,0 gr,44 kcal,,,,,,,,,,,,,,,,,,,,,,,,,,,,,,,,,,
,"Mon, Mar 16",14:15 ,Creatina Monohidrato,0.5,Complemento,0 gr,0 gr,0 gr,0 gr,0 gr,0 kcal,,,,,,,,,,,,,,,,,,,,,,,,,,,,,,,,,,
,"Mon, Mar 16",14:15 ,"Ceral, galletitas de algarroba (4 un)",0.75,Procesado,23 gr,1 gr,10 gr,1 gr,6 gr,55 kcal,,,,,,,,,,,,,,,,,,,,,,,,,,,,,,,,,,
,"Mon, Mar 16",17:35 ,Café,1,Infusión,0 gr,0 gr,0 gr,0 gr,0 gr,0 kcal,03:20,,,,,,,,,,,,,,,,,,,,,,,,,,,,,,,,,
,"Mon, Mar 16",17:35 ,Miel (1 cda),1,Carb,10 gr,0 gr,7 gr,0 gr,0 gr,28 kcal,,,,,,,,,,,,,,,,,,,,,,,,,,,,,,,,,,
,"Mon, Mar 16",17:35 ,"Leche, Protein",1.5,Lácteo,150 gr,7 gr,7 gr,0 gr,0 gr,56 kcal,,,,,,,,,,,,,,,,,,,,,,,,,,,,,,,,,,
,"Mon, Mar 16",17:35 ,"Ceral, galletitas de algarroba (4 un)",1,Procesado,30 gr,2 gr,13 gr,2 gr,8 gr,73 kcal,,,,,,,,,,,,,,,,,,,,,,,,,,,,,,,,,,
,"Mon, Mar 16",17:35 ,"Chocolate, Águila (1 barrita)",0.4,Carb,7 gr,0 gr,4 gr,2 gr,0 gr,33 kcal,,,,,,,,,,,,,,,,,,,,,,,,,,,,,0.05,0.55,,,1.68,
,"Mon, Mar 16",17:35 ,Castaña de Cajú,1,Fruto Seco,7 gr,1 gr,2 gr,3 gr,0 gr,39 kcal,,,,,,,,,,,,,,,,,,,,,,,,,,,,,0.52,1.85,,,3.08,
,"Mon, Mar 16",17:35 ,Almendra (1),1,Fruto Seco,7 gr,1 gr,0 gr,4 gr,1 gr,40 kcal,,,,,,,,,,,,,,,,,,,,,,,,,,,,,0.67,2.73,,,3.75,
,"Mon, Mar 16",23:20 ,"Yogurt, Ser",1,Lácteo,190 gr,9 gr,11 gr,0 gr,0 gr,80 kcal,05:45,,,,,,,,,,,,,,,,,,,,,,,,,,,,,,,,,
,"Mon, Mar 16",23:20 ,Avena Granix Instnatánea (2 cdas),1.5,Grano,40 gr,5 gr,24 gr,3 gr,4 gr,142 kcal,,,,,,,,,,,,,,,,,,,,,,,,,,,,,,,,,,
,"Mon, Mar 16",23:20 ,Pasta de maní King natural,1,Fruto Seco,17 gr,4 gr,2 gr,8 gr,2 gr,100 kcal,,,,,,,,,,,,,,,,,,,,,,,,,,,,,2.83,4.08,,,8.33,
,"Mon, Mar 16",23:20 ,"Not protein bar, chocolate brownie",1,Procesado,45 gr,15 gr,14 gr,6 gr,6 gr,164 kcal,,,,,,,,,,,,,,,,,,,,,,,,,,,,,,,,,,
,"Mon, Mar 16",23:20 ,Almendra (1),0.5,Fruto Seco,4 gr,1 gr,0 gr,2 gr,1 gr,20 kcal,,,,,,130 gr,234 gr,57 gr,36 gr,"1,952 kcal",1493 gr,,115 gr,100 gr,124 gr,35 gr,2000 kcal,0 gr,9 gr,17 gr,0 gr,0 gr,36 gr,0 gr,26 gr,36 gr,0:9,,0.34,1.37,,,1.87,
1,"Tue, Mar 17",11:10 ,Pan Integral D&D,2,Grano,50 gr,4 gr,24 gr,1 gr,3 gr,116 kcal,11:50,,,,,,,,,,,,,,,,,,,,,,,,,,,,,,,,,
,"Tue, Mar 17",11:10 ,Huevo,1,Proteína,65 gr,8 gr,0 gr,8 gr,0 gr,101 kcal,,,,,,,,,,,,,,,,,,,,,,,,,,,,0.15,1.23,2.91,,,7.67,
,"Tue, Mar 17",11:10 ,Palta,0.5,Fruta,50 gr,1 gr,4 gr,7 gr,3 gr,80 kcal,,,,,,,,,,,,,,,,,,,,,,,,,,,,0.07,1.03,5.20,,,7.33,
,"Tue, Mar 17",11:10 ,Queso Unt. La Serenisima Clásico Balance,2,Lácteo,27 gr,2 gr,2 gr,3 gr,0 gr,41 kcal,,,,,,,,,,,,,,,,,,,,,,,,,,,,0.03,0.09,0.84,0.12,0.20,1.61,
,"Tue, Mar 17",11:10 ,Garbanzos,0.5,Carb,80 gr,5 gr,14 gr,1 gr,3 gr,82 kcal,,,,,,,,,,,,,,,,,,,,,,,,,,,,,,,,,,
,"Tue, Mar 17",11:10 ,"Aceite de oliva El Gran Juicio (EV, 1 cda sop)",0.1,Grano,1 gr,0 gr,0 gr,1 gr,0 gr,11 kcal,,,,,,,,,,,,,,,,,,,,,,,,,,,,0.01,0.12,0.90,,,1.20,
,"Tue, Mar 17",11:10 ,"Leche, Protein",0.45,Lácteo,45 gr,2 gr,2 gr,0 gr,0 gr,17 kcal,,,,,,,,,,,,,,,,,,,,,,,,,,,,,,,,,,
,"Tue, Mar 17",11:10 ,Pepas De Membrillo La Abuela,2,Procesado,30 gr,0 gr,19 gr,6 gr,2 gr,131 kcal,,,,,,,,,,,,,,,,,,,,,,,,,,,,,,,,,,
,"Tue, Mar 17",14:45 ,Pollo (1 pechuga),0.5,Proteína,180 gr,51 gr,0 gr,6 gr,0 gr,272 kcal,03:35,,,,,,,,,,,,,,,,,,,,,,,,,,,0.06,1.15,2.30,,,5.76,
,"Tue, Mar 17",14:45 ,Zucchini,0.5,Verdura,140 gr,2 gr,5 gr,0 gr,2 gr,24 kcal,,,,,,,,,,,,,,,,,,,,,,,,,,,,,,,,,,
,"Tue, Mar 17",14:45 ,Jardinera,0.5,Carb,208 gr,9 gr,27 gr,0 gr,7 gr,144 kcal,,,,,,,,,,,,,,,,,,,,,,,,,,,,,,,,,,
,"Tue, Mar 17",14:45 ,Garbanzos,0.5,Carb,135 gr,9 gr,24 gr,1 gr,6 gr,138 kcal,,,,,,,,,,,,,,,,,,,,,,,,,,,,,,,,,,
,"Tue, Mar 17",14:45 ,Papa,1,Carb,100 gr,2 gr,21 gr,0 gr,0 gr,92 kcal,,,,,,,,,,,,,,,,,,,,,,,,,,,,,,,,,,
,"Tue, Mar 17",14:45 ,Pan Integral D&D,2,Grano,47 gr,4 gr,23 gr,1 gr,2 gr,109 kcal,,,,,,,,,,,,,,,,,,,,,,,,,,,,,,,,,,
,"Tue, Mar 17",14:45 ,Queso Unt. La Serenisima Clásico Balance,2,Lácteo,20 gr,1 gr,1 gr,2 gr,0 gr,30 kcal,,,,,,,,,,,,,,,,,,,,,,,,,,,,0.02,0.06,0.62,0.09,0.15,1.19,
,"Tue, Mar 17",14:45 ,"Aceite de oliva El Gran Juicio (EV, 1 cda sop)",0.1,Grano,1 gr,0 gr,0 gr,1 gr,0 gr,11 kcal,,,,,,,,,,,,,,,,,,,,,,,,,,,,0.01,0.12,0.90,,,1.20,
,"Tue, Mar 17",15:45 ,Banana,0.9,Fruta,130 gr,1 gr,30 gr,0 gr,3 gr,116 kcal,01:00,,,,,,,,,,,,,,,,,,,,,,,,,,,,,,,,,
,"Tue, Mar 17",15:45 ,"Leche, Protein",1.2,Lácteo,120 gr,6 gr,6 gr,0 gr,0 gr,44 kcal,,,,,,,,,,,,,,,,,,,,,,,,,,,,,,,,,,
,"Tue, Mar 17",15:45 ,Creatina Monohidrato,0.5,Complemento,0 gr,0 gr,0 gr,0 gr,0 gr,0 kcal,,,,,,,,,,,,,,,,,,,,,,,,,,,,,,,,,,
,"Tue, Mar 17",18:00 ,Café,1,Infusión,0 gr,0 gr,0 gr,0 gr,0 gr,0 kcal,02:15,,,,,,,,,,,,,,,,,,,,,,,,,,,,,,,,,
,"Tue, Mar 17",18:00 ,Miel (1 cda),1,Carb,10 gr,0 gr,7 gr,0 gr,0 gr,28 kcal,,,,,,,,,,,,,,,,,,,,,,,,,,,,,,,,,,
,"Tue, Mar 17",18:00 ,"Leche, Protein",1.5,Lácteo,150 gr,7 gr,7 gr,0 gr,0 gr,56 kcal,,,,,,,,,,,,,,,,,,,,,,,,,,,,,,,,,,
,"Tue, Mar 17",18:00 ,"Not protein bar, crunchy, choco maní",1,Procesado,35 gr,9 gr,17 gr,4 gr,7 gr,142 kcal,,,,,,,,,,,,,,,,,,,,,,,,,,,,,,,,,,
,"Tue, Mar 17",21:15 ,"Spaghetti con espinaca, Rina Matarazzo",1,Grano,80 gr,11 gr,55 gr,1 gr,3 gr,271 kcal,03:15,,,,,,,,,,,,,,,,,,,,,,,,,,,,,,,,,
,"Tue, Mar 17",21:15 ,Pollo (1 pechuga),0.2,Proteína,60 gr,17 gr,0 gr,2 gr,0 gr,91 kcal,,,,,,,,,,,,,,,,,,,,,,,,,,,,0.02,0.38,0.77,,,1.92,
,"Tue, Mar 17",21:15 ,"Vaca, Ojo de Bife",0.3,Proteína,30 gr,6 gr,0 gr,6 gr,0 gr,78 kcal,,,,,,,,,,,,,,,,,,,,,,,,,,,,0.06,0.23,2.39,,,2.85,
,"Tue, Mar 17",21:15 ,Salsa tipo casera Pomarola,0.3,Verdura,24 gr,0 gr,1 gr,0 gr,0 gr,8 kcal,,,,,,156 gr,290 gr,52 gr,41 gr,"2,230 kcal",1818 gr,,115 gr,100 gr,124 gr,35 gr,2000 kcal,0 gr,4 gr,17 gr,0 gr,0 gr,31 gr,0 gr,22 gr,31 gr,0:4,,,,,,,
1,"Wed, Mar 18",12:00 ,Pan Integral D&D,2,Grano,50 gr,4 gr,24 gr,1 gr,3 gr,116 kcal,14:45,,,,,,,,,,,,,,,,,,,,,,,,,,,,,,,,,
,"Wed, Mar 18",12:00 ,Palta,0.4,Fruta,35 gr,1 gr,3 gr,5 gr,2 gr,56 kcal,,,,,,,,,,,,,,,,,,,,,,,,,,,,0.05,0.72,3.64,,,5.13,
,"Wed, Mar 18",12:00 ,Queso Unt. Finlandia Light,2.5,Lácteo,25 gr,2 gr,1 gr,4 gr,0 gr,48 kcal,,,,,,,,,,,,,,,,,,,,,,,,,,,,0.04,0.11,1.06,0.15,0.26,2.05,
,"Wed, Mar 18",12:00 ,"Aceite de oliva El Gran Juicio (EV, 1 cda sop)",0.1,Grano,1 gr,0 gr,0 gr,1 gr,0 gr,11 kcal,,,,,,,,,,,,,,,,,,,,,,,,,,,,0.01,0.12,0.90,,,1.20,
,"Wed, Mar 18",12:00 ,"Spaghetti con espinaca, Rina Matarazzo",0.4,Grano,46 gr,6 gr,32 gr,0 gr,1 gr,156 kcal,,,,,,,,,,,,,,,,,,,,,,,,,,,,,,,,,,
,"Wed, Mar 18",12:00 ,Pollo (1 pechuga),0.2,Proteína,40 gr,11 gr,0 gr,1 gr,0 gr,60 kcal,,,,,,,,,,,,,,,,,,,,,,,,,,,,0.01,0.26,0.51,,,1.28,
,"Wed, Mar 18",13:30,Pollo (1 pechuga),0.5,Proteína,71 gr,20 gr,0 gr,2 gr,0 gr,107 kcal,01:30,,,,,,,,,,,,,,,,,,,,,,,,,,,0.02,0.45,0.91,,,2.27,
,"Wed, Mar 18",13:30 ,Papa,1,Carb,350 gr,7 gr,75 gr,0 gr,0 gr,322 kcal,,,,,,,,,,,,,,,,,,,,,,,,,,,,,,,,,,
,"Wed, Mar 18",13:30 ,"Ensalada (lechuga, repollo b+m, zanahoria)",0.4,Verdura,40 gr,1 gr,2 gr,0 gr,1 gr,10 kcal,,,,,,,,,,,,,,,,,,,,,,,,,,,,,,,,,,
,"Wed, Mar 18",13:30 ,Queso Unt. Finlandia Light,2.2,Lácteo,22 gr,2 gr,1 gr,3 gr,0 gr,42 kcal,,,,,,,,,,,,,,,,,,,,,,,,,,,,0.03,0.10,0.94,0.13,0.23,1.81,
,"Wed, Mar 18",14:20,Banana,1,Fruta,117 gr,1 gr,27 gr,0 gr,3 gr,104 kcal,00:50,,,,,,,,,,,,,,,,,,,,,,,,,,,,,,,,,
,"Wed, Mar 18",14:20 ,"Leche, Protein",1.2,Lácteo,120 gr,6 gr,6 gr,0 gr,0 gr,44 kcal,,,,,,,,,,,,,,,,,,,,,,,,,,,,,,,,,,
,"Wed, Mar 18",14:20 ,Creatina Monohidrato,0.5,Complemento,0 gr,0 gr,0 gr,0 gr,0 gr,0 kcal,,,,,,,,,,,,,,,,,,,,,,,,,,,,,,,,,,
,"Wed, Mar 18",14:20 ,"Ceral, galletitas de algarroba (4 un)",0.5,Procesado,15 gr,1 gr,7 gr,1 gr,4 gr,37 kcal,,,,,,,,,,,,,,,,,,,,,,,,,,,,,,,,,,
,"Wed, Mar 18",20:00 ,Café,1,Infusión,0 gr,0 gr,0 gr,0 gr,0 gr,0 kcal,05:40,,,,,,,,,,,,,,,,,,,,,,,,,,,,,,,,,
,"Wed, Mar 18",20:00 ,Miel (1 cda),1,Carb,10 gr,0 gr,7 gr,0 gr,0 gr,28 kcal,,,,,,,,,,,,,,,,,,,,,,,,,,,,,,,,,,
,"Wed, Mar 18",20:00 ,"Leche, Protein",0.8,Lácteo,80 gr,4 gr,4 gr,0 gr,0 gr,30 kcal,,,,,,,,,,,,,,,,,,,,,,,,,,,,,,,,,,
,"Wed, Mar 18",20:00 ,"Not protein bar, chocolate brownie",1.2,Procesado,55 gr,18 gr,17 gr,7 gr,7 gr,200 kcal,,,,,,,,,,,,,,,,,,,,,,,,,,,,,,,,,,
,"Wed, Mar 18",20:00 ,Pepas De Membrillo La Abuela,1,Procesado,15 gr,0 gr,10 gr,3 gr,1 gr,66 kcal,,,,,,,,,,,,,,,,,,,,,,,,,,,,,,,,,,
,"Wed, Mar 18",20:00 ,Nuez (1),1,Fruto Seco,5 gr,1 gr,1 gr,3 gr,0 gr,34 kcal,,,,,,,,,,,,,,,,,,,,,,,,,,,,0.32,1.63,0.70,,,3.19,
,"Wed, Mar 18",20:00 ,Almendras con Chocolate (1),1,Carb,5 gr,1 gr,2 gr,2 gr,0 gr,27 kcal,,,,,,,,,,,,,,,,,,,,,,,,,,,,,0.32,1.31,,,1.80,
,"Wed, Mar 18",20:00 ,Castaña de Cajú,1,Fruto Seco,5 gr,1 gr,2 gr,2 gr,0 gr,28 kcal,,,,,,,,,,,,,,,,,,,,,,,,,,,,,0.37,1.32,,,2.20,
,"Wed, Mar 18",23:00 ,Arroz Integral,1,Grano,35 gr,1 gr,8 gr,0 gr,1 gr,39 kcal,03:00,,,,,,,,,,,,,,,,,,,,,,,,,,,,,,,,,
,"Wed, Mar 18",23:00 ,Atún (1 lata),1,Proteína,120 gr,31 gr,0 gr,1 gr,0 gr,139 kcal,,,,,,,,,,,,,,,,,,,,,,,,,,,,0.14,0.02,0.08,,,0.98,
,"Wed, Mar 18",23:00 ,Maní King Tostado Sin Piel Sin Sodio (1 cda sop),1,Fruto Seco,15 gr,4 gr,2 gr,8 gr,1 gr,89 kcal,,,,,,,,,,,,,,,,,,,,,,,,,,,,,2.55,3.68,,,7.50,
,"Wed, Mar 18",23:00 ,Lentejas,0.5,Carb,75 gr,5 gr,12 gr,1 gr,4 gr,70 kcal,,,,,,,,,,,,,,,,,,,,,,,,,,,,,,,,,,
,"Wed, Mar 18",23:00 ,"Aceite de oliva El Gran Juicio (EV, 1 cda sop)",0.1,Grano,1 gr,0 gr,0 gr,1 gr,0 gr,11 kcal,,,,,,,,,,,,,,,,,,,,,,,,,,,,0.01,0.12,0.90,,,1.20,
,"Wed, Mar 18",23:30 ,"Yogurt, Ser",1,Lácteo,190 gr,9 gr,11 gr,0 gr,0 gr,80 kcal,00:30,,,,,,,,,,,,,,,,,,,,,,,,,,,,,,,,,
,"Wed, Mar 18",23:50 ,Vainillas Bimbo,1,Carb,12 gr,1 gr,9 gr,1 gr,0 gr,45 kcal,00:20,,,,,,,,,,,,,,,,,,,,,,,,,,,,,,,,,
,"Wed, Mar 18",23:50 ,"Ceral, galletitas de algarroba (4 un)",0.5,Procesado,15 gr,1 gr,7 gr,1 gr,4 gr,37 kcal,,,,,,,,,,,,,,,,,,,,,,,,,,,,,,,,,,
,"Wed, Mar 18",23:50 ,Queso Unt. Finlandia Light,2.5,Lácteo,25 gr,2 gr,1 gr,4 gr,0 gr,48 kcal,,,,,,140 gr,267 gr,53 gr,32 gr,"2,080 kcal",1595 gr,,115 gr,100 gr,124 gr,35 gr,2000 kcal,1 gr,7 gr,17 gr,0 gr,1 gr,33 gr,0 gr,25 gr,34 gr,1:7,0.04,0.11,1.06,0.15,0.26,2.05,
1,"Thu, Mar 19",10:30 ,Pan Integral D&D,2,Grano,50 gr,4 gr,24 gr,1 gr,3 gr,116 kcal,10:40,,,,,,,,,,,,,,,,,,,,,,,,,,,,,,,,,
,"Thu, Mar 19",10:30 ,Queso Unt. Finlandia Light,3.5,Lácteo,35 gr,3 gr,2 gr,5 gr,0 gr,67 kcal,,,,,,,,,,,,,,,,,,,,,,,,,,,,0.05,0.15,1.49,0.21,0.36,2.87,
,"Thu, Mar 19",10:30 ,Palta,0.4,Fruta,43 gr,1 gr,4 gr,6 gr,3 gr,69 kcal,,,,,,,,,,,,,,,,,,,,,,,,,,,,0.06,0.88,4.48,,,6.30,
,"Thu, Mar 19",10:30 ,Huevo,1,Proteína,65 gr,8 gr,0 gr,8 gr,0 gr,101 kcal,,,,,,,,,,,,,,,,,,,,,,,,,,,,0.15,1.23,2.91,,,7.67,
,"Thu, Mar 19",10:30 ,"Aceite de oliva El Gran Juicio (EV, 1 cda sop)",0.2,Grano,2 gr,0 gr,0 gr,2 gr,0 gr,22 kcal,,,,,,,,,,,,,,,,,,,,,,,,,,,,0.02,0.24,1.80,,,2.40,
,"Thu, Mar 19",10:30 ,"Ensalada (lechuga, repollo b+m, zanahoria)",0.5,Verdura,40 gr,1 gr,2 gr,0 gr,1 gr,10 kcal,,,,,,,,,,,,,,,,,,,,,,,,,,,,,,,,,,
,"Thu, Mar 19",10:30 ,Lentejas,0.4,Carb,30 gr,2 gr,5 gr,0 gr,1 gr,28 kcal,,,,,,,,,,,,,,,,,,,,,,,,,,,,,,,,,,
,"Thu, Mar 19",11:00 ,Café,1,Infusión,0 gr,0 gr,0 gr,0 gr,0 gr,0 kcal,00:30,,,,,,,,,,,,,,,,,,,,,,,,,,,,,,,,,
,"Thu, Mar 19",11:00 ,"Leche, Protein",0.4,Lácteo,40 gr,2 gr,2 gr,0 gr,0 gr,15 kcal,,,,,,,,,,,,,,,,,,,,,,,,,,,,,,,,,,
,"Thu, Mar 19",11:00 ,"Ceral, galletitas de algarroba (4 un)",1,Procesado,27 gr,2 gr,12 gr,1 gr,7 gr,66 kcal,,,,,,,,,,,,,,,,,,,,,,,,,,,,,,,,,,
,"Thu, Mar 19",11:00 ,"Chocolate, Águila (1 barrita)",0.5,Carb,7 gr,0 gr,4 gr,2 gr,0 gr,33 kcal,,,,,,,,,,,,,,,,,,,,,,,,,,,,,0.05,0.55,,,1.68,
,"Thu, Mar 19",11:00 ,Nuez (1),1,Fruto Seco,4 gr,1 gr,0 gr,3 gr,0 gr,27 kcal,,,,,,,,,,,,,,,,,,,,,,,,,,,,0.26,1.30,0.56,,,2.55,
,"Thu, Mar 19",11:00 ,Almendra (1),0.5,Fruto Seco,4 gr,1 gr,0 gr,2 gr,1 gr,20 kcal,,,,,,,,,,,,,,,,,,,,,,,,,,,,,0.34,1.37,,,1.87,
,"Thu, Mar 19",11:00 ,Castaña de Cajú,0.5,Fruto Seco,4 gr,1 gr,1 gr,2 gr,0 gr,22 kcal,,,,,,,,,,,,,,,,,,,,,,,,,,,,,0.30,1.06,,,1.76,
,"Thu, Mar 19",11:00 ,Miel (1 cda),1,Carb,10 gr,0 gr,7 gr,0 gr,0 gr,28 kcal,,,,,,,,,,,,,,,,,,,,,,,,,,,,,,,,,,
,"Thu, Mar 19",14:50 ,Pollo (1 pechuga),0.6,Proteína,180 gr,51 gr,0 gr,6 gr,0 gr,272 kcal,03:50,,,,,,,,,,,,,,,,,,,,,,,,,,,0.06,1.15,2.30,,,5.76,
,"Thu, Mar 19",14:50 ,Cebolla,0.5,Verdura,125 gr,1 gr,13 gr,0 gr,2 gr,53 kcal,,,,,,,,,,,,,,,,,,,,,,,,,,,,,,,,,,
,"Thu, Mar 19",14:50 ,Lentejas,0.6,Carb,100 gr,7 gr,16 gr,1 gr,5 gr,93 kcal,,,,,,,,,,,,,,,,,,,,,,,,,,,,,,,,,,
,"Thu, Mar 19",16:00 ,Banana,1,Fruta,117 gr,1 gr,27 gr,0 gr,3 gr,104 kcal,01:10,,,,,,,,,,,,,,,,,,,,,,,,,,,,,,,,,
,"Thu, Mar 19",16:00 ,"Leche, Protein",1.2,Lácteo,120 gr,6 gr,6 gr,0 gr,0 gr,44 kcal,,,,,,,,,,,,,,,,,,,,,,,,,,,,,,,,,,
,"Thu, Mar 19",16:00 ,Creatina Monohidrato,0.5,Complemento,0 gr,0 gr,0 gr,0 gr,0 gr,0 kcal,,,,,,,,,,,,,,,,,,,,,,,,,,,,,,,,,,
,"Thu, Mar 19",18:50 ,Café,1,Infusión,0 gr,0 gr,0 gr,0 gr,0 gr,0 kcal,02:50,,,,,,,,,,,,,,,,,,,,,,,,,,,,,,,,,
,"Thu, Mar 19",18:50 ,Miel (1 cda),1,Carb,10 gr,0 gr,7 gr,0 gr,0 gr,28 kcal,,,,,,,,,,,,,,,,,,,,,,,,,,,,,,,,,,
,"Thu, Mar 19",18:50 ,"Leche, Protein",0.8,Lácteo,80 gr,4 gr,4 gr,0 gr,0 gr,30 kcal,,,,,,,,,,,,,,,,,,,,,,,,,,,,,,,,,,
,"Thu, Mar 19",18:50 ,Whey Protein Bar Banana,1,Procesado,46 gr,15 gr,17 gr,7 gr,1 gr,176 kcal,,,,,,,,,,,,,,,,,,,,,,,,,,,,,,,,,,
,"Thu, Mar 19",22:00 ,Pollo (1 pechuga),0.5,Proteína,150 gr,43 gr,0 gr,5 gr,0 gr,227 kcal,03:10,,,,,,,,,,,,,,,,,,,,,,,,,,,0.05,0.96,1.92,,,4.80,
,"Thu, Mar 19",22:00 ,"Ensalada (lechuga, repollo b+m, zanahoria)",0.8,Verdura,73 gr,1 gr,3 gr,0 gr,1 gr,18 kcal,,,,,,,,,,,,,,,,,,,,,,,,,,,,,,,,,,
,"Thu, Mar 19",22:00 ,"Aceite de oliva El Gran Juicio (EV, 1 cda sop)",0.3,Grano,4 gr,0 gr,0 gr,4 gr,0 gr,32 kcal,,,,,,,,,,,,,,,,,,,,,,,,,,,,0.04,0.36,2.70,,,3.60,
,"Thu, Mar 19",22:00 ,Queso Unt. Finlandia Light,2,Lácteo,20 gr,2 gr,1 gr,3 gr,0 gr,38 kcal,,,,,,,,,,,,,,,,,,,,,,,,,,,,0.03,0.09,0.85,0.12,0.21,1.64,
,"Thu, Mar 19",22:45 ,Manzana,1,Fruta,174 gr,1 gr,33 gr,0 gr,5 gr,125 kcal,00:45,,,,,,,,,,,,,,,,,,,,,,,,,,,,,,,,,
,"Thu, Mar 19",22:45 ,Pera,1,Fruta,145 gr,0 gr,22 gr,0 gr,4 gr,87 kcal,,,,,,155 gr,210 gr,58 gr,37 gr,"1,950 kcal",1705 gr,,115 gr,100 gr,124 gr,35 gr,2000 kcal,1 gr,7 gr,22 gr,0 gr,1 gr,43 gr,0 gr,30 gr,44 gr,1:7,,,,,,,
1,"Fri, Mar 20",10:25 ,Te,1,Infusión,0 gr,0 gr,0 gr,0 gr,0 gr,0 kcal,11:40,,,,,,,,,,,,,,,,,,,,,,,,,,,,,,,,,
,"Fri, Mar 20",10:25 ,"Leche, Protein",0.4,Lácteo,48 gr,2 gr,2 gr,0 gr,0 gr,18 kcal,,,,,,,,,,,,,,,,,,,,,,,,,,,,,,,,,,
,"Fri, Mar 20",10:25 ,Pan Integral D&D,2,Grano,50 gr,4 gr,24 gr,1 gr,3 gr,116 kcal,,,,,,,,,,,,,,,,,,,,,,,,,,,,,,,,,,
,"Fri, Mar 20",10:25 ,Queso Unt. Finlandia Light,2,Lácteo,25 gr,2 gr,1 gr,4 gr,0 gr,48 kcal,,,,,,,,,,,,,,,,,,,,,,,,,,,,0.04,0.11,1.06,0.15,0.26,2.05,
,"Fri, Mar 20",10:25 ,Huevo,1,Proteína,65 gr,8 gr,0 gr,8 gr,0 gr,101 kcal,,,,,,,,,,,,,,,,,,,,,,,,,,,,0.15,1.23,2.91,,,7.67,
,"Fri, Mar 20",10:25 ,Palta,0.3,Fruta,36 gr,1 gr,3 gr,5 gr,2 gr,58 kcal,,,,,,,,,,,,,,,,,,,,,,,,,,,,0.05,0.74,3.75,,,5.28,
,"Fri, Mar 20",10:25 ,Vainillas Bimbo,1,Carb,12 gr,1 gr,9 gr,1 gr,0 gr,45 kcal,,,,,,,,,,,,,,,,,,,,,,,,,,,,,,,,,,
,"Fri, Mar 20",13:30 ,Pollo (1 pechuga),0.5,Proteína,160 gr,46 gr,0 gr,5 gr,0 gr,242 kcal,03:05,,,,,,,,,,,,,,,,,,,,,,,,,,,0.05,1.02,2.05,,,5.12,
,"Fri, Mar 20",13:30 ,"Ensalada (lechuga, repollo b+m, zanahoria)",1,Verdura,120 gr,2 gr,5 gr,0 gr,2 gr,30 kcal,,,,,,,,,,,,,,,,,,,,,,,,,,,,,,,,,,
,"Fri, Mar 20",13:30 ,"Aceite de oliva El Gran Juicio (EV, 1 cda sop)",0.4,Grano,4 gr,0 gr,0 gr,4 gr,0 gr,36 kcal,,,,,,,,,,,,,,,,,,,,,,,,,,,,0.04,0.40,3.00,,,4.00,
,"Fri, Mar 20",13:30 ,Queso Unt. Finlandia Light,4,Lácteo,40 gr,4 gr,2 gr,6 gr,0 gr,76 kcal,,,,,,,,,,,,,,,,,,,,,,,,,,,,0.06,0.18,1.70,0.23,0.41,3.29,
,"Fri, Mar 20",13:30 ,Tomate,0.4,Verdura,110 gr,1 gr,4 gr,0 gr,1 gr,20 kcal,,,,,,,,,,,,,,,,,,,,,,,,,,,,,,,,,,
,"Fri, Mar 20",13:30 ,Pan Integral D&D,2,Grano,50 gr,4 gr,24 gr,1 gr,3 gr,116 kcal,,,,,,,,,,,,,,,,,,,,,,,,,,,,,,,,,,
,"Fri, Mar 20",14:00 ,Alfajor Diet Ceral,1,Carb,45 gr,2 gr,17 gr,2 gr,2 gr,98 kcal,00:30,,,,,,,,,,,,,,,,,,,,,,,,,,,,,,,,,
,"Fri, Mar 20",16:00 ,Banana,1,Fruta,113 gr,1 gr,26 gr,0 gr,3 gr,101 kcal,02:00,,,,,,,,,,,,,,,,,,,,,,,,,,,,,,,,,
,"Fri, Mar 20",16:00 ,"Leche, Protein",1.2,Lácteo,120 gr,6 gr,6 gr,0 gr,0 gr,44 kcal,,,,,,,,,,,,,,,,,,,,,,,,,,,,,,,,,,
,"Fri, Mar 20",16:00 ,Creatina Monohidrato,0.5,Complemento,0 gr,0 gr,0 gr,0 gr,0 gr,0 kcal,,,,,,,,,,,,,,,,,,,,,,,,,,,,,,,,,,
,"Fri, Mar 20",16:00 ,Vitaminas,1,Complemento,0 gr,0 gr,0 gr,0 gr,0 gr,0 kcal,,,,,,,,,,,,,,,,,,,,,,,,,,,,,,,,,,
,"Fri, Mar 20",17:45 ,Café,1,Infusión,0 gr,0 gr,0 gr,0 gr,0 gr,0 kcal,01:45,,,,,,,,,,,,,,,,,,,,,,,,,,,,,,,,,
,"Fri, Mar 20",17:45 ,"Leche, Protein",0.8,Lácteo,80 gr,4 gr,4 gr,0 gr,0 gr,30 kcal,,,,,,,,,,,,,,,,,,,,,,,,,,,,,,,,,,
,"Fri, Mar 20",17:45 ,Miel (1 cda),1,Carb,10 gr,0 gr,7 gr,0 gr,0 gr,28 kcal,,,,,,,,,,,,,,,,,,,,,,,,,,,,,,,,,,
,"Fri, Mar 20",17:45 ,B3st! Protein Salted Caramel,1,Procesado,60 gr,20 gr,20 gr,9 gr,11 gr,241 kcal,,,,,,,,,,,,,,,,,,,,,,,,,,,,,,,,,,
,"Fri, Mar 20",22:45 ,Pizza de Jamón y Mozarella,3,Elaborado,267 gr,33 gr,48 gr,15 gr,3 gr,465 kcal,05:00,,,,,,,,,,,,,,,,,,,,,,,,,,,,,,,,,
,"Fri, Mar 20",22:45 ,Fainá,1,Carb,120 gr,9 gr,33 gr,5 gr,4 gr,212 kcal,,,,,,147 gr,235 gr,67 gr,34 gr,"2,123 kcal",1535 gr,,115 gr,100 gr,124 gr,35 gr,2000 kcal,0 gr,4 gr,14 gr,0 gr,1 gr,27 gr,0 gr,19 gr,28 gr,0:4,,,,,,,
1,"Sat, Mar 21",9:40 ,Café,1,Infusión,0 gr,0 gr,0 gr,0 gr,0 gr,0 kcal,10:55,,,,,,,,,,,,,,,,,,,,,,,,,,,,,,,,,
,"Sat, Mar 21",9:40 ,Miel (1 cda),1,Carb,10 gr,0 gr,7 gr,0 gr,0 gr,28 kcal,,,,,,,,,,,,,,,,,,,,,,,,,,,,,,,,,,
,"Sat, Mar 21",9:40 ,"Leche, Protein",0.4,Lácteo,40 gr,2 gr,2 gr,0 gr,0 gr,15 kcal,,,,,,,,,,,,,,,,,,,,,,,,,,,,,,,,,,
,"Sat, Mar 21",9:40 ,Pan Integral D&D,2,Grano,50 gr,4 gr,24 gr,1 gr,3 gr,116 kcal,,,,,,,,,,,,,,,,,,,,,,,,,,,,,,,,,,
,"Sat, Mar 21",9:40 ,Queso Unt. Finlandia Light,3,Lácteo,30 gr,3 gr,2 gr,4 gr,0 gr,57 kcal,,,,,,,,,,,,,,,,,,,,,,,,,,,,0.04,0.13,1.28,0.18,0.31,2.46,
,"Sat, Mar 21",9:40 ,Palta,0.15,Fruta,24 gr,0 gr,2 gr,4 gr,2 gr,38 kcal,,,,,,,,,,,,,,,,,,,,,,,,,,,,0.04,0.49,2.50,,,3.52,
,"Sat, Mar 21",9:40 ,Huevo,1,Proteína,65 gr,8 gr,0 gr,8 gr,0 gr,101 kcal,,,,,,,,,,,,,,,,,,,,,,,,,,,,0.15,1.23,2.91,,,7.67,
,"Sat, Mar 21",14:20 ,"Vaca, Ojo de Bife",1.9,Proteína,190 gr,36 gr,0 gr,36 gr,0 gr,494 kcal,04:40,,,,,,,,,,,,,,,,,,,,,,,,,,,0.36,1.44,15.16,,,18.05,
,"Sat, Mar 21",14:20 ,"Ensalada (lechuga, repollo b+m, zanahoria)",1,Verdura,4 gr,0 gr,0 gr,0 gr,0 gr,1 kcal,,,,,,,,,,,,,,,,,,,,,,,,,,,,,,,,,,
,"Sat, Mar 21",14:20 ,"Aceite de oliva El Gran Juicio (EV, 1 cda sop)",0.4,Grano,5 gr,0 gr,0 gr,5 gr,0 gr,43 kcal,,,,,,,,,,,,,,,,,,,,,,,,,,,,0.05,0.48,3.60,,,4.80,
,"Sat, Mar 21",14:20 ,Queso Unt. Finlandia Light,4,Lácteo,40 gr,4 gr,2 gr,6 gr,0 gr,76 kcal,,,,,,,,,,,,,,,,,,,,,,,,,,,,0.06,0.18,1.70,0.23,0.41,3.29,
,"Sat, Mar 21",14:20 ,Pan Integral D&D,2,Grano,50 gr,4 gr,24 gr,1 gr,3 gr,116 kcal,,,,,,,,,,,,,,,,,,,,,,,,,,,,,,,,,,
,"Sat, Mar 21",17:10 ,Banana,1,Fruta,110 gr,1 gr,25 gr,0 gr,3 gr,98 kcal,02:50,,,,,,,,,,,,,,,,,,,,,,,,,,,,,,,,,
,"Sat, Mar 21",17:10 ,"Leche, Protein",1.2,Lácteo,120 gr,6 gr,6 gr,0 gr,0 gr,44 kcal,,,,,,,,,,,,,,,,,,,,,,,,,,,,,,,,,,
,"Sat, Mar 21",17:10 ,Creatina Monohidrato,0.5,Complemento,0 gr,0 gr,0 gr,0 gr,0 gr,0 kcal,,,,,,,,,,,,,,,,,,,,,,,,,,,,,,,,,,
,"Sat, Mar 21",17:10 ,Medialuna de Manteca,0.5,Carb,18 gr,1 gr,7 gr,4 gr,0 gr,65 kcal,,,,,,,,,,,,,,,,,,,,,,,,,,,,0.04,0.07,0.91,0.15,0.29,3.21,
,"Sat, Mar 21",17:10 ,Vitaminas,1,Complemento,0 gr,0 gr,0 gr,0 gr,0 gr,0 kcal,,,,,,,,,,,,,,,,,,,,,,,,,,,,,,,,,,
,"Sat, Mar 21",19:30 ,Café,1,Infusión,0 gr,0 gr,0 gr,0 gr,0 gr,0 kcal,02:20,,,,,,,,,,,,,,,,,,,,,,,,,,,,,,,,,
,"Sat, Mar 21",19:30 ,Miel (1 cda),1,Carb,10 gr,0 gr,7 gr,0 gr,0 gr,28 kcal,,,,,,,,,,,,,,,,,,,,,,,,,,,,,,,,,,
,"Sat, Mar 21",19:30 ,"Leche, Protein",0.8,Lácteo,80 gr,4 gr,4 gr,0 gr,0 gr,30 kcal,,,,,,,,,,,,,,,,,,,,,,,,,,,,,,,,,,
,"Sat, Mar 21",19:30 ,"Not protein bar, crunchy, choco maní",1,Procesado,35 gr,9 gr,17 gr,4 gr,7 gr,142 kcal,,,,,,,,,,,,,,,,,,,,,,,,,,,,,,,,,,
,"Sat, Mar 21",19:30 ,Nuez (1),1,Fruto Seco,4 gr,1 gr,0 gr,3 gr,0 gr,27 kcal,,,,,,,,,,,,,,,,,,,,,,,,,,,,0.26,1.30,0.56,,,2.55,
,"Sat, Mar 21",19:30 ,Almendra (1),0.5,Fruto Seco,4 gr,1 gr,0 gr,2 gr,1 gr,20 kcal,,,,,,,,,,,,,,,,,,,,,,,,,,,,,0.34,1.37,,,1.87,
,"Sat, Mar 21",19:30 ,Castaña de Cajú,0.5,Fruto Seco,4 gr,1 gr,1 gr,2 gr,0 gr,22 kcal,,,,,,,,,,,,,,,,,,,,,,,,,,,,,0.30,1.06,,,1.76,
,"Sat, Mar 21",23:50 ,Arroz Integral,1,Grano,40 gr,1 gr,9 gr,0 gr,1 gr,44 kcal,04:20,,,,,,,,,,,,,,,,,,,,,,,,,,,,,,,,,
,"Sat, Mar 21",23:50 ,Atún (1 lata),1,Proteína,120 gr,31 gr,0 gr,1 gr,0 gr,139 kcal,,,,,,,,,,,,,,,,,,,,,,,,,,,,0.14,0.02,0.08,,,0.98,
,"Sat, Mar 21",23:50 ,Cebolla,0.5,Verdura,70 gr,1 gr,7 gr,0 gr,1 gr,29 kcal,,,,,,,,,,,,,,,,,,,,,,,,,,,,,,,,,,
,"Sat, Mar 21",23:50 ,Ají,0.3,Verdura,15 gr,0 gr,1 gr,0 gr,0 gr,3 kcal,,,,,,,,,,,,,,,,,,,,,,,,,,,,,,,,,,
,"Sat, Mar 21",23:50 ,Porotos de Soja,0.2,Proteína,41 gr,5 gr,3 gr,1 gr,3 gr,37 kcal,,,,,,,,,,,,,,,,,,,,,,,,,,,,,,,,,,
,"Sat, Mar 21",23:50 ,Pan Integral D&D,2,Grano,50 gr,4 gr,24 gr,1 gr,3 gr,116 kcal,,,,,,,,,,,,,,,,,,,,,,,,,,,,,,,,,,
,"Sat, Mar 21",23:50 ,Queso Unt. Finlandia Light,2,Lácteo,20 gr,2 gr,1 gr,3 gr,0 gr,38 kcal,,,,,,,,,,,,,,,,,,,,,,,,,,,,0.03,0.09,0.85,0.12,0.21,1.64,
,"Sat, Mar 21",23:50 ,B3st! Protein Salted Caramel,0.5,Procesado,30 gr,10 gr,10 gr,5 gr,6 gr,121 kcal,,,,,,136 gr,185 gr,90 gr,30 gr,"2,088 kcal",1278 gr,,115 gr,100 gr,124 gr,35 gr,2000 kcal,1 gr,6 gr,32 gr,1 gr,1 gr,52 gr,0 gr,39 gr,54 gr,1:6,,,,,,,
1,"Sun, Mar 22",12:05,Café,1,Infusión,0 gr,0 gr,0 gr,0 gr,0 gr,0 kcal,12:15,,,,,,,,,,,,,,,,,,,,,,,,,,,,,,,,,
,"Sun, Mar 22",12:05 ,Miel (1 cda),1,Carb,10 gr,0 gr,7 gr,0 gr,0 gr,28 kcal,,,,,,,,,,,,,,,,,,,,,,,,,,,,,,,,,,
,"Sun, Mar 22",12:05 ,Pan Rústico D&D,2,Grano,50 gr,3 gr,25 gr,1 gr,1 gr,125 kcal,,,,,,,,,,,,,,,,,,,,,,,,,,,,,,,,,,
,"Sun, Mar 22",12:05 ,Queso Unt. Finlandia Light,2,Lácteo,20 gr,2 gr,1 gr,3 gr,0 gr,38 kcal,,,,,,,,,,,,,,,,,,,,,,,,,,,,0.03,0.09,0.85,0.12,0.21,1.64,
,"Sun, Mar 22",12:05 ,Huevo,1,Proteína,65 gr,8 gr,0 gr,8 gr,0 gr,101 kcal,,,,,,,,,,,,,,,,,,,,,,,,,,,,0.15,1.23,2.91,,,7.67,
,"Sun, Mar 22",12:05 ,"Aceite de oliva El Gran Juicio (EV, 1 cda sop)",0.1,Grano,1 gr,0 gr,0 gr,1 gr,0 gr,11 kcal,,,,,,,,,,,,,,,,,,,,,,,,,,,,0.01,0.12,0.90,,,1.20,
,"Sun, Mar 22",12:05 ,Nuez (1),1.75,Fruto Seco,7 gr,1 gr,1 gr,4 gr,0 gr,47 kcal,,,,,,,,,,,,,,,,,,,,,,,,,,,,0.45,2.28,0.98,,,4.47,
,"Sun, Mar 22",12:05 ,Almendra (1),1,Fruto Seco,7 gr,1 gr,0 gr,4 gr,1 gr,40 kcal,,,,,,,,,,,,,,,,,,,,,,,,,,,,,0.67,2.73,,,3.75,
,"Sun, Mar 22",12:05 ,Castaña de Cajú,1,Fruto Seco,8 gr,1 gr,2 gr,4 gr,0 gr,44 kcal,,,,,,,,,,,,,,,,,,,,,,,,,,,,,0.60,2.11,,,3.52,
,"Sun, Mar 22",12:05 ,"Leche, Protein",0.5,Lácteo,50 gr,2 gr,2 gr,0 gr,0 gr,19 kcal,,,,,,,,,,,,,,,,,,,,,,,,,,,,,,,,,,
,"Sun, Mar 22",12:05 ,"Ceral, galletitas de algarroba (4 un)",1,Procesado,35 gr,2 gr,15 gr,2 gr,9 gr,85 kcal,,,,,,,,,,,,,,,,,,,,,,,,,,,,,,,,,,
,"Sun, Mar 22",16:00 ,Power Boost Protein Bar Pistacho,1,Procesado,46 gr,15 gr,15 gr,4 gr,2 gr,152 kcal,03:55,,,,,,,,,,,,,,,,,,,,,,,,,,,,,,,,,
,"Sun, Mar 22",16:00 ,Te,1,Infusión,0 gr,0 gr,0 gr,0 gr,0 gr,0 kcal,,,,,,,,,,,,,,,,,,,,,,,,,,,,,,,,,,
,"Sun, Mar 22",16:00 ,Azúcar (1 cda),1,Carb,20 gr,0 gr,20 gr,0 gr,0 gr,77 kcal,,,,,,,,,,,,,,,,,,,,,,,,,,,,,,,,,,
,"Sun, Mar 22",20:00 ,Pan Integral D&D,2,Grano,50 gr,4 gr,24 gr,1 gr,3 gr,116 kcal,04:00,,,,,,,,,,,,,,,,,,,,,,,,,,,,,,,,,
,"Sun, Mar 22",20:00 ,Huevo,1,Proteína,65 gr,8 gr,0 gr,8 gr,0 gr,101 kcal,,,,,,,,,,,,,,,,,,,,,,,,,,,,0.15,1.23,2.91,,,7.67,
,"Sun, Mar 22",20:00 ,Queso Unt. Finlandia Light,2,Lácteo,20 gr,2 gr,1 gr,3 gr,0 gr,38 kcal,,,,,,,,,,,,,,,,,,,,,,,,,,,,0.03,0.09,0.85,0.12,0.21,1.64,
,"Sun, Mar 22",20:00 ,B3st! Protein Salted Caramel,1,Procesado,60 gr,20 gr,20 gr,9 gr,11 gr,241 kcal,,,,,,,,,,,,,,,,,,,,,,,,,,,,,,,,,,
,"Sun, Mar 22",23:00 ,Sushi (1 pieza),12,Carb,360 gr,17 gr,89 gr,17 gr,5 gr,516 kcal,03:00,,,,,,,,,,,,,,,,,,,,,,,,,,,,,,,,,
,"Sun, Mar 22",23:50 ,Banana,1,Fruta,150 gr,2 gr,35 gr,0 gr,4 gr,134 kcal,00:50,,,,,,,,,,,,,,,,,,,,,,,,,,,,,,,,,
,"Sun, Mar 22",23:50 ,"Leche, Protein",1.2,Lácteo,120 gr,6 gr,6 gr,0 gr,0 gr,44 kcal,,,,,,,,,,,,,,,,,,,,,,,,,,,,,,,,,,
,"Sun, Mar 22",23:50 ,Creatina Monohidrato,0.5,Complemento,0 gr,0 gr,0 gr,0 gr,0 gr,0 kcal,,,,,,93 gr,263 gr,68 gr,35 gr,"1,958 kcal",1144 gr,,115 gr,100 gr,124 gr,35 gr,2000 kcal,1 gr,6 gr,14 gr,0 gr,0 gr,32 gr,0 gr,21 gr,32 gr,1:6,,,,,,,
1,"Mon, Mar 23",11:30 ,Vitaminas,1,Complemento,0 gr,0 gr,0 gr,0 gr,0 gr,0 kcal,11:40,,,,,,,,,,,,,,,,,,,,,,,,,,,,,,,,,
,"Mon, Mar 23",11:55 ,Pan Multicereal D&D,2,Grano,50 gr,4 gr,24 gr,2 gr,3 gr,300 kcal,00:25,,,,,,,,,,,,,,,,,,,,,,,,,,,,,,,,,
,"Mon, Mar 23",11:55 ,Queso Unt. Finlandia Light,2,Lácteo,20 gr,2 gr,1 gr,3 gr,0 gr,38 kcal,,,,,,,,,,,,,,,,,,,,,,,,,,,,0.03,0.09,0.85,0.12,0.21,1.64,
,"Mon, Mar 23",11:55 ,Huevo,1,Proteína,65 gr,8 gr,0 gr,8 gr,0 gr,101 kcal,,,,,,,,,,,,,,,,,,,,,,,,,,,,0.15,1.23,2.91,,,7.67,
,"Mon, Mar 23",11:55 ,Nuez (1),1,Fruto Seco,6 gr,1 gr,1 gr,4 gr,0 gr,40 kcal,,,,,,,,,,,,,,,,,,,,,,,,,,,,0.38,1.95,0.84,,,3.83,
,"Mon, Mar 23",11:55 ,Almendra (1),1,Fruto Seco,8 gr,2 gr,0 gr,4 gr,1 gr,46 kcal,,,,,,,,,,,,,,,,,,,,,,,,,,,,,0.77,3.12,,,4.28,
,"Mon, Mar 23",11:55 ,Castaña de Cajú,1,Fruto Seco,8 gr,1 gr,2 gr,4 gr,0 gr,44 kcal,,,,,,,,,,,,,,,,,,,,,,,,,,,,,0.60,2.11,,,3.52,
,"Mon, Mar 23",11:55 ,"Ceral, galletitas de algarroba (4 un)",1,Procesado,30 gr,2 gr,13 gr,2 gr,8 gr,73 kcal,,,,,,,,,,,,,,,,,,,,,,,,,,,,,,,,,,
,"Mon, Mar 23",11:55 ,"Chocolate, Águila (1 barrita)",0.5,Carb,8 gr,0 gr,5 gr,2 gr,0 gr,35 kcal,,,,,,,,,,,,,,,,,,,,,,,,,,,,,0.05,0.59,,,1.80,
,"Mon, Mar 23",15:30 ,Pollo (1 pechuga),0.3,Proteína,90 gr,26 gr,0 gr,3 gr,0 gr,136 kcal,03:35,,,,,,,,,,,,,,,,,,,,,,,,,,,0.03,0.58,1.15,,,2.88,
,"Mon, Mar 23",15:30 ,"Spaghetti con espinaca, Rina Matarazzo",1,Grano,80 gr,11 gr,55 gr,1 gr,3 gr,271 kcal,,,,,,,,,,,,,,,,,,,,,,,,,,,,,,,,,,
,"Mon, Mar 23",15:30 ,Cebolla,0.5,Verdura,167 gr,2 gr,17 gr,0 gr,2 gr,70 kcal,,,,,,,,,,,,,,,,,,,,,,,,,,,,,,,,,,
,"Mon, Mar 23",15:30 ,Porotos de Soja,0.5,Proteína,103 gr,12 gr,9 gr,1 gr,8 gr,93 kcal,,,,,,,,,,,,,,,,,,,,,,,,,,,,,,,,,,
,"Mon, Mar 23",15:30 ,Pan Multicereal D&D,2,Grano,50 gr,4 gr,24 gr,2 gr,3 gr,300 kcal,,,,,,,,,,,,,,,,,,,,,,,,,,,,,,,,,,
,"Mon, Mar 23",15:30 ,Queso Unt. Finlandia Light,2,Lácteo,20 gr,2 gr,1 gr,3 gr,0 gr,38 kcal,,,,,,,,,,,,,,,,,,,,,,,,,,,,0.03,0.09,0.85,0.12,0.21,1.64,
,"Mon, Mar 23",15:30 ,"Aceite de oliva El Gran Juicio (EV, 1 cda sop)",0.2,Grano,2 gr,0 gr,0 gr,2 gr,0 gr,22 kcal,,,,,,,,,,,,,,,,,,,,,,,,,,,,0.02,0.24,1.80,,,2.40,
,"Mon, Mar 23",17:50 ,Banana,1,Fruta,150 gr,2 gr,35 gr,0 gr,4 gr,134 kcal,02:20,,,,,,,,,,,,,,,,,,,,,,,,,,,,,,,,,
,"Mon, Mar 23",17:50 ,"Leche, Protein",1.2,Lácteo,120 gr,6 gr,6 gr,0 gr,0 gr,44 kcal,,,,,,,,,,,,,,,,,,,,,,,,,,,,,,,,,,
,"Mon, Mar 23",17:50 ,Creatina Monohidrato,0.5,Complemento,0 gr,0 gr,0 gr,0 gr,0 gr,0 kcal,,,,,,,,,,,,,,,,,,,,,,,,,,,,,,,,,,
,"Mon, Mar 23",18:45 ,Café,1,Infusión,0 gr,0 gr,0 gr,0 gr,0 gr,0 kcal,00:55,,,,,,,,,,,,,,,,,,,,,,,,,,,,,,,,,
,"Mon, Mar 23",18:45 ,Miel (1 cda),1,Carb,10 gr,0 gr,7 gr,0 gr,0 gr,28 kcal,,,,,,,,,,,,,,,,,,,,,,,,,,,,,,,,,,
,"Mon, Mar 23",18:45 ,"Leche, Protein",0.8,Lácteo,80 gr,4 gr,4 gr,0 gr,0 gr,30 kcal,,,,,,,,,,,,,,,,,,,,,,,,,,,,,,,,,,
,"Mon, Mar 23",18:45 ,"Not protein bar, chocolate brownie",1,Procesado,45 gr,15 gr,14 gr,6 gr,6 gr,164 kcal,,,,,,,,,,,,,,,,,,,,,,,,,,,,,,,,,,
,"Mon, Mar 23",23:45 ,Pollo (1 pechuga),0.4,Proteína,140 gr,40 gr,0 gr,4 gr,0 gr,211 kcal,05:00,,,,,,,,,,,,,,,,,,,,,,,,,,,0.04,0.90,1.79,,,4.48,
,"Mon, Mar 23",23:45 ,"Ensalada (lechuga, repollo b+m, zanahoria)",1,Verdura,112 gr,1 gr,5 gr,0 gr,2 gr,28 kcal,,,,,,,,,,,,,,,,,,,,,,,,,,,,,,,,,,
,"Mon, Mar 23",23:45 ,"Aceite de oliva El Gran Juicio (EV, 1 cda sop)",0.3,Grano,4 gr,0 gr,0 gr,4 gr,0 gr,32 kcal,,,,,,,,,,,,,,,,,,,,,,,,,,,,0.04,0.36,2.70,,,3.60,
,"Mon, Mar 23",23:45 ,Queso Unt. Finlandia Light,4,Lácteo,40 gr,4 gr,2 gr,6 gr,0 gr,76 kcal,,,,,,,,,,,,,,,,,,,,,,,,,,,,0.06,0.18,1.70,0.23,0.41,3.29,
,"Mon, Mar 23",23:45 ,Pan Integral D&D,2,Grano,50 gr,4 gr,24 gr,1 gr,3 gr,116 kcal,,,,,,,,,,,,,,,,,,,,,,,,,,,,,,,,,,
,"Mon, Mar 23",23:55 ,Te,1,Infusión,0 gr,0 gr,0 gr,0 gr,0 gr,0 kcal,00:10,,,,,,,,,,,,,,,,,,,,,,,,,,,,,,,,,
,"Mon, Mar 23",23:55 ,Miel (1 cda),1,Carb,10 gr,0 gr,7 gr,0 gr,0 gr,28 kcal,,,,,,150 gr,254 gr,60 gr,42 gr,"2,499 kcal",1467 gr,,115 gr,100 gr,124 gr,35 gr,2000 kcal,1 gr,7 gr,20 gr,0 gr,1 gr,41 gr,0 gr,28 gr,42 gr,1:7,,,,,,,
1,"Tue, Mar 24",10:30 ,Vitaminas,1,Complemento,0 gr,0 gr,0 gr,0 gr,0 gr,0 kcal,10:35,,,,,,,,,,,,,,,,,,,,,,,,,,,,,,,,,
,"Tue, Mar 24",10:30 ,Te,1,Infusión,0 gr,0 gr,0 gr,0 gr,0 gr,0 kcal,,,,,,,,,,,,,,,,,,,,,,,,,,,,,,,,,,
,"Tue, Mar 24",10:30 ,Miel (1 cda),1,Carb,10 gr,0 gr,7 gr,0 gr,0 gr,28 kcal,,,,,,,,,,,,,,,,,,,,,,,,,,,,,,,,,,
,"Tue, Mar 24",10:30 ,Pan Integral D&D,2,Grano,50 gr,4 gr,24 gr,1 gr,3 gr,116 kcal,,,,,,,,,,,,,,,,,,,,,,,,,,,,,,,,,,
,"Tue, Mar 24",10:30 ,Queso Unt. Finlandia Light,1,Lácteo,10 gr,1 gr,1 gr,1 gr,0 gr,19 kcal,,,,,,,,,,,,,,,,,,,,,,,,,,,,0.01,0.04,0.43,0.06,0.10,0.82,
,"Tue, Mar 24",10:30 ,Huevo,1,Proteína,65 gr,8 gr,0 gr,8 gr,0 gr,101 kcal,,,,,,,,,,,,,,,,,,,,,,,,,,,,0.15,1.23,2.91,,,7.67,
,"Tue, Mar 24",10:30 ,"Aceite de oliva El Gran Juicio (EV, 1 cda sop)",0.15,Grano,2 gr,0 gr,0 gr,2 gr,0 gr,14 kcal,,,,,,,,,,,,,,,,,,,,,,,,,,,,0.02,0.15,1.13,,,1.50,
,"Tue, Mar 24",10:30 ,Vainillas Bimbo,1,Carb,12 gr,1 gr,9 gr,1 gr,0 gr,45 kcal,,,,,,,,,,,,,,,,,,,,,,,,,,,,,,,,,,
,"Tue, Mar 24",13:45 ,Pollo (1 pechuga),0.5,Proteína,210 gr,60 gr,0 gr,7 gr,0 gr,317 kcal,03:15,,,,,,,,,,,,,,,,,,,,,,,,,,,0.07,1.34,2.69,,,6.72,
,"Tue, Mar 24",13:45 ,"Ensalada (lechuga, repollo b+m, zanahoria)",0.9,Verdura,85 gr,1 gr,4 gr,0 gr,2 gr,21 kcal,,,,,,,,,,,,,,,,,,,,,,,,,,,,,,,,,,
,"Tue, Mar 24",13:45 ,Pan Integral D&D,2,Grano,50 gr,4 gr,24 gr,1 gr,3 gr,116 kcal,,,,,,,,,,,,,,,,,,,,,,,,,,,,,,,,,,
,"Tue, Mar 24",13:45 ,Queso Unt. Finlandia Light,4,Lácteo,40 gr,4 gr,2 gr,6 gr,0 gr,76 kcal,,,,,,,,,,,,,,,,,,,,,,,,,,,,0.06,0.18,1.70,0.23,0.41,3.29,
,"Tue, Mar 24",13:45 ,"Aceite de oliva El Gran Juicio (EV, 1 cda sop)",0.35,Grano,4 gr,0 gr,0 gr,4 gr,0 gr,38 kcal,,,,,,,,,,,,,,,,,,,,,,,,,,,,0.04,0.42,3.15,,,4.20,
,"Tue, Mar 24",13:45 ,Huevo,1,Proteína,65 gr,8 gr,0 gr,8 gr,0 gr,101 kcal,,,,,,,,,,,,,,,,,,,,,,,,,,,,0.15,1.23,2.91,,,7.67,
,"Tue, Mar 24",15:45 ,Banana,1,Fruta,114 gr,1 gr,26 gr,0 gr,3 gr,101 kcal,02:00,,,,,,,,,,,,,,,,,,,,,,,,,,,,,,,,,
,"Tue, Mar 24",15:45 ,"Leche, Protein",1.2,Lácteo,120 gr,6 gr,6 gr,0 gr,0 gr,44 kcal,,,,,,,,,,,,,,,,,,,,,,,,,,,,,,,,,,
,"Tue, Mar 24",15:45 ,Creatina Monohidrato,0.5,Complemento,0 gr,0 gr,0 gr,0 gr,0 gr,0 kcal,,,,,,,,,,,,,,,,,,,,,,,,,,,,,,,,,,
,"Tue, Mar 24",15:45 ,Manzana,1,Fruta,148 gr,1 gr,28 gr,0 gr,4 gr,107 kcal,,,,,,,,,,,,,,,,,,,,,,,,,,,,,,,,,,
,"Tue, Mar 24",18:00 ,Café,1,Infusión,0 gr,0 gr,0 gr,0 gr,0 gr,0 kcal,02:15,,,,,,,,,,,,,,,,,,,,,,,,,,,,,,,,,
,"Tue, Mar 24",18:00 ,Miel (1 cda),1,Carb,10 gr,0 gr,7 gr,0 gr,0 gr,28 kcal,,,,,,,,,,,,,,,,,,,,,,,,,,,,,,,,,,
,"Tue, Mar 24",18:00 ,"Leche, Protein",0.8,Lácteo,80 gr,4 gr,4 gr,0 gr,0 gr,30 kcal,,,,,,,,,,,,,,,,,,,,,,,,,,,,,,,,,,
,"Tue, Mar 24",18:00 ,Alfajor Diet Ceral,1,Carb,45 gr,2 gr,17 gr,2 gr,2 gr,98 kcal,,,,,,,,,,,,,,,,,,,,,,,,,,,,,,,,,,
,"Tue, Mar 24",18:00 ,Nuez (1),1,Fruto Seco,5 gr,1 gr,1 gr,3 gr,0 gr,34 kcal,,,,,,,,,,,,,,,,,,,,,,,,,,,,0.32,1.63,0.70,,,3.19,
,"Tue, Mar 24",18:00 ,Almendra (1),1,Fruto Seco,7 gr,1 gr,0 gr,4 gr,1 gr,40 kcal,,,,,,,,,,,,,,,,,,,,,,,,,,,,,0.67,2.73,,,3.75,
,"Tue, Mar 24",22:10 ,"Yogurt, Ser",1,Lácteo,190 gr,9 gr,11 gr,0 gr,0 gr,80 kcal,04:10,,,,,,,,,,,,,,,,,,,,,,,,,,,,,,,,,
,"Tue, Mar 24",22:10 ,Avena Granix Instnatánea (2 cdas),1,Grano,30 gr,4 gr,18 gr,2 gr,3 gr,107 kcal,,,,,,,,,,,,,,,,,,,,,,,,,,,,,,,,,,
,"Tue, Mar 24",22:10 ,Vainillas Bimbo,2,Carb,24 gr,2 gr,18 gr,1 gr,0 gr,90 kcal,,,,,,,,,,,,,,,,,,,,,,,,,,,,,,,,,,
,"Tue, Mar 24",22:10 ,Pasta de maní King natural,1,Fruto Seco,15 gr,4 gr,2 gr,7 gr,1 gr,88 kcal,,,,,,,,,,,,,,,,,,,,,,,,,,,,,2.50,3.60,,,7.35,
,"Tue, Mar 24",22:10 ,"Ceral, galletitas de algarroba (4 un)",1,Procesado,30 gr,2 gr,13 gr,2 gr,8 gr,73 kcal,,,,,,125 gr,220 gr,61 gr,29 gr,"1,911 kcal",1421 gr,,115 gr,100 gr,124 gr,35 gr,2000 kcal,1 gr,9 gr,22 gr,0 gr,1 gr,46 gr,0 gr,32 gr,47 gr,1:9,,,,,,,
1,"Wed, Mar 25",10:10 ,Café,1,Infusión,0 gr,0 gr,0 gr,0 gr,0 gr,0 kcal,12:00,,,,,,,,,,,,,,,,,,,,,,,,,,,,,,,,,
,"Wed, Mar 25",10:10 ,"Leche, Protein",0.4,Lácteo,40 gr,2 gr,2 gr,0 gr,0 gr,15 kcal,,,,,,,,,,,,,,,,,,,,,,,,,,,,,,,,,,
,"Wed, Mar 25",10:10 ,Miel (1 cda),1,Carb,10 gr,0 gr,7 gr,0 gr,0 gr,28 kcal,,,,,,,,,,,,,,,,,,,,,,,,,,,,,,,,,,
,"Wed, Mar 25",10:10 ,Pan integral Bimbo artesano,2,Grano,76 gr,9 gr,32 gr,2 gr,4 gr,185 kcal,,,,,,,,,,,,,,,,,,,,,,,,,,,,,,,,,,
,"Wed, Mar 25",10:10 ,Queso Unt. Finlandia más liviano,2,Lácteo,20 gr,2 gr,1 gr,2 gr,0 gr,26 kcal,,,,,,,,,,,,,,,,,,,,,,,,,,,,0.02,0.05,0.46,0.06,0.11,0.90,
,"Wed, Mar 25",10:10 ,Huevo,1,Proteína,65 gr,8 gr,0 gr,8 gr,0 gr,101 kcal,,,,,,,,,,,,,,,,,,,,,,,,,,,,0.15,1.23,2.91,,,7.67,
,"Wed, Mar 25",10:10 ,Vitaminas,1,Complemento,0 gr,0 gr,0 gr,0 gr,0 gr,0 kcal,,,,,,,,,,,,,,,,,,,,,,,,,,,,,,,,,,
,"Wed, Mar 25",10:10 ,Vainillas Bimbo,1,Carb,12 gr,1 gr,9 gr,1 gr,0 gr,45 kcal,,,,,,,,,,,,,,,,,,,,,,,,,,,,,,,,,,
,"Wed, Mar 25",13:20 ,"Ensalada (lechuga, repollo b+m, zanahoria)",1,Verdura,82 gr,1 gr,3 gr,0 gr,2 gr,21 kcal,03:10,,,,,,,,,,,,,,,,,,,,,,,,,,,,,,,,,
,"Wed, Mar 25",13:20 ,"Aceite de oliva El Gran Juicio (EV, 1 cda sop)",0.35,Grano,4 gr,0 gr,0 gr,4 gr,0 gr,38 kcal,,,,,,,,,,,,,,,,,,,,,,,,,,,,0.04,0.42,3.15,,,4.20,
,"Wed, Mar 25",13:20 ,Queso Unt. Finlandia más liviano,4,Lácteo,40 gr,4 gr,2 gr,3 gr,0 gr,52 kcal,,,,,,,,,,,,,,,,,,,,,,,,,,,,0.03,0.10,0.93,0.13,0.22,1.79,
,"Wed, Mar 25",13:20 ,Pan integral Bimbo artesano,2,Grano,76 gr,9 gr,32 gr,2 gr,4 gr,185 kcal,,,,,,,,,,,,,,,,,,,,,,,,,,,,,,,,,,
,"Wed, Mar 25",13:20 ,Huevo,1,Proteína,65 gr,8 gr,0 gr,8 gr,0 gr,101 kcal,,,,,,,,,,,,,,,,,,,,,,,,,,,,0.15,1.23,2.91,,,7.67,
,"Wed, Mar 25",13:20 ,Pollo (1 pechuga),0.5,Proteína,190 gr,54 gr,0 gr,6 gr,0 gr,287 kcal,,,,,,,,,,,,,,,,,,,,,,,,,,,,0.06,1.22,2.43,,,6.08,
,"Wed, Mar 25",14:45 ,Banana,1,Fruta,112 gr,1 gr,26 gr,0 gr,3 gr,100 kcal,01:25,,,,,,,,,,,,,,,,,,,,,,,,,,,,,,,,,
,"Wed, Mar 25",14:45 ,"Leche, Protein",1.48,Lácteo,148 gr,7 gr,7 gr,0 gr,0 gr,55 kcal,,,,,,,,,,,,,,,,,,,,,,,,,,,,,,,,,,
,"Wed, Mar 25",14:45 ,Creatina Monohidrato,0.5,Complemento,0 gr,0 gr,0 gr,0 gr,0 gr,0 kcal,,,,,,,,,,,,,,,,,,,,,,,,,,,,,,,,,,
,"Wed, Mar 25",14:45 ,Manzana,1,Fruta,160 gr,1 gr,30 gr,0 gr,5 gr,115 kcal,,,,,,,,,,,,,,,,,,,,,,,,,,,,,,,,,,
,"Wed, Mar 25",18:40 ,Café,1,Infusión,0 gr,0 gr,0 gr,0 gr,0 gr,0 kcal,03:55,,,,,,,,,,,,,,,,,,,,,,,,,,,,,,,,,
,"Wed, Mar 25",18:40 ,Miel (1 cda),1,Carb,10 gr,0 gr,7 gr,0 gr,0 gr,28 kcal,,,,,,,,,,,,,,,,,,,,,,,,,,,,,,,,,,
,"Wed, Mar 25",18:40 ,"Leche, Protein",0.8,Lácteo,80 gr,4 gr,4 gr,0 gr,0 gr,30 kcal,,,,,,,,,,,,,,,,,,,,,,,,,,,,,,,,,,
,"Wed, Mar 25",18:40 ,"Not protein bar, crunchy, choco maní",1,Procesado,35 gr,9 gr,17 gr,4 gr,7 gr,142 kcal,,,,,,,,,,,,,,,,,,,,,,,,,,,,,,,,,,
,"Wed, Mar 25",23:00 ,Yogurt Griego Yogusísimo (140g),1,Lácteo,140 gr,9 gr,12 gr,4 gr,0 gr,115 kcal,04:20,,,,,,,,,,,,,,,,,,,,,,,,,,,,,,,,,
,"Wed, Mar 25",23:00 ,Vainillas Bimbo,2,Carb,24 gr,2 gr,18 gr,1 gr,0 gr,90 kcal,,,,,,,,,,,,,,,,,,,,,,,,,,,,,,,,,,
,"Wed, Mar 25",23:00 ,"Ceral, galletitas de algarroba (4 un)",1,Procesado,33 gr,2 gr,14 gr,2 gr,8 gr,80 kcal,,,,,,,,,,,,,,,,,,,,,,,,,,,,,,,,,,
,"Wed, Mar 25",23:00 ,Pasta de maní King natural,1,Fruto Seco,20 gr,5 gr,2 gr,10 gr,2 gr,117 kcal,,,,,,136 gr,225 gr,57 gr,34 gr,"1,956 kcal",1442 gr,,115 gr,100 gr,124 gr,35 gr,2000 kcal,0 gr,8 gr,18 gr,0 gr,0 gr,38 gr,0 gr,26 gr,39 gr,0:8,,3.33,4.80,,,9.80,
1,"Thu, Mar 26",10:45 ,Café,1,Infusión,0 gr,0 gr,0 gr,0 gr,0 gr,0 kcal,11:45,,,,,,,,,,,,,,,,,,,,,,,,,,,,,,,,,
,"Thu, Mar 26",10:45 ,Whey Protein Bar Banana,1,Procesado,46 gr,15 gr,17 gr,7 gr,1 gr,176 kcal,,,,,,,,,,,,,,,,,,,,,,,,,,,,,,,,,,
,"Thu, Mar 26",10:45 ,Palta,0.4,Fruta,64 gr,1 gr,5 gr,9 gr,4 gr,102 kcal,,,,,,,,,,,,,,,,,,,,,,,,,,,,0.09,1.31,6.66,,,9.38,
,"Thu, Mar 26",10:45 ,Huevo,1,Proteína,65 gr,8 gr,0 gr,8 gr,0 gr,101 kcal,,,,,,,,,,,,,,,,,,,,,,,,,,,,0.15,1.23,2.91,,,7.67,
,"Thu, Mar 26",10:45 ,Pan de Salvado,2,Grano,66 gr,5 gr,30 gr,1 gr,1 gr,150 kcal,,,,,,,,,,,,,,,,,,,,,,,,,,,,,,,,,,
,"Thu, Mar 26",15:20 ,Zanahoria,0.5,Verdura,61 gr,1 gr,6 gr,0 gr,2 gr,25 kcal,04:35,,,,,,,,,,,,,,,,,,,,,,,,,,,,,,,,,
,"Thu, Mar 26",15:20 ,Cebolla,0.5,Verdura,126 gr,1 gr,13 gr,0 gr,2 gr,53 kcal,,,,,,,,,,,,,,,,,,,,,,,,,,,,,,,,,,
,"Thu, Mar 26",15:20 ,Zucchini,0.5,Verdura,135 gr,2 gr,5 gr,0 gr,2 gr,23 kcal,,,,,,,,,,,,,,,,,,,,,,,,,,,,,,,,,,
,"Thu, Mar 26",15:20 ,Ají,0.25,Verdura,68 gr,1 gr,3 gr,0 gr,0 gr,12 kcal,,,,,,,,,,,,,,,,,,,,,,,,,,,,,,,,,,
,"Thu, Mar 26",15:20 ,Arroz Integral,1,Grano,40 gr,1 gr,9 gr,0 gr,1 gr,44 kcal,,,,,,,,,,,,,,,,,,,,,,,,,,,,,,,,,,
,"Thu, Mar 26",15:20 ,Maní King Tostado Sin Piel Sin Sodio (1 cda sop),1,Fruto Seco,15 gr,4 gr,2 gr,8 gr,1 gr,89 kcal,,,,,,,,,,,,,,,,,,,,,,,,,,,,,2.55,3.68,,,7.50,
,"Thu, Mar 26",15:20 ,Pollo (1 pechuga),0.35,Proteína,105 gr,30 gr,0 gr,3 gr,0 gr,159 kcal,,,,,,,,,,,,,,,,,,,,,,,,,,,,0.03,0.67,1.34,,,3.36,
,"Thu, Mar 26",15:20 ,Pan integral Bimbo artesano,2,Grano,76 gr,9 gr,32 gr,2 gr,4 gr,185 kcal,,,,,,,,,,,,,,,,,,,,,,,,,,,,,,,,,,
,"Thu, Mar 26",15:20 ,Queso Unt. Finlandia más liviano,3,Lácteo,30 gr,3 gr,2 gr,2 gr,0 gr,39 kcal,,,,,,,,,,,,,,,,,,,,,,,,,,,,0.02,0.07,0.70,0.10,0.17,1.34,
,"Thu, Mar 26",15:20 ,Huevo,1,Proteína,65 gr,8 gr,0 gr,8 gr,0 gr,101 kcal,,,,,,,,,,,,,,,,,,,,,,,,,,,,0.15,1.23,2.91,,,7.67,
,"Thu, Mar 26",15:20 ,"Aceite de oliva El Gran Juicio (EV, 1 cda sop)",0.17,Grano,2 gr,0 gr,0 gr,2 gr,0 gr,18 kcal,,,,,,,,,,,,,,,,,,,,,,,,,,,,0.02,0.20,1.53,,,2.04,
,"Thu, Mar 26",18:30 ,Manzana,1,Fruta,165 gr,1 gr,31 gr,0 gr,5 gr,119 kcal,03:10,,,,,,,,,,,,,,,,,,,,,,,,,,,,,,,,,
,"Thu, Mar 26",18:30 ,Banana,1,Fruta,115 gr,1 gr,26 gr,0 gr,3 gr,102 kcal,,,,,,,,,,,,,,,,,,,,,,,,,,,,,,,,,,
,"Thu, Mar 26",18:30 ,"Leche, Protein",1.2,Lácteo,120 gr,6 gr,6 gr,0 gr,0 gr,44 kcal,,,,,,,,,,,,,,,,,,,,,,,,,,,,,,,,,,
,"Thu, Mar 26",18:30 ,Creatina Monohidrato,0.5,Complemento,0 gr,0 gr,0 gr,0 gr,0 gr,0 kcal,,,,,,,,,,,,,,,,,,,,,,,,,,,,,,,,,,
,"Thu, Mar 26",18:30 ,Vitaminas,1,Complemento,0 gr,0 gr,0 gr,0 gr,0 gr,0 kcal,,,,,,,,,,,,,,,,,,,,,,,,,,,,,,,,,,
,"Thu, Mar 26",19:50 ,Café,1,Infusión,0 gr,0 gr,0 gr,0 gr,0 gr,0 kcal,01:20,,,,,,,,,,,,,,,,,,,,,,,,,,,,,,,,,
,"Thu, Mar 26",19:50 ,"Leche, Protein",0.8,Lácteo,80 gr,4 gr,4 gr,0 gr,0 gr,30 kcal,,,,,,,,,,,,,,,,,,,,,,,,,,,,,,,,,,
,"Thu, Mar 26",19:50 ,Miel (1 cda),1,Carb,10 gr,0 gr,7 gr,0 gr,0 gr,28 kcal,,,,,,,,,,,,,,,,,,,,,,,,,,,,,,,,,,
,"Thu, Mar 26",19:50 ,Vainillas Bimbo,2,Carb,24 gr,2 gr,18 gr,1 gr,0 gr,90 kcal,,,,,,,,,,,,,,,,,,,,,,,,,,,,,,,,,,
,"Thu, Mar 26",19:50 ,Nuez (1),1,Fruto Seco,5 gr,1 gr,1 gr,3 gr,0 gr,34 kcal,,,,,,,,,,,,,,,,,,,,,,,,,,,,0.32,1.63,0.70,,,3.19,
,"Thu, Mar 26",19:50 ,Almendra (1),1,Fruto Seco,5 gr,1 gr,0 gr,3 gr,1 gr,29 kcal,,,,,,,,,,,,,,,,,,,,,,,,,,,,,0.48,1.95,,,2.68,
,"Thu, Mar 26",23:00 ,"Yogurt, Ser",1,Lácteo,190 gr,9 gr,11 gr,0 gr,0 gr,80 kcal,03:10,,,,,,,,,,,,,,,,,,,,,,,,,,,,,,,,,
,"Thu, Mar 26",23:00 ,Vainillas Bimbo,2,Carb,24 gr,2 gr,18 gr,1 gr,0 gr,90 kcal,,,,,,,,,,,,,,,,,,,,,,,,,,,,,,,,,,
,"Thu, Mar 26",23:00 ,"Ceral, galletitas de algarroba (4 un)",1,Procesado,30 gr,2 gr,13 gr,2 gr,8 gr,73 kcal,,,,,,,,,,,,,,,,,,,,,,,,,,,,,,,,,,
,"Thu, Mar 26",23:00 ,Pasta de maní King natural,1,Fruto Seco,19 gr,5 gr,2 gr,9 gr,2 gr,111 kcal,,,,,,119 gr,259 gr,71 gr,36 gr,"2,108 kcal",1751 gr,,115 gr,100 gr,124 gr,35 gr,2000 kcal,1 gr,13 gr,27 gr,0 gr,0 gr,54 gr,0 gr,40 gr,54 gr,1:13,,3.17,4.56,,,9.31,
1,"Fri, Mar 27",10:30 ,Te,1,Infusión,0 gr,0 gr,0 gr,0 gr,0 gr,0 kcal,11:30,,,,,,,,,,,,,,,,,,,,,,,,,,,,,,,,,
,"Fri, Mar 27",10:30 ,Miel (1 cda),1,Carb,10 gr,0 gr,7 gr,0 gr,0 gr,28 kcal,,,,,,,,,,,,,,,,,,,,,,,,,,,,,,,,,,
,"Fri, Mar 27",10:30 ,"Leche, Protein",0.4,Lácteo,40 gr,2 gr,2 gr,0 gr,0 gr,15 kcal,,,,,,,,,,,,,,,,,,,,,,,,,,,,,,,,,,
,"Fri, Mar 27",10:30 ,Pan integral Bimbo artesano,2,Grano,76 gr,9 gr,32 gr,2 gr,4 gr,185 kcal,,,,,,,,,,,,,,,,,,,,,,,,,,,,,,,,,,
,"Fri, Mar 27",10:30 ,Queso Unt. Finlandia más liviano,2.5,Lácteo,25 gr,2 gr,1 gr,2 gr,0 gr,33 kcal,,,,,,,,,,,,,,,,,,,,,,,,,,,,0.02,0.06,0.58,0.08,0.14,1.12,
,"Fri, Mar 27",10:30 ,Huevo,1,Proteína,65 gr,8 gr,0 gr,8 gr,0 gr,101 kcal,,,,,,,,,,,,,,,,,,,,,,,,,,,,0.15,1.23,2.91,,,7.67,
,"Fri, Mar 27",10:30 ,Palta,0.3,Fruta,40 gr,1 gr,3 gr,6 gr,3 gr,64 kcal,,,,,,,,,,,,,,,,,,,,,,,,,,,,0.06,0.82,4.16,,,5.86,
,"Fri, Mar 27",10:30 ,"Aceite de oliva El Gran Juicio (EV, 1 cda sop)",0.1,Grano,1 gr,0 gr,0 gr,1 gr,0 gr,11 kcal,,,,,,,,,,,,,,,,,,,,,,,,,,,,0.01,0.12,0.90,,,1.20,
,"Fri, Mar 27",13:30 ,Cebolla,0.5,Verdura,101 gr,1 gr,10 gr,0 gr,1 gr,42 kcal,03:00,,,,,,,,,,,,,,,,,,,,,,,,,,,,,,,,,
,"Fri, Mar 27",13:30 ,Zucchini,0.5,Verdura,116 gr,1 gr,4 gr,0 gr,1 gr,20 kcal,,,,,,,,,,,,,,,,,,,,,,,,,,,,,,,,,,
,"Fri, Mar 27",13:30 ,Zanahoria,0.5,Verdura,45 gr,0 gr,4 gr,0 gr,1 gr,18 kcal,,,,,,,,,,,,,,,,,,,,,,,,,,,,,,,,,,
,"Fri, Mar 27",13:30 ,Ají,0.25,Verdura,50 gr,1 gr,2 gr,0 gr,0 gr,9 kcal,,,,,,,,,,,,,,,,,,,,,,,,,,,,,,,,,,
,"Fri, Mar 27",13:30 ,Pollo (1 pechuga),0.7,Proteína,188 gr,54 gr,0 gr,6 gr,0 gr,284 kcal,,,,,,,,,,,,,,,,,,,,,,,,,,,,0.06,1.20,2.41,,,6.02,
,"Fri, Mar 27",13:30 ,Maní,1,Fruto Seco,15 gr,4 gr,1 gr,7 gr,1 gr,87 kcal,,,,,,,,,,,,,,,,,,,,,,,,,,,,,2.50,3.60,,,7.35,
,"Fri, Mar 27",15:40 ,Banana,1,Fruta,123 gr,1 gr,28 gr,0 gr,3 gr,109 kcal,02:10,,,,,,,,,,,,,,,,,,,,,,,,,,,,,,,,,
,"Fri, Mar 27",15:40 ,Manzana,1,Fruta,180 gr,1 gr,34 gr,0 gr,5 gr,130 kcal,,,,,,,,,,,,,,,,,,,,,,,,,,,,,,,,,,
,"Fri, Mar 27",15:40 ,"Leche, Protein",1.2,Lácteo,120 gr,6 gr,6 gr,0 gr,0 gr,44 kcal,,,,,,,,,,,,,,,,,,,,,,,,,,,,,,,,,,
,"Fri, Mar 27",15:40 ,Creatina Monohidrato,0.5,Complemento,0 gr,0 gr,0 gr,0 gr,0 gr,0 kcal,,,,,,,,,,,,,,,,,,,,,,,,,,,,,,,,,,
,"Fri, Mar 27",18:35 ,Café,1,Infusión,0 gr,0 gr,0 gr,0 gr,0 gr,0 kcal,02:55,,,,,,,,,,,,,,,,,,,,,,,,,,,,,,,,,
,"Fri, Mar 27",18:35 ,Miel (1 cda),1,Carb,10 gr,0 gr,7 gr,0 gr,0 gr,28 kcal,,,,,,,,,,,,,,,,,,,,,,,,,,,,,,,,,,
,"Fri, Mar 27",18:35 ,"Leche, Protein",0.8,Lácteo,80 gr,4 gr,4 gr,0 gr,0 gr,30 kcal,,,,,,,,,,,,,,,,,,,,,,,,,,,,,,,,,,
,"Fri, Mar 27",18:35 ,Power Boost Protein Bar Pistacho,1,Procesado,46 gr,15 gr,15 gr,4 gr,2 gr,152 kcal,,,,,,,,,,,,,,,,,,,,,,,,,,,,,,,,,,
,"Fri, Mar 27",22:00,Empanada de Carne,3,Elaborado,270 gr,20 gr,61 gr,52 gr,3 gr,789 kcal,03:25,,,,,129 gr,222 gr,89 gr,26 gr,"2,179 kcal",1601 gr,,115 gr,100 gr,124 gr,35 gr,2000 kcal,1 gr,8 gr,36 gr,0 gr,0 gr,55 gr,0 gr,45 gr,55 gr,1:8,0.52,2.07,21.74,,,25.88,
1,"Sat, Mar 28",9:30 ,Te,1,Infusión,0 gr,0 gr,0 gr,0 gr,0 gr,0 kcal,11:30,,,,,,,,,,,,,,,,,,,,,,,,,,,,,,,,,
,"Sat, Mar 28",9:30 ,Miel (1 cda),1,Carb,10 gr,0 gr,7 gr,0 gr,0 gr,28 kcal,,,,,,,,,,,,,,,,,,,,,,,,,,,,,,,,,,
,"Sat, Mar 28",9:30 ,"Leche, Protein",0.4,Lácteo,40 gr,2 gr,2 gr,0 gr,0 gr,15 kcal,,,,,,,,,,,,,,,,,,,,,,,,,,,,,,,,,,
,"Sat, Mar 28",9:30 ,Pan integral Bimbo artesano,2,Grano,76 gr,9 gr,32 gr,2 gr,4 gr,185 kcal,,,,,,,,,,,,,,,,,,,,,,,,,,,,,,,,,,
,"Sat, Mar 28",9:30 ,Queso Unt. Finlandia más liviano,3,Lácteo,30 gr,3 gr,2 gr,2 gr,0 gr,39 kcal,,,,,,,,,,,,,,,,,,,,,,,,,,,,0.02,0.07,0.70,0.10,0.17,1.34,
,"Sat, Mar 28",9:30 ,Huevo,0.5,Proteína,33 gr,4 gr,0 gr,4 gr,0 gr,51 kcal,,,,,,,,,,,,,,,,,,,,,,,,,,,,0.08,0.61,1.46,,,3.84,
,"Sat, Mar 28",9:30 ,Palta,0.2,Fruta,25 gr,1 gr,2 gr,4 gr,2 gr,40 kcal,,,,,,,,,,,,,,,,,,,,,,,,,,,,0.04,0.51,2.60,,,3.67,
,"Sat, Mar 28",9:30 ,Vainillas Bimbo,2,Carb,24 gr,2 gr,18 gr,1 gr,0 gr,90 kcal,,,,,,,,,,,,,,,,,,,,,,,,,,,,,,,,,,
,"Sat, Mar 28",14:15 ,Arroz Integral,1,Grano,40 gr,1 gr,9 gr,0 gr,1 gr,44 kcal,04:45,,,,,,,,,,,,,,,,,,,,,,,,,,,,,,,,,
,"Sat, Mar 28",14:15 ,Atún (1 lata),1,Proteína,120 gr,31 gr,0 gr,1 gr,0 gr,139 kcal,,,,,,,,,,,,,,,,,,,,,,,,,,,,0.14,0.02,0.08,,,0.98,
,"Sat, Mar 28",14:15 ,Zucchini,0.4,Verdura,137 gr,2 gr,5 gr,0 gr,2 gr,23 kcal,,,,,,,,,,,,,,,,,,,,,,,,,,,,,,,,,,
,"Sat, Mar 28",14:15 ,Zanahoria,0.3,Verdura,35 gr,0 gr,3 gr,0 gr,1 gr,14 kcal,,,,,,,,,,,,,,,,,,,,,,,,,,,,,,,,,,
,"Sat, Mar 28",14:15 ,Ají,0.3,Verdura,51 gr,1 gr,2 gr,0 gr,0 gr,9 kcal,,,,,,,,,,,,,,,,,,,,,,,,,,,,,,,,,,
,"Sat, Mar 28",14:15 ,Arvejas,0.5,Carb,101 gr,5 gr,15 gr,0 gr,5 gr,82 kcal,,,,,,,,,,,,,,,,,,,,,,,,,,,,,,,,,,
,"Sat, Mar 28",14:15 ,Pan Integral D&D,2,Grano,50 gr,4 gr,24 gr,1 gr,3 gr,116 kcal,,,,,,,,,,,,,,,,,,,,,,,,,,,,,,,,,,
,"Sat, Mar 28",14:15 ,Queso Unt. Finlandia más liviano,2,Lácteo,20 gr,2 gr,1 gr,2 gr,0 gr,26 kcal,,,,,,,,,,,,,,,,,,,,,,,,,,,,0.02,0.05,0.46,0.06,0.11,0.90,
,"Sat, Mar 28",14:15 ,"Aceite de oliva El Gran Juicio (EV, 1 cda sop)",0.17,Grano,2 gr,0 gr,0 gr,2 gr,0 gr,18 kcal,,,,,,,,,,,,,,,,,,,,,,,,,,,,0.02,0.20,1.53,,,2.04,
,"Sat, Mar 28",17:40 ,Banana,1,Fruta,135 gr,1 gr,31 gr,0 gr,4 gr,120 kcal,03:25,,,,,,,,,,,,,,,,,,,,,,,,,,,,,,,,,
,"Sat, Mar 28",17:40 ,Pera,1,Fruta,219 gr,1 gr,33 gr,0 gr,7 gr,131 kcal,,,,,,,,,,,,,,,,,,,,,,,,,,,,,,,,,,
,"Sat, Mar 28",17:40 ,"Leche, Protein",1.2,Lácteo,120 gr,6 gr,6 gr,0 gr,0 gr,44 kcal,,,,,,,,,,,,,,,,,,,,,,,,,,,,,,,,,,
,"Sat, Mar 28",17:40 ,Creatina Monohidrato,0.5,Complemento,0 gr,0 gr,0 gr,0 gr,0 gr,0 kcal,,,,,,,,,,,,,,,,,,,,,,,,,,,,,,,,,,
,"Sat, Mar 28",19:55 ,Café,1,Infusión,0 gr,0 gr,0 gr,0 gr,0 gr,0 kcal,02:15,,,,,,,,,,,,,,,,,,,,,,,,,,,,,,,,,
,"Sat, Mar 28",19:55 ,Miel (1 cda),1,Carb,10 gr,0 gr,7 gr,0 gr,0 gr,28 kcal,,,,,,,,,,,,,,,,,,,,,,,,,,,,,,,,,,
,"Sat, Mar 28",19:55 ,"Leche, Protein",0.8,Lácteo,80 gr,4 gr,4 gr,0 gr,0 gr,30 kcal,,,,,,,,,,,,,,,,,,,,,,,,,,,,,,,,,,
,"Sat, Mar 28",19:55 ,B3st! Protein Salted Caramel,1,Procesado,60 gr,20 gr,20 gr,9 gr,11 gr,241 kcal,,,,,,,,,,,,,,,,,,,,,,,,,,,,,,,,,,
,"Sat, Mar 28",19:55 ,Nuez (1),1,Fruto Seco,5 gr,1 gr,1 gr,3 gr,0 gr,34 kcal,,,,,,,,,,,,,,,,,,,,,,,,,,,,0.32,1.63,0.70,,,3.19,
,"Sat, Mar 28",19:55 ,Almendra (1),1,Fruto Seco,7 gr,1 gr,0 gr,4 gr,1 gr,40 kcal,,,,,,,,,,,,,,,,,,,,,,,,,,,,,0.67,2.73,,,3.75,
,"Sat, Mar 28",19:55 ,Castaña de Cajú,1,Fruto Seco,10 gr,2 gr,3 gr,4 gr,0 gr,55 kcal,,,,,,,,,,,,,,,,,,,,,,,,,,,,,0.75,2.64,,,4.40,
,"Sat, Mar 28",23:30 ,Atún (1 lata),1,Proteína,113 gr,29 gr,0 gr,1 gr,0 gr,131 kcal,03:35,,,,,,,,,,,,,,,,,,,,,,,,,,,0.13,0.02,0.07,,,0.93,
,"Sat, Mar 28",23:30 ,Huevo,1,Proteína,65 gr,8 gr,0 gr,8 gr,0 gr,101 kcal,,,,,,,,,,,,,,,,,,,,,,,,,,,,0.15,1.23,2.91,,,7.67,
,"Sat, Mar 28",23:30 ,Queso Unt. Finlandia más liviano,5,Lácteo,50 gr,5 gr,3 gr,4 gr,0 gr,65 kcal,,,,,,,,,,,,,,,,,,,,,,,,,,,,0.04,0.12,1.16,0.16,0.28,2.24,
,"Sat, Mar 28",23:30 ,Palta,0.3,Fruta,27 gr,1 gr,2 gr,4 gr,2 gr,43 kcal,,,,,,,,,,,,,,,,,,,,,,,,,,,,0.04,0.55,2.81,,,3.96,
,"Sat, Mar 28",23:30 ,Pan Integral D&D,2,Grano,50 gr,4 gr,24 gr,1 gr,3 gr,116 kcal,,,,,,,,,,,,,,,,,,,,,,,,,,,,,,,,,,
,"Sat, Mar 28",23:30 ,"Aceite de oliva El Gran Juicio (EV, 1 cda sop)",0.1,Grano,1 gr,0 gr,0 gr,1 gr,0 gr,11 kcal,,,,,,,,,,,,,,,,,,,,,,,,,,,,0.01,0.12,0.90,,,1.20,
,"Sat, Mar 28",23:59 ,Te,1,Infusión,0 gr,0 gr,0 gr,0 gr,0 gr,0 kcal,00:29,,,,,,,,,,,,,,,,,,,,,,,,,,,,,,,,,
,"Sat, Mar 28",23:59 ,Miel (1 cda),1,Carb,10 gr,0 gr,7 gr,0 gr,0 gr,28 kcal,,,,,,146 gr,261 gr,61 gr,44 gr,"2,139 kcal",1756 gr,,115 gr,100 gr,124 gr,35 gr,2000 kcal,1 gr,7 gr,21 gr,0 gr,1 gr,40 gr,0 gr,28 gr,41 gr,1:7,,,,,,,
1,"Sun, Mar 29",11:00 ,Vitaminas,1,Complemento,0 gr,0 gr,0 gr,0 gr,0 gr,0 kcal,11:01,,,,,,,,,,,,,,,,,,,,,,,,,,,,,,,,,
,"Sun, Mar 29",11:00 ,Café,1,Infusión,0 gr,0 gr,0 gr,0 gr,0 gr,0 kcal,,,,,,,,,,,,,,,,,,,,,,,,,,,,,,,,,,
,"Sun, Mar 29",11:00 ,Miel (1 cda),1,Carb,10 gr,0 gr,7 gr,0 gr,0 gr,28 kcal,,,,,,,,,,,,,,,,,,,,,,,,,,,,,,,,,,
,"Sun, Mar 29",11:00 ,"Leche, Protein",0.4,Lácteo,40 gr,2 gr,2 gr,0 gr,0 gr,15 kcal,,,,,,,,,,,,,,,,,,,,,,,,,,,,,,,,,,
,"Sun, Mar 29",11:00 ,Pan Integral D&D,2,Grano,50 gr,4 gr,24 gr,1 gr,3 gr,116 kcal,,,,,,,,,,,,,,,,,,,,,,,,,,,,,,,,,,
,"Sun, Mar 29",11:00 ,Queso Unt. Finlandia Light,2,Lácteo,20 gr,2 gr,1 gr,3 gr,0 gr,38 kcal,,,,,,,,,,,,,,,,,,,,,,,,,,,,0.03,0.09,0.85,0.12,0.21,1.64,
,"Sun, Mar 29",11:00 ,Huevo,1,Proteína,65 gr,8 gr,0 gr,8 gr,0 gr,101 kcal,,,,,,,,,,,,,,,,,,,,,,,,,,,,0.15,1.23,2.91,,,7.67,
,"Sun, Mar 29",11:00 ,Vainillas Bimbo,2,Carb,24 gr,2 gr,18 gr,1 gr,0 gr,90 kcal,,,,,,,,,,,,,,,,,,,,,,,,,,,,,,,,,,
,"Sun, Mar 29",14:35 ,Arroz Integral,1,Grano,40 gr,1 gr,9 gr,0 gr,1 gr,44 kcal,03:35,,,,,,,,,,,,,,,,,,,,,,,,,,,,,,,,,
,"Sun, Mar 29",14:35 ,"Vaca, Lomo (1 corte)",1,Proteína,210 gr,46 gr,0 gr,13 gr,0 gr,305 kcal,,,,,,,,,,,,,,,,,,,,,,,,,,,,0.13,0.50,5.29,,,6.30,
,"Sun, Mar 29",14:35 ,Pan Integral D&D,2,Grano,50 gr,4 gr,24 gr,1 gr,3 gr,116 kcal,,,,,,,,,,,,,,,,,,,,,,,,,,,,,,,,,,
,"Sun, Mar 29",14:35 ,Queso Unt. Finlandia Light,2,Lácteo,20 gr,2 gr,1 gr,3 gr,0 gr,38 kcal,,,,,,,,,,,,,,,,,,,,,,,,,,,,0.03,0.09,0.85,0.12,0.21,1.64,
,"Sun, Mar 29",14:35 ,"Aceite de oliva El Gran Juicio (EV, 1 cda sop)",0.1,Grano,1 gr,0 gr,0 gr,1 gr,0 gr,11 kcal,,,,,,,,,,,,,,,,,,,,,,,,,,,,0.01,0.12,0.90,,,1.20,
,"Sun, Mar 29",14:35 ,Arvejas,0.5,Carb,123 gr,7 gr,18 gr,0 gr,6 gr,100 kcal,,,,,,,,,,,,,,,,,,,,,,,,,,,,,,,,,,
,"Sun, Mar 29",16:00 ,Banana,1,Fruta,130 gr,1 gr,30 gr,0 gr,3 gr,116 kcal,01:25,,,,,,,,,,,,,,,,,,,,,,,,,,,,,,,,,
,"Sun, Mar 29",16:00 ,Manzana,1,Fruta,180 gr,1 gr,34 gr,0 gr,5 gr,130 kcal,,,,,,,,,,,,,,,,,,,,,,,,,,,,,,,,,,
,"Sun, Mar 29",16:00 ,"Leche, Protein",1.64,Lácteo,164 gr,8 gr,8 gr,0 gr,0 gr,61 kcal,,,,,,,,,,,,,,,,,,,,,,,,,,,,,,,,,,
,"Sun, Mar 29",16:00 ,Creatina Monohidrato,0.5,Complemento,0 gr,0 gr,0 gr,0 gr,0 gr,0 kcal,,,,,,,,,,,,,,,,,,,,,,,,,,,,,,,,,,
,"Sun, Mar 29",18:20 ,Café,1,Infusión,0 gr,0 gr,0 gr,0 gr,0 gr,0 kcal,02:20,,,,,,,,,,,,,,,,,,,,,,,,,,,,,,,,,
,"Sun, Mar 29",18:20 ,Miel (1 cda),1,Carb,10 gr,0 gr,7 gr,0 gr,0 gr,28 kcal,,,,,,,,,,,,,,,,,,,,,,,,,,,,,,,,,,
,"Sun, Mar 29",18:20 ,"Leche, Protein",0.8,Lácteo,80 gr,4 gr,4 gr,0 gr,0 gr,30 kcal,,,,,,,,,,,,,,,,,,,,,,,,,,,,,,,,,,
,"Sun, Mar 29",18:20 ,Power Boost Protein Bar Pistacho,1,Procesado,46 gr,15 gr,15 gr,4 gr,2 gr,152 kcal,,,,,,,,,,,,,,,,,,,,,,,,,,,,,,,,,,
,"Sun, Mar 29",18:20 ,"Dicomere, cacao amargo puro en polvo",3.8,Procesado,38 gr,9 gr,7 gr,4 gr,13 gr,105 kcal,,,,,,,,,,,,,,,,,,,,,,,,,,,,,,,,,,
,"Sun, Mar 29",22:00 ,Yogurt Griego Yogusísimo (140g),1,Lácteo,140 gr,9 gr,12 gr,4 gr,0 gr,115 kcal,03:40,,,,,,,,,,,,,,,,,,,,,,,,,,,,,,,,,
,"Sun, Mar 29",22:00 ,Avena Granix Instnatánea (2 cdas),1,Grano,26 gr,3 gr,15 gr,2 gr,3 gr,92 kcal,,,,,,,,,,,,,,,,,,,,,,,,,,,,,,,,,,
,"Sun, Mar 29",22:00 ,"Ceral, galletitas de algarroba (4 un)",1,Procesado,30 gr,2 gr,13 gr,2 gr,8 gr,73 kcal,,,,,,,,,,,,,,,,,,,,,,,,,,,,,,,,,,
,"Sun, Mar 29",22:00 ,Pasta de maní King natural,1,Fruto Seco,20 gr,5 gr,2 gr,10 gr,2 gr,117 kcal,,,,,,133 gr,250 gr,57 gr,48 gr,"2,018 kcal",1517 gr,,115 gr,100 gr,124 gr,35 gr,2000 kcal,0 gr,5 gr,16 gr,0 gr,0 gr,28 gr,0 gr,21 gr,29 gr,0:5,,3.33,4.80,,,9.80,
1,"Mon, Mar 30",10:40 ,Te,1,Infusión,0 gr,0 gr,0 gr,0 gr,0 gr,0 kcal,12:40,,,,,,,,,,,,,,,,,,,,,,,,,,,,,,,,,
,"Mon, Mar 30",10:40 ,Miel (1 cda),1,Carb,10 gr,0 gr,7 gr,0 gr,0 gr,28 kcal,,,,,,,,,,,,,,,,,,,,,,,,,,,,,,,,,,
,"Mon, Mar 30",10:40 ,"Leche, Protein",0.4,Lácteo,40 gr,2 gr,2 gr,0 gr,0 gr,15 kcal,,,,,,,,,,,,,,,,,,,,,,,,,,,,,,,,,,
,"Mon, Mar 30",10:40 ,Pan Rústico D&D,2,Grano,50 gr,3 gr,25 gr,1 gr,1 gr,125 kcal,,,,,,,,,,,,,,,,,,,,,,,,,,,,,,,,,,
,"Mon, Mar 30",10:40 ,Queso Unt. Finlandia Light,2,Lácteo,20 gr,2 gr,1 gr,3 gr,0 gr,38 kcal,,,,,,,,,,,,,,,,,,,,,,,,,,,,0.03,0.09,0.85,0.12,0.21,1.64,
,"Mon, Mar 30",10:40 ,Huevo,1,Proteína,65 gr,8 gr,0 gr,8 gr,0 gr,101 kcal,,,,,,,,,,,,,,,,,,,,,,,,,,,,0.15,1.23,2.91,,,7.67,
,"Mon, Mar 30",10:40 ,"Aceite de oliva El Gran Juicio (EV, 1 cda sop)",0.1,Grano,1 gr,0 gr,0 gr,1 gr,0 gr,11 kcal,,,,,,,,,,,,,,,,,,,,,,,,,,,,0.01,0.12,0.90,,,1.20,
,"Mon, Mar 30",10:40 ,Vitaminas,1,Complemento,0 gr,0 gr,0 gr,0 gr,0 gr,0 kcal,,,,,,,,,,,,,,,,,,,,,,,,,,,,,,,,,,
,"Mon, Mar 30",10:40 ,Nuez (1),1,Fruto Seco,5 gr,1 gr,1 gr,3 gr,0 gr,34 kcal,,,,,,,,,,,,,,,,,,,,,,,,,,,,0.32,1.63,0.70,,,3.19,
,"Mon, Mar 30",10:40 ,Almendra (1),1,Fruto Seco,7 gr,1 gr,0 gr,4 gr,1 gr,40 kcal,,,,,,,,,,,,,,,,,,,,,,,,,,,,,0.67,2.73,,,3.75,
,"Mon, Mar 30",10:40 ,Vainillas Bimbo,1,Carb,12 gr,1 gr,9 gr,1 gr,0 gr,45 kcal,,,,,,,,,,,,,,,,,,,,,,,,,,,,,,,,,,
,"Mon, Mar 30",14:40 ,Pollo (1 pechuga),0.5,Proteína,150 gr,43 gr,0 gr,5 gr,0 gr,227 kcal,04:00,,,,,,,,,,,,,,,,,,,,,,,,,,,0.05,0.96,1.92,,,4.80,
,"Mon, Mar 30",14:40 ,"Ensalada (lechuga, repollo b+m, zanahoria)",1,Verdura,100 gr,1 gr,4 gr,0 gr,2 gr,25 kcal,,,,,,,,,,,,,,,,,,,,,,,,,,,,,,,,,,
,"Mon, Mar 30",14:40 ,"Aceite de oliva El Gran Juicio (EV, 1 cda sop)",0.5,Grano,6 gr,0 gr,0 gr,6 gr,0 gr,54 kcal,,,,,,,,,,,,,,,,,,,,,,,,,,,,0.06,0.60,4.50,,,6.00,
,"Mon, Mar 30",14:40 ,Pan Rústico D&D,2,Grano,50 gr,3 gr,25 gr,1 gr,1 gr,125 kcal,,,,,,,,,,,,,,,,,,,,,,,,,,,,,,,,,,
,"Mon, Mar 30",14:40 ,Queso Unt. Finlandia Light,5.5,Lácteo,55 gr,5 gr,3 gr,8 gr,0 gr,105 kcal,,,,,,,,,,,,,,,,,,,,,,,,,,,,0.08,0.24,2.34,0.32,0.56,4.52,
,"Mon, Mar 30",14:40 ,Tomate,1,Verdura,152 gr,1 gr,6 gr,0 gr,2 gr,27 kcal,,,,,,,,,,,,,,,,,,,,,,,,,,,,,,,,,,
,"Mon, Mar 30",15:45 ,Banana,1,Fruta,131 gr,1 gr,30 gr,0 gr,3 gr,117 kcal,01:05,,,,,,,,,,,,,,,,,,,,,,,,,,,,,,,,,
,"Mon, Mar 30",15:45 ,Frutilla,10,Fruta,246 gr,2 gr,19 gr,1 gr,5 gr,79 kcal,,,,,,,,,,,,,,,,,,,,,,,,,,,,,,,,,,
,"Mon, Mar 30",15:45 ,"Leche, Protein",1.7,Lácteo,170 gr,8 gr,8 gr,0 gr,0 gr,63 kcal,,,,,,,,,,,,,,,,,,,,,,,,,,,,,,,,,,
,"Mon, Mar 30",15:45 ,Creatina Monohidrato,0.5,Complemento,0 gr,0 gr,0 gr,0 gr,0 gr,0 kcal,,,,,,,,,,,,,,,,,,,,,,,,,,,,,,,,,,
,"Mon, Mar 30",17:15 ,Café,1,Infusión,0 gr,0 gr,0 gr,0 gr,0 gr,0 kcal,01:30,,,,,,,,,,,,,,,,,,,,,,,,,,,,,,,,,
,"Mon, Mar 30",17:15 ,Miel (1 cda),1,Carb,10 gr,0 gr,7 gr,0 gr,0 gr,28 kcal,,,,,,,,,,,,,,,,,,,,,,,,,,,,,,,,,,
,"Mon, Mar 30",17:15 ,"Leche, Protein",0.8,Lácteo,80 gr,4 gr,4 gr,0 gr,0 gr,30 kcal,,,,,,,,,,,,,,,,,,,,,,,,,,,,,,,,,,
,"Mon, Mar 30",17:15 ,Whey Protein Bar Banana,1,Procesado,46 gr,15 gr,17 gr,7 gr,1 gr,176 kcal,,,,,,,,,,,,,,,,,,,,,,,,,,,,,,,,,,
,"Mon, Mar 30",17:15 ,"Dicomere, cacao amargo puro en polvo",0.3,Procesado,3 gr,1 gr,1 gr,0 gr,1 gr,8 kcal,,,,,,,,,,,,,,,,,,,,,,,,,,,,,,,,,,
,"Mon, Mar 30",22:45 ,Pollo (1 pechuga),0.5,Proteína,150 gr,43 gr,0 gr,5 gr,0 gr,227 kcal,05:30,,,,,,,,,,,,,,,,,,,,,,,,,,,0.05,0.96,1.92,,,4.80,
,"Mon, Mar 30",22:45 ,"Ensalada (lechuga, repollo b+m, zanahoria)",0.5,Verdura,85 gr,1 gr,4 gr,0 gr,2 gr,21 kcal,,,,,,,,,,,,,,,,,,,,,,,,,,,,,,,,,,
,"Mon, Mar 30",22:45 ,Tomate,1,Verdura,152 gr,1 gr,6 gr,0 gr,2 gr,27 kcal,,,,,,,,,,,,,,,,,,,,,,,,,,,,,,,,,,
,"Mon, Mar 30",22:45 ,Pan Rústico D&D,2,Grano,50 gr,3 gr,25 gr,1 gr,1 gr,125 kcal,,,,,,,,,,,,,,,,,,,,,,,,,,,,,,,,,,
,"Mon, Mar 30",22:45 ,"Aceite de oliva El Gran Juicio (EV, 1 cda sop)",0.5,Grano,6 gr,0 gr,0 gr,6 gr,0 gr,54 kcal,,,,,,,,,,,,,,,,,,,,,,,,,,,,0.06,0.60,4.50,,,6.00,
,"Mon, Mar 30",22:45 ,Queso Unt. Finlandia Light,5,Lácteo,50 gr,5 gr,3 gr,7 gr,0 gr,95 kcal,,,,,,,,,,,,,,,,,,,,,,,,,,,,0.07,0.22,2.13,0.29,0.51,4.11,
,"Mon, Mar 30",23:30 ,Te,1,Infusión,0 gr,0 gr,0 gr,0 gr,0 gr,0 kcal,00:45,,,,,,,,,,,,,,,,,,,,,,,,,,,,,,,,,
,"Mon, Mar 30",23:30 ,Miel (1 cda),1,Carb,10 gr,0 gr,7 gr,0 gr,0 gr,28 kcal,,,,,,,,,,,,,,,,,,,,,,,,,,,,,,,,,,
,"Mon, Mar 30",23:30 ,Vainillas Bimbo,2,Carb,24 gr,2 gr,18 gr,1 gr,0 gr,90 kcal,,,,,,156 gr,231 gr,70 gr,20 gr,"2,166 kcal",1936 gr,,115 gr,100 gr,124 gr,35 gr,2000 kcal,1 gr,7 gr,25 gr,1 gr,1 gr,48 gr,0 gr,34 gr,50 gr,1:7,,,,,,,
1,"Tue, Mar 31",10:15 ,Vitaminas,1,Complemento,0 gr,0 gr,0 gr,0 gr,0 gr,0 kcal,10:45,,,,,,,,,,,,,,,,,,,,,,,,,,,,,,,,,
,"Tue, Mar 31",10:15 ,Te,1,Infusión,0 gr,0 gr,0 gr,0 gr,0 gr,0 kcal,,,,,,,,,,,,,,,,,,,,,,,,,,,,,,,,,,
,"Tue, Mar 31",10:15 ,Miel (1 cda),1,Carb,10 gr,0 gr,7 gr,0 gr,0 gr,28 kcal,,,,,,,,,,,,,,,,,,,,,,,,,,,,,,,,,,
,"Tue, Mar 31",10:15 ,"Leche, Protein",0.4,Lácteo,40 gr,2 gr,2 gr,0 gr,0 gr,15 kcal,,,,,,,,,,,,,,,,,,,,,,,,,,,,,,,,,,
,"Tue, Mar 31",10:15 ,Pan Val Maira integral total,2,Grano,33 gr,4 gr,13 gr,1 gr,2 gr,77 kcal,,,,,,,,,,,,,,,,,,,,,,,,,,,,,,,,,,
,"Tue, Mar 31",10:15 ,Queso Unt. Finlandia Light,2,Lácteo,20 gr,2 gr,1 gr,3 gr,0 gr,38 kcal,,,,,,,,,,,,,,,,,,,,,,,,,,,,0.03,0.09,0.85,0.12,0.21,1.64,
,"Tue, Mar 31",10:15 ,Huevo,1,Proteína,65 gr,8 gr,0 gr,8 gr,0 gr,101 kcal,,,,,,,,,,,,,,,,,,,,,,,,,,,,0.15,1.23,2.91,,,7.67,
,"Tue, Mar 31",10:15 ,Palta,0.2,Fruta,31 gr,1 gr,3 gr,5 gr,2 gr,50 kcal,,,,,,,,,,,,,,,,,,,,,,,,,,,,0.05,0.64,3.23,,,4.54,
,"Tue, Mar 31",10:15 ,"Aceite de oliva El Gran Juicio (EV, 1 cda sop)",0.1,Grano,1 gr,0 gr,0 gr,1 gr,0 gr,11 kcal,,,,,,,,,,,,,,,,,,,,,,,,,,,,0.01,0.12,0.90,,,1.20,
,"Tue, Mar 31",14:15 ,Pan Val Maira integral total,3,Grano,56 gr,6 gr,23 gr,1 gr,4 gr,129 kcal,04:00,,,,,,,,,,,,,,,,,,,,,,,,,,,,,,,,,
,"Tue, Mar 31",14:15 ,"Vaca, Bife de Chorizo (1 corte)",2,Proteína,200 gr,42 gr,0 gr,24 gr,0 gr,410 kcal,,,,,,,,,,,,,,,,,,,,,,,,,,,,0.24,0.96,10.08,,,12.00,
,"Tue, Mar 31",14:15 ,"Ensalada (lechuga, repollo b+m, zanahoria)",0.9,Verdura,62 gr,1 gr,3 gr,0 gr,1 gr,16 kcal,,,,,,,,,,,,,,,,,,,,,,,,,,,,,,,,,,
,"Tue, Mar 31",14:15 ,Tomate,1,Verdura,105 gr,1 gr,4 gr,0 gr,1 gr,19 kcal,,,,,,,,,,,,,,,,,,,,,,,,,,,,,,,,,,
,"Tue, Mar 31",14:15 ,Queso Unt. Finlandia Light,4,Lácteo,40 gr,4 gr,2 gr,6 gr,0 gr,76 kcal,,,,,,,,,,,,,,,,,,,,,,,,,,,,0.06,0.18,1.70,0.23,0.41,3.29,
,"Tue, Mar 31",15:30 ,Café,1,Infusión,0 gr,0 gr,0 gr,0 gr,0 gr,0 kcal,01:15,,,,,,,,,,,,,,,,,,,,,,,,,,,,,,,,,
,"Tue, Mar 31",15:30 ,Miel (1 cda),1,Carb,10 gr,0 gr,7 gr,0 gr,0 gr,28 kcal,,,,,,,,,,,,,,,,,,,,,,,,,,,,,,,,,,
,"Tue, Mar 31",15:30 ,"Leche, Protein",0.8,Lácteo,80 gr,4 gr,4 gr,0 gr,0 gr,30 kcal,,,,,,,,,,,,,,,,,,,,,,,,,,,,,,,,,,
,"Tue, Mar 31",15:30 ,Nuez (1),1,Fruto Seco,5 gr,1 gr,1 gr,3 gr,0 gr,34 kcal,,,,,,,,,,,,,,,,,,,,,,,,,,,,0.32,1.63,0.70,,,3.19,
,"Tue, Mar 31",15:30 ,Almendra (1),1,Fruto Seco,7 gr,1 gr,0 gr,4 gr,1 gr,40 kcal,,,,,,,,,,,,,,,,,,,,,,,,,,,,,0.67,2.73,,,3.75,
,"Tue, Mar 31",15:30 ,Maní King Tostado Sin Piel Sin Sodio (1 cda sop),0.5,Fruto Seco,7 gr,2 gr,1 gr,4 gr,1 gr,42 kcal,,,,,,,,,,,,,,,,,,,,,,,,,,,,,1.19,1.72,,,3.50,
,"Tue, Mar 31",15:30 ,"Chocolate, Águila (1 barrita)",0.5,Carb,7 gr,0 gr,4 gr,2 gr,0 gr,33 kcal,,,,,,,,,,,,,,,,,,,,,,,,,,,,,0.05,0.55,,,1.68,
,"Tue, Mar 31",15:30 ,"Dicomere, cacao amargo puro en polvo",0.1,Procesado,1 gr,0 gr,0 gr,0 gr,0 gr,3 kcal,,,,,,,,,,,,,,,,,,,,,,,,,,,,,,,,,,
,"Tue, Mar 31",15:30 ,"Ceral, galletitas de algarroba (4 un)",0.5,Procesado,20 gr,1 gr,9 gr,1 gr,5 gr,49 kcal,,,,,,,,,,,,,,,,,,,,,,,,,,,,,,,,,,
,"Tue, Mar 31",18:15 ,Banana,1,Fruta,97 gr,1 gr,22 gr,0 gr,3 gr,86 kcal,02:45,,,,,,,,,,,,,,,,,,,,,,,,,,,,,,,,,
,"Tue, Mar 31",18:15 ,Manzana,1,Fruta,211 gr,1 gr,40 gr,0 gr,6 gr,152 kcal,,,,,,,,,,,,,,,,,,,,,,,,,,,,,,,,,,
,"Tue, Mar 31",18:15 ,"Leche, Protein",1.5,Lácteo,150 gr,7 gr,7 gr,0 gr,0 gr,56 kcal,,,,,,,,,,,,,,,,,,,,,,,,,,,,,,,,,,
,"Tue, Mar 31",18:15 ,Creatina Monohidrato,0.5,Complemento,0 gr,0 gr,0 gr,0 gr,0 gr,0 kcal,,,,,,,,,,,,,,,,,,,,,,,,,,,,,,,,,,
,"Tue, Mar 31",18:15 ,Whey Protein Bar Banana,1,Procesado,46 gr,15 gr,17 gr,7 gr,1 gr,176 kcal,,,,,,,,,,,,,,,,,,,,,,,,,,,,,,,,,,
,"Tue, Mar 31",23:30 ,Atún (1 lata),1,Proteína,120 gr,31 gr,0 gr,1 gr,0 gr,139 kcal,05:15,,,,,,,,,,,,,,,,,,,,,,,,,,,0.14,0.02,0.08,,,0.98,
,"Tue, Mar 31",23:30 ,Huevo,1,Proteína,65 gr,8 gr,0 gr,8 gr,0 gr,101 kcal,,,,,,,,,,,,,,,,,,,,,,,,,,,,0.15,1.23,2.91,,,7.67,
,"Tue, Mar 31",23:30 ,Queso Unt. Finlandia Light,2.5,Lácteo,25 gr,2 gr,1 gr,4 gr,0 gr,48 kcal,,,,,,,,,,,,,,,,,,,,,,,,,,,,0.04,0.11,1.06,0.15,0.26,2.05,
,"Tue, Mar 31",23:30 ,Pan Val Maira integral total,3,Grano,50 gr,6 gr,20 gr,1 gr,4 gr,115 kcal,,,,,,,,,,,,,,,,,,,,,,,,,,,,,,,,,,
,"Tue, Mar 31",23:30 ,Pasta de maní King natural,1,Fruto Seco,17 gr,4 gr,2 gr,8 gr,2 gr,100 kcal,,,,,,,,,,,,,,,,,,,,,,,,,,,,,2.83,4.08,,,8.33,
,"Tue, Mar 31",23:30 ,"Aceite de oliva El Gran Juicio (EV, 1 cda sop)",0.1,Grano,1 gr,0 gr,0 gr,1 gr,0 gr,11 kcal,,,,,,,,,,,,,,,,,,,,,,,,,,,,0.01,0.12,0.90,,,1.20,
,"Tue, Mar 31",23:30 ,Queso Cremón Light (unt),0.55,Lácteo,6 gr,1 gr,0 gr,0 gr,0 gr,8 kcal,,,,,,154 gr,193 gr,93 gr,34 gr,"2,217 kcal",1588 gr,,115 gr,100 gr,124 gr,35 gr,2000 kcal,1 gr,11 gr,35 gr,1 gr,1 gr,63 gr,0 gr,47 gr,64 gr,1:11,0.00,0.01,0.11,0.01,0.03,0.21,
1,"Wed, Apr 1",9:30 ,Vitaminas,1,Complemento,0 gr,0 gr,0 gr,0 gr,0 gr,0 kcal,10:00,,,,,,,,,,,,,,,,,,,,,,,,,,,,,,,,,
,"Wed, Apr 1",9:30 ,Te,1,Infusión,0 gr,0 gr,0 gr,0 gr,0 gr,0 kcal,,,,,,,,,,,,,,,,,,,,,,,,,,,,,,,,,,
,"Wed, Apr 1",9:30 ,Miel (1 cda),1,Carb,10 gr,0 gr,7 gr,0 gr,0 gr,28 kcal,,,,,,,,,,,,,,,,,,,,,,,,,,,,,,,,,,
,"Wed, Apr 1",9:30 ,"Leche, Protein",0.4,Lácteo,40 gr,2 gr,2 gr,0 gr,0 gr,15 kcal,,,,,,,,,,,,,,,,,,,,,,,,,,,,,,,,,,
,"Wed, Apr 1",9:30 ,Pan Val Maira integral total,3,Grano,63 gr,7 gr,25 gr,2 gr,5 gr,145 kcal,,,,,,,,,,,,,,,,,,,,,,,,,,,,,,,,,,
,"Wed, Apr 1",9:30 ,Palta,0.3,Fruta,40 gr,1 gr,3 gr,6 gr,3 gr,64 kcal,,,,,,,,,,,,,,,,,,,,,,,,,,,,0.06,0.82,4.16,,,5.86,
,"Wed, Apr 1",9:30 ,Queso Cremón Light (unt),3,Lácteo,30 gr,3 gr,3 gr,2 gr,0 gr,41 kcal,,,,,,,,,,,,,,,,,,,,,,,,,,,,0.02,0.06,0.58,0.08,0.14,1.12,
,"Wed, Apr 1",9:30 ,"Aceite de oliva El Gran Juicio (EV, 1 cda sop)",0.1,Grano,1 gr,0 gr,0 gr,1 gr,0 gr,11 kcal,,,,,,,,,,,,,,,,,,,,,,,,,,,,0.01,0.12,0.90,,,1.20,
,"Wed, Apr 1",9:30 ,Huevo,1,Proteína,65 gr,8 gr,0 gr,8 gr,0 gr,101 kcal,,,,,,,,,,,,,,,,,,,,,,,,,,,,0.15,1.23,2.91,,,7.67,
,"Wed, Apr 1",13:20 ,Banana,1,Fruta,105 gr,1 gr,24 gr,0 gr,3 gr,93 kcal,03:50,,,,,,,,,,,,,,,,,,,,,,,,,,,,,,,,,
,"Wed, Apr 1",13:20 ,Manzana,1,Fruta,200 gr,1 gr,38 gr,0 gr,6 gr,144 kcal,,,,,,,,,,,,,,,,,,,,,,,,,,,,,,,,,,
,"Wed, Apr 1",13:20 ,"Leche, Protein",1.2,Lácteo,120 gr,6 gr,6 gr,0 gr,0 gr,44 kcal,,,,,,,,,,,,,,,,,,,,,,,,,,,,,,,,,,
,"Wed, Apr 1",13:20 ,Creatina Monohidrato,0.5,Complemento,0 gr,0 gr,0 gr,0 gr,0 gr,0 kcal,,,,,,,,,,,,,,,,,,,,,,,,,,,,,,,,,,
,"Wed, Apr 1",14:15 ,Arroz Integral,1,Grano,40 gr,1 gr,9 gr,0 gr,1 gr,44 kcal,00:55,,,,,,,,,,,,,,,,,,,,,,,,,,,,,,,,,
,"Wed, Apr 1",14:15 ,Pollo (1 pechuga),0.3,Proteína,100 gr,29 gr,0 gr,3 gr,0 gr,151 kcal,,,,,,,,,,,,,,,,,,,,,,,,,,,,0.03,0.64,1.28,,,3.20,
,"Wed, Apr 1",14:15 ,Atún (1 lata),1,Proteína,120 gr,31 gr,0 gr,1 gr,0 gr,139 kcal,,,,,,,,,,,,,,,,,,,,,,,,,,,,0.14,0.02,0.08,,,0.98,
,"Wed, Apr 1",14:15 ,Cebolla,0.6,Verdura,84 gr,1 gr,8 gr,0 gr,1 gr,35 kcal,,,,,,,,,,,,,,,,,,,,,,,,,,,,,,,,,,
,"Wed, Apr 1",14:15 ,Ají,0.5,Verdura,25 gr,0 gr,1 gr,0 gr,0 gr,5 kcal,,,,,,,,,,,,,,,,,,,,,,,,,,,,,,,,,,
,"Wed, Apr 1",14:15 ,Maní King Tostado Sin Piel Sin Sodio (1 cda sop),0.65,Fruto Seco,10 gr,3 gr,1 gr,5 gr,1 gr,58 kcal,,,,,,,,,,,,,,,,,,,,,,,,,,,,,1.66,2.39,,,4.88,
,"Wed, Apr 1",16:40 ,Café,1,Infusión,0 gr,0 gr,0 gr,0 gr,0 gr,0 kcal,02:25,,,,,,,,,,,,,,,,,,,,,,,,,,,,,,,,,
,"Wed, Apr 1",16:40 ,Miel (1 cda),1,Carb,10 gr,0 gr,7 gr,0 gr,0 gr,28 kcal,,,,,,,,,,,,,,,,,,,,,,,,,,,,,,,,,,
,"Wed, Apr 1",16:40 ,"Leche, Protein",1.5,Lácteo,150 gr,7 gr,7 gr,0 gr,0 gr,56 kcal,,,,,,,,,,,,,,,,,,,,,,,,,,,,,,,,,,
,"Wed, Apr 1",16:40 ,B3st! Protein Salted Caramel,1,Procesado,60 gr,20 gr,20 gr,9 gr,11 gr,241 kcal,,,,,,,,,,,,,,,,,,,,,,,,,,,,,,,,,,
,"Wed, Apr 1",16:40 ,"Chocolate, Águila (1 barrita)",0.5,Carb,7 gr,0 gr,4 gr,2 gr,0 gr,33 kcal,,,,,,,,,,,,,,,,,,,,,,,,,,,,,0.05,0.55,,,1.68,
,"Wed, Apr 1",22:40 ,"Yogurt, Ser",1,Lácteo,190 gr,9 gr,11 gr,0 gr,0 gr,80 kcal,06:00,,,,,,,,,,,,,,,,,,,,,,,,,,,,,,,,,
,"Wed, Apr 1",22:40 ,Avena Granix Instnatánea (2 cdas),1,Grano,30 gr,4 gr,18 gr,2 gr,3 gr,107 kcal,,,,,,,,,,,,,,,,,,,,,,,,,,,,,,,,,,
,"Wed, Apr 1",22:40 ,Pasta de maní King natural,1,Fruto Seco,15 gr,4 gr,2 gr,7 gr,1 gr,88 kcal,,,,,,,,,,,,,,,,,,,,,,,,,,,,,2.50,3.60,,,7.35,
,"Wed, Apr 1",22:40 ,"Ceral, galletitas de algarroba (4 un)",1,Procesado,30 gr,2 gr,13 gr,2 gr,8 gr,73 kcal,,,,,,,,,,,,,,,,,,,,,,,,,,,,,,,,,,
,"Wed, Apr 1",22:40 ,Vainillas Bimbo,2,Carb,24 gr,2 gr,18 gr,1 gr,0 gr,90 kcal,,,,,,,,,,,,,,,,,,,,,,,,,,,,,,,,,,
,"Wed, Apr 1",22:40 ,"Dicomere, cacao amargo puro en polvo",0.1,Procesado,1 gr,0 gr,0 gr,0 gr,0 gr,3 kcal,,,,,,139 gr,227 gr,52 gr,43 gr,"1,916 kcal",1570 gr,,115 gr,100 gr,124 gr,35 gr,2000 kcal,0 gr,7 gr,16 gr,0 gr,0 gr,34 gr,0 gr,24 gr,34 gr,0:7,,,,,,,
1,"Thu, Apr 2",10:45 ,Vitaminas,1,Complemento,0 gr,0 gr,0 gr,0 gr,0 gr,0 kcal,12:05,,,,,,,,,,,,,,,,,,,,,,,,,,,,,,,,,
,"Thu, Apr 2",10:45 ,Te,1,Infusión,0 gr,0 gr,0 gr,0 gr,0 gr,0 kcal,,,,,,,,,,,,,,,,,,,,,,,,,,,,,,,,,,
,"Thu, Apr 2",10:45 ,Miel (1 cda),1,Carb,10 gr,0 gr,7 gr,0 gr,0 gr,28 kcal,,,,,,,,,,,,,,,,,,,,,,,,,,,,,,,,,,
,"Thu, Apr 2",10:45 ,"Leche, Protein",0.4,Lácteo,40 gr,2 gr,2 gr,0 gr,0 gr,15 kcal,,,,,,,,,,,,,,,,,,,,,,,,,,,,,,,,,,
,"Thu, Apr 2",10:45 ,Pan Integral D&D,2,Grano,50 gr,4 gr,24 gr,1 gr,3 gr,116 kcal,,,,,,,,,,,,,,,,,,,,,,,,,,,,,,,,,,
,"Thu, Apr 2",10:45 ,Queso Cremón Light (unt),3,Lácteo,30 gr,3 gr,3 gr,2 gr,0 gr,41 kcal,,,,,,,,,,,,,,,,,,,,,,,,,,,,0.02,0.06,0.58,0.08,0.14,1.12,
,"Thu, Apr 2",10:45 ,Huevo,1,Proteína,65 gr,8 gr,0 gr,8 gr,0 gr,101 kcal,,,,,,,,,,,,,,,,,,,,,,,,,,,,0.15,1.23,2.91,,,7.67,
,"Thu, Apr 2",10:45 ,Palta,0.2,Fruta,38 gr,1 gr,3 gr,6 gr,3 gr,61 kcal,,,,,,,,,,,,,,,,,,,,,,,,,,,,0.06,0.78,3.96,,,5.57,
,"Thu, Apr 2",10:45 ,"Aceite de oliva El Gran Juicio (EV, 1 cda sop)",0.1,Grano,1 gr,0 gr,0 gr,1 gr,0 gr,11 kcal,,,,,,,,,,,,,,,,,,,,,,,,,,,,0.01,0.12,0.90,,,1.20,
,"Thu, Apr 2",10:45 ,Power Boost Protein Bar Pistacho,1,Procesado,46 gr,15 gr,15 gr,4 gr,2 gr,152 kcal,,,,,,,,,,,,,,,,,,,,,,,,,,,,,,,,,,
,"Thu, Apr 2",15:45 ,Zanahoria,0.5,Verdura,96 gr,1 gr,9 gr,0 gr,3 gr,39 kcal,05:00,,,,,,,,,,,,,,,,,,,,,,,,,,,,,,,,,
,"Thu, Apr 2",15:45 ,Zucchini,0.5,Verdura,130 gr,2 gr,5 gr,0 gr,2 gr,22 kcal,,,,,,,,,,,,,,,,,,,,,,,,,,,,,,,,,,
,"Thu, Apr 2",15:45 ,Ají,0.5,Verdura,62 gr,1 gr,2 gr,0 gr,0 gr,11 kcal,,,,,,,,,,,,,,,,,,,,,,,,,,,,,,,,,,
,"Thu, Apr 2",15:45 ,Cebolla,0.5,Verdura,134 gr,1 gr,13 gr,0 gr,2 gr,56 kcal,,,,,,,,,,,,,,,,,,,,,,,,,,,,,,,,,,
,"Thu, Apr 2",15:45 ,Tomate,1,Verdura,157 gr,1 gr,6 gr,0 gr,2 gr,28 kcal,,,,,,,,,,,,,,,,,,,,,,,,,,,,,,,,,,
,"Thu, Apr 2",15:45 ,"Vaca, Bife de Chorizo (1 corte)",2.5,Proteína,250 gr,53 gr,0 gr,30 gr,0 gr,513 kcal,,,,,,,,,,,,,,,,,,,,,,,,,,,,0.30,1.20,12.60,,,15.00,
,"Thu, Apr 2",15:45 ,Pan Integral D&D,2,Grano,50 gr,4 gr,24 gr,1 gr,3 gr,116 kcal,,,,,,,,,,,,,,,,,,,,,,,,,,,,,,,,,,
,"Thu, Apr 2",15:45 ,Queso Cremón Light (unt),2,Lácteo,20 gr,2 gr,2 gr,1 gr,0 gr,27 kcal,,,,,,,,,,,,,,,,,,,,,,,,,,,,0.01,0.04,0.39,0.05,0.09,0.75,
,"Thu, Apr 2",15:45 ,"Aceite de oliva El Gran Juicio (EV, 1 cda sop)",0.1,Grano,1 gr,0 gr,0 gr,1 gr,0 gr,11 kcal,,,,,,,,,,,,,,,,,,,,,,,,,,,,0.01,0.12,0.90,,,1.20,
,"Thu, Apr 2",15:45 ,Maní King Tostado Sin Piel Sin Sodio (1 cda sop),0.5,Fruto Seco,7 gr,2 gr,1 gr,4 gr,1 gr,42 kcal,,,,,,,,,,,,,,,,,,,,,,,,,,,,,1.19,1.72,,,3.50,
,"Thu, Apr 2",16:55 ,Banana,1,Fruta,101 gr,1 gr,23 gr,0 gr,3 gr,90 kcal,01:10,,,,,,,,,,,,,,,,,,,,,,,,,,,,,,,,,
,"Thu, Apr 2",16:55 ,Manzana,1,Fruta,235 gr,1 gr,45 gr,0 gr,7 gr,169 kcal,,,,,,,,,,,,,,,,,,,,,,,,,,,,,,,,,,
,"Thu, Apr 2",16:55 ,"Leche, Protein",1.5,Lácteo,150 gr,7 gr,7 gr,0 gr,0 gr,56 kcal,,,,,,,,,,,,,,,,,,,,,,,,,,,,,,,,,,
,"Thu, Apr 2",16:55 ,Creatina Monohidrato,0.5,Complemento,0 gr,0 gr,0 gr,0 gr,0 gr,0 kcal,,,,,,,,,,,,,,,,,,,,,,,,,,,,,,,,,,
,"Thu, Apr 2",16:55 ,Frutilla,2,Fruta,30 gr,0 gr,2 gr,0 gr,1 gr,10 kcal,,,,,,,,,,,,,,,,,,,,,,,,,,,,,,,,,,
,"Thu, Apr 2",19:55 ,Café,1,Infusión,0 gr,0 gr,0 gr,0 gr,0 gr,0 kcal,03:00,,,,,,,,,,,,,,,,,,,,,,,,,,,,,,,,,
,"Thu, Apr 2",19:55 ,Miel (1 cda),1,Carb,10 gr,0 gr,7 gr,0 gr,0 gr,28 kcal,,,,,,,,,,,,,,,,,,,,,,,,,,,,,,,,,,
,"Thu, Apr 2",19:55 ,"Dicomere, cacao amargo puro en polvo",0.1,Procesado,1 gr,0 gr,0 gr,0 gr,0 gr,3 kcal,,,,,,,,,,,,,,,,,,,,,,,,,,,,,,,,,,
,"Thu, Apr 2",19:55 ,"Ceral, galletitas de algarroba (4 un)",0.5,Procesado,13 gr,1 gr,6 gr,1 gr,3 gr,32 kcal,,,,,,,,,,,,,,,,,,,,,,,,,,,,,,,,,,
,"Thu, Apr 2",19:55 ,Nuez (1),1,Fruto Seco,5 gr,1 gr,1 gr,3 gr,0 gr,34 kcal,,,,,,,,,,,,,,,,,,,,,,,,,,,,0.32,1.63,0.70,,,3.19,
,"Thu, Apr 2",19:55 ,Almendra (1),1,Fruto Seco,7 gr,1 gr,0 gr,4 gr,1 gr,40 kcal,,,,,,,,,,,,,,,,,,,,,,,,,,,,,0.67,2.73,,,3.75,
,"Thu, Apr 2",19:55 ,Chocobar de Arroz,1,Procesado,20 gr,1 gr,11 gr,4 gr,1 gr,89 kcal,,,,,,,,,,,,,,,,,,,,,,,,,,,,,,,,,,
,"Thu, Apr 2",19:55 ,"Leche, Protein",0.8,Lácteo,80 gr,4 gr,4 gr,0 gr,0 gr,30 kcal,,,,,,,,,,,,,,,,,,,,,,,,,,,,,,,,,,
,"Thu, Apr 2",22:35 ,"Yogurt, Ser",1,Lácteo,190 gr,9 gr,11 gr,0 gr,0 gr,80 kcal,02:40,,,,,,,,,,,,,,,,,,,,,,,,,,,,,,,,,
,"Thu, Apr 2",22:35 ,Avena Granix Instnatánea (2 cdas),1,Grano,30 gr,4 gr,18 gr,2 gr,3 gr,107 kcal,,,,,,,,,,,,,,,,,,,,,,,,,,,,,,,,,,
,"Thu, Apr 2",22:35 ,Pasta de maní King natural,1,Fruto Seco,21 gr,5 gr,2 gr,10 gr,2 gr,123 kcal,,,,,,,,,,,,,,,,,,,,,,,,,,,,,3.50,5.04,,,10.29,
,"Thu, Apr 2",22:35 ,"Ceral, galletitas de algarroba (4 un)",1,Procesado,30 gr,2 gr,13 gr,2 gr,8 gr,73 kcal,,,,,,,,,,,,,,,,,,,,,,,,,,,,,,,,,,
,"Thu, Apr 2",22:35 ,Vainillas Bimbo,2,Carb,24 gr,2 gr,18 gr,1 gr,0 gr,90 kcal,,,,,,,,,,,,,,,,,,,,,,,,,,,,,,,,,,
,"Thu, Apr 2",22:35 ,"Dicomere, cacao amargo puro en polvo",0.1,Procesado,1 gr,0 gr,0 gr,0 gr,0 gr,3 kcal,,,,,,,,,,,,,,,,,,,,,,,,,,,,,,,,,,
,"Thu, Apr 2",22:35 ,"Leche, Protein",0.2,Lácteo,20 gr,1 gr,1 gr,0 gr,0 gr,7 kcal,,,,,,139 gr,284 gr,88 gr,47 gr,"2,452 kcal",2155 gr,,115 gr,100 gr,124 gr,35 gr,2000 kcal,1 gr,11 gr,32 gr,0 gr,0 gr,53 gr,0 gr,44 gr,54 gr,1:11,,,,,,,
1,"Fri, Apr 3",13:30 ,Fideos Integrales,1.24,Grano,124 gr,12 gr,92 gr,2 gr,11 gr,422 kcal,14:55,,,,,,,,,,,,,,,,,,,,,,,,,,,,,,,,,
,"Fri, Apr 3",13:30 ,Pollo (1 pechuga),0.5,Proteína,198 gr,56 gr,0 gr,6 gr,0 gr,299 kcal,,,,,,,,,,,,,,,,,,,,,,,,,,,,0.06,1.27,2.53,,,6.34,
,"Fri, Apr 3",13:30 ,Pan Integral D&D,2,Grano,50 gr,4 gr,24 gr,1 gr,3 gr,116 kcal,,,,,,,,,,,,,,,,,,,,,,,,,,,,,,,,,,
,"Fri, Apr 3",13:30 ,Queso Cremón Light (unt),2,Lácteo,20 gr,2 gr,2 gr,1 gr,0 gr,27 kcal,,,,,,,,,,,,,,,,,,,,,,,,,,,,0.01,0.04,0.39,0.05,0.09,0.75,
,"Fri, Apr 3",13:30 ,Puré de tomate Salsati,1,Verdura,60 gr,1 gr,4 gr,0 gr,1 gr,17 kcal,,,,,,,,,,,,,,,,,,,,,,,,,,,,,,,,,,
,"Fri, Apr 3",13:30 ,"Aceite de oliva El Gran Juicio (EV, 1 cda sop)",0.4,Grano,4 gr,0 gr,0 gr,4 gr,0 gr,36 kcal,,,,,,,,,,,,,,,,,,,,,,,,,,,,0.04,0.40,3.00,,,4.00,
,"Fri, Apr 3",16:00,Café,1,Infusión,0 gr,0 gr,0 gr,0 gr,0 gr,0 kcal,02:30,,,,,,,,,,,,,,,,,,,,,,,,,,,,,,,,,
,"Fri, Apr 3",16:00 ,Miel (1 cda),1,Carb,10 gr,0 gr,7 gr,0 gr,0 gr,28 kcal,,,,,,,,,,,,,,,,,,,,,,,,,,,,,,,,,,
,"Fri, Apr 3",16:00 ,"Leche, Protein",1.5,Lácteo,150 gr,7 gr,7 gr,0 gr,0 gr,56 kcal,,,,,,,,,,,,,,,,,,,,,,,,,,,,,,,,,,
,"Fri, Apr 3",16:00 ,"Dicomere, cacao amargo puro en polvo",0.1,Procesado,1 gr,0 gr,0 gr,0 gr,0 gr,3 kcal,,,,,,,,,,,,,,,,,,,,,,,,,,,,,,,,,,
,"Fri, Apr 3",16:00 ,B3st! Protein Salted Caramel,1,Procesado,60 gr,20 gr,20 gr,9 gr,11 gr,241 kcal,,,,,,,,,,,,,,,,,,,,,,,,,,,,,,,,,,
,"Fri, Apr 3",19:15 ,Banana,1,Fruta,104 gr,1 gr,24 gr,0 gr,3 gr,93 kcal,03:15,,,,,,,,,,,,,,,,,,,,,,,,,,,,,,,,,
,"Fri, Apr 3",19:15 ,Manzana,1,Fruta,177 gr,1 gr,34 gr,0 gr,5 gr,127 kcal,,,,,,,,,,,,,,,,,,,,,,,,,,,,,,,,,,
,"Fri, Apr 3",19:15 ,"Leche, Protein",1.5,Lácteo,150 gr,7 gr,7 gr,0 gr,0 gr,56 kcal,,,,,,,,,,,,,,,,,,,,,,,,,,,,,,,,,,
,"Fri, Apr 3",19:15 ,Creatina Monohidrato,0.5,Complemento,0 gr,0 gr,0 gr,0 gr,0 gr,0 kcal,,,,,,,,,,,,,,,,,,,,,,,,,,,,,,,,,,
,"Fri, Apr 3",22:50 ,Pan Integral D&D,3,Grano,75 gr,6 gr,36 gr,2 gr,4 gr,174 kcal,03:35,,,,,,,,,,,,,,,,,,,,,,,,,,,,,,,,,
,"Fri, Apr 3",22:50 ,Queso Cremón Light (unt),4,Lácteo,40 gr,4 gr,4 gr,3 gr,0 gr,55 kcal,,,,,,,,,,,,,,,,,,,,,,,,,,,,0.03,0.08,0.77,0.11,0.19,1.49,
,"Fri, Apr 3",22:50 ,Huevo,1,Proteína,65 gr,8 gr,0 gr,8 gr,0 gr,101 kcal,,,,,,,,,,,,,,,,,,,,,,,,,,,,0.15,1.23,2.91,,,7.67,
,"Fri, Apr 3",22:50 ,Atún (1 lata),1,Proteína,102 gr,26 gr,0 gr,1 gr,0 gr,118 kcal,,,,,,,,,,,,,,,,,,,,,,,,,,,,0.12,0.02,0.07,,,0.84,
,"Fri, Apr 3",22:50 ,"Aceite de oliva El Gran Juicio (EV, 1 cda sop)",0.1,Grano,1 gr,0 gr,0 gr,1 gr,0 gr,11 kcal,,,,,,,,,,,,,,,,,,,,,,,,,,,,0.01,0.12,0.90,,,1.20,
,"Fri, Apr 3",22:50 ,Lentejas,0.5,Carb,75 gr,5 gr,12 gr,1 gr,4 gr,70 kcal,,,,,,,,,,,,,,,,,,,,,,,,,,,,,,,,,,
,"Fri, Apr 3",23:20 ,Te,1,Infusión,0 gr,0 gr,0 gr,0 gr,0 gr,0 kcal,00:30,,,,,,,,,,,,,,,,,,,,,,,,,,,,,,,,,
,"Fri, Apr 3",23:20 ,Miel (1 cda),1,Carb,10 gr,0 gr,7 gr,0 gr,0 gr,28 kcal,,,,,,,,,,,,,,,,,,,,,,,,,,,,,,,,,,
,"Fri, Apr 3",23:20 ,Vainillas Bimbo,2,Carb,24 gr,2 gr,18 gr,1 gr,0 gr,90 kcal,,,,,,161 gr,297 gr,42 gr,41 gr,"2,166 kcal",1500 gr,,115 gr,100 gr,124 gr,35 gr,2000 kcal,0 gr,3 gr,11 gr,0 gr,0 gr,22 gr,0 gr,14 gr,23 gr,0:3,,,,,,,
1,"Sat, Apr 4",9:45 ,Café,1,Infusión,0 gr,0 gr,0 gr,0 gr,0 gr,0 kcal,10:25,,,,,,,,,,,,,,,,,,,,,,,,,,,,,,,,,
,"Sat, Apr 4",9:45 ,Miel (1 cda),1,Carb,10 gr,0 gr,7 gr,0 gr,0 gr,28 kcal,,,,,,,,,,,,,,,,,,,,,,,,,,,,,,,,,,
,"Sat, Apr 4",9:45 ,Pan Integral D&D,2,Grano,50 gr,4 gr,24 gr,1 gr,3 gr,116 kcal,,,,,,,,,,,,,,,,,,,,,,,,,,,,,,,,,,
,"Sat, Apr 4",9:45 ,Queso Cremón Light (unt),2,Lácteo,20 gr,2 gr,2 gr,1 gr,0 gr,27 kcal,,,,,,,,,,,,,,,,,,,,,,,,,,,,0.01,0.04,0.39,0.05,0.09,0.75,
,"Sat, Apr 4",9:45 ,Huevo,1,Proteína,65 gr,8 gr,0 gr,8 gr,0 gr,101 kcal,,,,,,,,,,,,,,,,,,,,,,,,,,,,0.15,1.23,2.91,,,7.67,
,"Sat, Apr 4",15:10 ,Cebolla,0.5,Verdura,142 gr,1 gr,14 gr,0 gr,2 gr,60 kcal,05:25,,,,,,,,,,,,,,,,,,,,,,,,,,,,,,,,,
,"Sat, Apr 4",15:10 ,Zucchini,0.5,Verdura,118 gr,1 gr,4 gr,0 gr,1 gr,20 kcal,,,,,,,,,,,,,,,,,,,,,,,,,,,,,,,,,,
,"Sat, Apr 4",15:10 ,Zanahoria,0.5,Verdura,58 gr,1 gr,6 gr,0 gr,2 gr,24 kcal,,,,,,,,,,,,,,,,,,,,,,,,,,,,,,,,,,
,"Sat, Apr 4",15:10 ,Ají,0.4,Verdura,62 gr,1 gr,2 gr,0 gr,0 gr,11 kcal,,,,,,,,,,,,,,,,,,,,,,,,,,,,,,,,,,
,"Sat, Apr 4",15:10 ,Lentejas,0.4,Carb,92 gr,6 gr,15 gr,1 gr,4 gr,86 kcal,,,,,,,,,,,,,,,,,,,,,,,,,,,,,,,,,,
,"Sat, Apr 4",15:10 ,Arroz Integral,1,Grano,40 gr,1 gr,9 gr,0 gr,1 gr,44 kcal,,,,,,,,,,,,,,,,,,,,,,,,,,,,,,,,,,
,"Sat, Apr 4",15:10 ,Pan Integral D&D,2,Grano,53 gr,4 gr,25 gr,1 gr,3 gr,123 kcal,,,,,,,,,,,,,,,,,,,,,,,,,,,,,,,,,,
,"Sat, Apr 4",15:10 ,"Aceite de oliva El Gran Juicio (EV, 1 cda sop)",0.3,Grano,4 gr,0 gr,0 gr,4 gr,0 gr,32 kcal,,,,,,,,,,,,,,,,,,,,,,,,,,,,0.04,0.36,2.70,,,3.60,
,"Sat, Apr 4",15:10 ,Queso Unt. Finlandia Light,2,Lácteo,20 gr,2 gr,1 gr,3 gr,0 gr,38 kcal,,,,,,,,,,,,,,,,,,,,,,,,,,,,0.03,0.09,0.85,0.12,0.21,1.64,
,"Sat, Apr 4",15:10 ,Maní King Tostado Sin Piel Sin Sodio (1 cda sop),1,Fruto Seco,15 gr,4 gr,2 gr,8 gr,1 gr,89 kcal,,,,,,,,,,,,,,,,,,,,,,,,,,,,,2.55,3.68,,,7.50,
,"Sat, Apr 4",19:00 ,Café,1,Infusión,0 gr,0 gr,0 gr,0 gr,0 gr,0 kcal,03:50,,,,,,,,,,,,,,,,,,,,,,,,,,,,,,,,,
,"Sat, Apr 4",19:00 ,Miel (1 cda),1,Carb,10 gr,0 gr,7 gr,0 gr,0 gr,28 kcal,,,,,,,,,,,,,,,,,,,,,,,,,,,,,,,,,,
,"Sat, Apr 4",19:00 ,"Leche, Protein",0.8,Lácteo,80 gr,4 gr,4 gr,0 gr,0 gr,30 kcal,,,,,,,,,,,,,,,,,,,,,,,,,,,,,,,,,,
,"Sat, Apr 4",19:00 ,Power Boost Protein Bar Pistacho,1,Procesado,46 gr,15 gr,15 gr,4 gr,2 gr,152 kcal,,,,,,,,,,,,,,,,,,,,,,,,,,,,,,,,,,
,"Sat, Apr 4",19:00 ,"Ceral, galletitas de algarroba (4 un)",0.35,Procesado,11 gr,1 gr,5 gr,1 gr,3 gr,26 kcal,,,,,,,,,,,,,,,,,,,,,,,,,,,,,,,,,,
,"Sat, Apr 4",22:45 ,Atún (1 lata),1,Proteína,120 gr,31 gr,0 gr,1 gr,0 gr,139 kcal,03:45,,,,,,,,,,,,,,,,,,,,,,,,,,,0.14,0.02,0.08,,,0.98,
,"Sat, Apr 4",22:45 ,Huevo,1,Proteína,65 gr,8 gr,0 gr,8 gr,0 gr,101 kcal,,,,,,,,,,,,,,,,,,,,,,,,,,,,0.15,1.23,2.91,,,7.67,
,"Sat, Apr 4",22:45 ,Pasta de maní King natural,1.3,Fruto Seco,23 gr,6 gr,2 gr,11 gr,2 gr,135 kcal,,,,,,,,,,,,,,,,,,,,,,,,,,,,,3.83,5.52,,,11.27,
,"Sat, Apr 4",22:45 ,Queso Unt. Finlandia Light,5,Lácteo,50 gr,5 gr,3 gr,7 gr,0 gr,95 kcal,,,,,,,,,,,,,,,,,,,,,,,,,,,,0.07,0.22,2.13,0.29,0.51,4.11,
,"Sat, Apr 4",22:45 ,Pan Val Maira integral total,3,Grano,50 gr,6 gr,20 gr,1 gr,4 gr,115 kcal,,,,,,,,,,,,,,,,,,,,,,,,,,,,,,,,,,
,"Sat, Apr 4",23:55 ,"Aceite de oliva El Gran Juicio (EV, 1 cda sop)",0.1,Grano,1 gr,0 gr,0 gr,1 gr,0 gr,11 kcal,01:10,,,,,,,,,,,,,,,,,,,,,,,,,,,0.01,0.12,0.90,,,1.20,
,"Sat, Apr 4",23:55 ,Yogurt Griego Yogusísimo (140g),1,Lácteo,140 gr,9 gr,12 gr,4 gr,0 gr,115 kcal,,,,,,,,,,,,,,,,,,,,,,,,,,,,,,,,,,
,"Sat, Apr 4",23:55 ,Banana,1,Fruta,110 gr,1 gr,25 gr,0 gr,3 gr,98 kcal,,,,,,,,,,,,,,,,,,,,,,,,,,,,,,,,,,
,"Sat, Apr 4",23:55 ,"Ceral, galletitas de algarroba (4 un)",1,Procesado,34 gr,2 gr,15 gr,2 gr,9 gr,83 kcal,,,,,,,,,,,,,,,,,,,,,,,,,,,,,,,,,,
,"Sat, Apr 4",23:55 ,Vainillas Bimbo,1,Carb,12 gr,1 gr,9 gr,1 gr,0 gr,45 kcal,,,,,,,,,,,,,,,,,,,,,,,,,,,,,,,,,,
,"Sat, Apr 4",23:55 ,Almendra (1),1,Fruto Seco,10 gr,2 gr,0 gr,5 gr,2 gr,58 kcal,,,,,,,,,,,,,,,,,,,,,,,,,,,,,0.96,3.91,,,5.35,
,"Sat, Apr 4",23:55 ,Nuez (1),1,Fruto Seco,5 gr,1 gr,1 gr,3 gr,0 gr,34 kcal,,,,,,,,,,,,,,,,,,,,,,,,,,,,0.32,1.63,0.70,,,3.19,
,"Sat, Apr 4",23:55 ,Maní,1,Fruto Seco,15 gr,4 gr,1 gr,7 gr,1 gr,87 kcal,,,,,,,,,,,,,,,,,,,,,,,,,,,,,2.50,3.60,,,7.35,
,"Sat, Apr 4",23:55 ,"Leche, Protein",0.2,Lácteo,20 gr,1 gr,1 gr,0 gr,0 gr,7 kcal,,,,,,,,,,,,,,,,,,,,,,,,,,,,,,,,,,
,"Sat, Apr 4",23:55 ,Creatina Monohidrato,0.5,Complemento,0 gr,0 gr,0 gr,0 gr,0 gr,0 kcal,,,,,,128 gr,231 gr,83 gr,42 gr,"2,157 kcal",1550 gr,,115 gr,100 gr,124 gr,35 gr,2000 kcal,1 gr,15 gr,30 gr,0 gr,1 gr,62 gr,0 gr,46 gr,64 gr,1:15,,,,,,,
,"Sun, Apr 5",13:00 ,Pollo (1 pechuga),0.5,Proteína,150 gr,43 gr,0 gr,5 gr,0 gr,227 kcal,13:05,,,,,,,,,,,,,,,,,,,,,,,,,,,0.05,0.96,1.92,,,4.80,
,"Sun, Apr 5",13:00 ,Pan Val Maira integral total,3,Grano,50 gr,6 gr,20 gr,1 gr,4 gr,115 kcal,,,,,,,,,,,,,,,,,,,,,,,,,,,,,,,,,,
,"Sun, Apr 5",13:00 ,Palta,0.3,Fruta,48 gr,1 gr,4 gr,7 gr,3 gr,77 kcal,,,,,,,,,,,,,,,,,,,,,,,,,,,,0.07,0.99,5.00,,,7.04,
,"Sun, Apr 5",13:00 ,Queso Unt. Finlandia Light,3,Lácteo,33 gr,3 gr,2 gr,5 gr,0 gr,63 kcal,,,,,,,,,,,,,,,,,,,,,,,,,,,,0.05,0.15,1.40,0.19,0.34,2.71,
,"Sun, Apr 5",13:00 ,"Aceite de oliva El Gran Juicio (EV, 1 cda sop)",0.1,Grano,1 gr,0 gr,0 gr,1 gr,0 gr,11 kcal,,,,,,,,,,,,,,,,,,,,,,,,,,,,0.01,0.12,0.90,,,1.20,
,"Sun, Apr 5",13:50 ,Vitaminas,1,Complemento,0 gr,0 gr,0 gr,0 gr,0 gr,0 kcal,00:50,,,,,,,,,,,,,,,,,,,,,,,,,,,,,,,,,
,"Sun, Apr 5",13:50 ,Manzana,1,Fruta,200 gr,1 gr,38 gr,0 gr,6 gr,144 kcal,,,,,,,,,,,,,,,,,,,,,,,,,,,,,,,,,,
,"Sun, Apr 5",13:50 ,Naranja,2,Fruta,217 gr,3 gr,33 gr,0 gr,7 gr,135 kcal,,,,,,,,,,,,,,,,,,,,,,,,,,,,,,,,,,
,"Sun, Apr 5",13:50 ,Creatina Monohidrato,0.5,Complemento,0 gr,0 gr,0 gr,0 gr,0 gr,0 kcal,,,,,,,,,,,,,,,,,,,,,,,,,,,,,,,,,,
,"Sun, Apr 5",16:05 ,Café,1,Infusión,0 gr,0 gr,0 gr,0 gr,0 gr,0 kcal,02:15,,,,,,,,,,,,,,,,,,,,,,,,,,,,,,,,,
,"Sun, Apr 5",16:05 ,"Leche, Protein",0.8,Lácteo,80 gr,4 gr,4 gr,0 gr,0 gr,30 kcal,,,,,,,,,,,,,,,,,,,,,,,,,,,,,,,,,,
,"Sun, Apr 5",16:05 ,Miel (1 cda),1,Carb,10 gr,0 gr,7 gr,0 gr,0 gr,28 kcal,,,,,,,,,,,,,,,,,,,,,,,,,,,,,,,,,,
,"Sun, Apr 5",16:05 ,"Dicomere, cacao amargo puro en polvo",0.1,Procesado,1 gr,0 gr,0 gr,0 gr,0 gr,3 kcal,,,,,,,,,,,,,,,,,,,,,,,,,,,,,,,,,,
,"Sun, Apr 5",16:05 ,Power Boost Protein Bar Pistacho,1,Procesado,46 gr,15 gr,15 gr,4 gr,2 gr,152 kcal,,,,,,,,,,,,,,,,,,,,,,,,,,,,,,,,,,
,"Sun, Apr 5",18:30 ,Café,1,Infusión,0 gr,0 gr,0 gr,0 gr,0 gr,0 kcal,02:25,,,,,,,,,,,,,,,,,,,,,,,,,,,,,,,,,
,"Sun, Apr 5",18:30 ,"Leche, Protein",1.2,Lácteo,120 gr,6 gr,6 gr,0 gr,0 gr,44 kcal,,,,,,,,,,,,,,,,,,,,,,,,,,,,,,,,,,
,"Sun, Apr 5",18:30 ,Miel (1 cda),1,Carb,10 gr,0 gr,7 gr,0 gr,0 gr,28 kcal,,,,,,,,,,,,,,,,,,,,,,,,,,,,,,,,,,
,"Sun, Apr 5",18:30 ,Whey Protein Bar Banana,1,Procesado,46 gr,15 gr,17 gr,7 gr,1 gr,176 kcal,,,,,,,,,,,,,,,,,,,,,,,,,,,,,,,,,,
,"Sun, Apr 5",21:20,Nuez (1),1.3,Fruto Seco,5 gr,1 gr,1 gr,3 gr,0 gr,35 kcal,02:50,,,,,,,,,,,,,,,,,,,,,,,,,,,0.33,1.69,0.73,,,3.32,
,"Sun, Apr 5",21:20 ,Almendra (1),1,Fruto Seco,7 gr,1 gr,0 gr,4 gr,1 gr,40 kcal,,,,,,,,,,,,,,,,,,,,,,,,,,,,,0.67,2.73,,,3.75,
,"Sun, Apr 5",21:20 ,Pan Integral D&D,2,Grano,16 gr,1 gr,8 gr,0 gr,1 gr,37 kcal,,,,,,,,,,,,,,,,,,,,,,,,,,,,,,,,,,
,"Sun, Apr 5",21:20 ,"Leche, Protein",1.2,Lácteo,120 gr,6 gr,6 gr,0 gr,0 gr,44 kcal,,,,,,,,,,,,,,,,,,,,,,,,,,,,,,,,,,
,"Sun, Apr 5",21:20 ,Queso Unt. Finlandia Light,4,Lácteo,40 gr,4 gr,2 gr,6 gr,0 gr,76 kcal,,,,,,,,,,,,,,,,,,,,,,,,,,,,0.06,0.18,1.70,0.23,0.41,3.29,
,"Sun, Apr 5",21:20 ,Huevo,1,Proteína,65 gr,8 gr,0 gr,8 gr,0 gr,101 kcal,,,,,,,,,,,,,,,,,,,,,,,,,,,,0.15,1.23,2.91,,,7.67,
,"Sun, Apr 5",21:20 ,Miel (1 cda),1,Carb,10 gr,0 gr,7 gr,0 gr,0 gr,28 kcal,,,,,,,,,,,,,,,,,,,,,,,,,,,,,,,,,,
,"Sun, Apr 5",21:20 ,"Dicomere, cacao amargo puro en polvo",0.5,Procesado,5 gr,1 gr,1 gr,1 gr,2 gr,14 kcal,,,,,,,,,,,,,,,,,,,,,,,,,,,,,,,,,,
,"Sun, Apr 5",21:20 ,Pasta de maní King natural,1,Fruto Seco,15 gr,4 gr,2 gr,7 gr,1 gr,88 kcal,,,,,,,,,,,,,,,,,,,,,,,,,,,,,2.50,3.60,,,7.35,
,"Sun, Apr 5",21:20 ,Te,1,Infusión,0 gr,0 gr,0 gr,0 gr,0 gr,0 kcal,,,,,,,,,,,,,,,,,,,,,,,,,,,,,,,,,,
,"Sun, Apr 5",21:20 ,Miel (1 cda),1,Carb,10 gr,0 gr,7 gr,0 gr,0 gr,28 kcal,,,,,,121 gr,185 gr,59 gr,28 gr,"1,723 kcal",1305 gr,,115 gr,100 gr,124 gr,35 gr,2000 kcal,1 gr,8 gr,21 gr,0 gr,1 gr,41 gr,0 gr,30 gr,42 gr,1:8,,,,,,,
,"Mon, Apr 6",10:50 ,Te,1,Infusión,0 gr,0 gr,0 gr,0 gr,0 gr,0 kcal,13:30,,,,,,,,,,,,,,,,,,,,,,,,,,,,,,,,,
,"Mon, Apr 6",10:50 ,Miel (1 cda),1,Carb,10 gr,0 gr,7 gr,0 gr,0 gr,28 kcal,,,,,,,,,,,,,,,,,,,,,,,,,,,,,,,,,,
,"Mon, Apr 6",10:50 ,"Leche, Protein",0.4,Lácteo,40 gr,2 gr,2 gr,0 gr,0 gr,15 kcal,,,,,,,,,,,,,,,,,,,,,,,,,,,,,,,,,,
,"Mon, Apr 6",10:50 ,Pan Integral D&D,2,Grano,50 gr,4 gr,24 gr,1 gr,3 gr,116 kcal,,,,,,,,,,,,,,,,,,,,,,,,,,,,,,,,,,
,"Mon, Apr 6",10:50 ,Queso Unt. Finlandia Light,2,Lácteo,20 gr,2 gr,1 gr,3 gr,0 gr,38 kcal,,,,,,,,,,,,,,,,,,,,,,,,,,,,0.03,0.09,0.85,0.12,0.21,1.64,
,"Mon, Apr 6",10:50 ,Huevo,1,Proteína,65 gr,8 gr,0 gr,8 gr,0 gr,101 kcal,,,,,,,,,,,,,,,,,,,,,,,,,,,,0.15,1.23,2.91,,,7.67,
,"Mon, Apr 6",10:50 ,Nuez (1),1,Fruto Seco,6 gr,1 gr,1 gr,4 gr,0 gr,40 kcal,,,,,,,,,,,,,,,,,,,,,,,,,,,,0.38,1.95,0.84,,,3.83,
,"Mon, Apr 6",10:50 ,Almendra (1),1,Fruto Seco,7 gr,1 gr,0 gr,4 gr,1 gr,40 kcal,,,,,,,,,,,,,,,,,,,,,,,,,,,,,0.67,2.73,,,3.75,
,"Mon, Apr 6",10:50 ,"Ceral, galletitas de algarroba (4 un)",1,Procesado,7 gr,0 gr,3 gr,0 gr,2 gr,17 kcal,,,,,,,,,,,,,,,,,,,,,,,,,,,,,,,,,,
,"Mon, Apr 6",10:50 ,Vainillas Bimbo,2,Carb,24 gr,2 gr,18 gr,1 gr,0 gr,90 kcal,,,,,,,,,,,,,,,,,,,,,,,,,,,,,,,,,,
,"Mon, Apr 6",14:15 ,Uvas blancas,1,Fruta,52 gr,0 gr,9 gr,0 gr,0 gr,36 kcal,03:25,,,,,,,,,,,,,,,,,,,,,,,,,,,,,,,,,
,"Mon, Apr 6",15:10 ,Zanahoria,0.2,Verdura,44 gr,0 gr,4 gr,0 gr,1 gr,18 kcal,00:55,,,,,,,,,,,,,,,,,,,,,,,,,,,,,,,,,
,"Mon, Apr 6",15:10 ,Ají,0.2,Verdura,65 gr,1 gr,3 gr,0 gr,0 gr,12 kcal,,,,,,,,,,,,,,,,,,,,,,,,,,,,,,,,,,
,"Mon, Apr 6",15:10 ,Zucchini,0.2,Verdura,63 gr,1 gr,2 gr,0 gr,1 gr,11 kcal,,,,,,,,,,,,,,,,,,,,,,,,,,,,,,,,,,
,"Mon, Apr 6",15:10 ,Jardinera,0.5,Carb,100 gr,4 gr,13 gr,0 gr,4 gr,69 kcal,,,,,,,,,,,,,,,,,,,,,,,,,,,,,,,,,,
,"Mon, Apr 6",15:10 ,Arroz Integral,1,Grano,42 gr,1 gr,10 gr,0 gr,1 gr,46 kcal,,,,,,,,,,,,,,,,,,,,,,,,,,,,,,,,,,
,"Mon, Apr 6",15:10 ,Puré de tomate Salsati,1.75,Verdura,100 gr,1 gr,6 gr,0 gr,1 gr,28 kcal,,,,,,,,,,,,,,,,,,,,,,,,,,,,,,,,,,
,"Mon, Apr 6",15:10 ,Pollo (1 pechuga),0.5,Proteína,160 gr,46 gr,0 gr,5 gr,0 gr,242 kcal,,,,,,,,,,,,,,,,,,,,,,,,,,,,0.05,1.02,2.05,,,5.12,
,"Mon, Apr 6",15:10 ,Maní King Tostado Sin Piel Sin Sodio (1 cda sop),1,Fruto Seco,15 gr,4 gr,2 gr,8 gr,1 gr,89 kcal,,,,,,,,,,,,,,,,,,,,,,,,,,,,,2.55,3.68,,,7.50,
,"Mon, Apr 6",16:30 ,Café,1,Infusión,0 gr,0 gr,0 gr,0 gr,0 gr,0 kcal,01:20,,,,,,,,,,,,,,,,,,,,,,,,,,,,,,,,,
,"Mon, Apr 6",16:30 ,Miel (1 cda),1,Carb,10 gr,0 gr,7 gr,0 gr,0 gr,28 kcal,,,,,,,,,,,,,,,,,,,,,,,,,,,,,,,,,,
,"Mon, Apr 6",16:30 ,"Leche, Protein",0.8,Lácteo,80 gr,4 gr,4 gr,0 gr,0 gr,30 kcal,,,,,,,,,,,,,,,,,,,,,,,,,,,,,,,,,,
,"Mon, Apr 6",16:30 ,Power Pulver barra proteica,1,Procesado,60 gr,20 gr,32 gr,3 gr,0 gr,225 kcal,,,,,,,,,,,,,,,,,,,,,,,,,,,,,,,,,,
,"Mon, Apr 6",21:30 ,Te,1,Infusión,0 gr,0 gr,0 gr,0 gr,0 gr,0 kcal,05:00,,,,,,,,,,,,,,,,,,,,,,,,,,,,,,,,,
,"Mon, Apr 6",21:30 ,Miel (1 cda),1,Carb,10 gr,0 gr,7 gr,0 gr,0 gr,28 kcal,,,,,,,,,,,,,,,,,,,,,,,,,,,,,,,,,,
,"Mon, Apr 6",21:30 ,"Leche, Protein",1.5,Lácteo,150 gr,7 gr,7 gr,0 gr,0 gr,56 kcal,,,,,,,,,,,,,,,,,,,,,,,,,,,,,,,,,,
,"Mon, Apr 6",21:30 ,Creatina Monohidrato,0.5,Complemento,0 gr,0 gr,0 gr,0 gr,0 gr,0 kcal,,,,,,,,,,,,,,,,,,,,,,,,,,,,,,,,,,
,"Mon, Apr 6",21:30 ,Galletitas Cachafaz Algarroba,2,Procesado,31 gr,3 gr,19 gr,5 gr,2 gr,130 kcal,,,,,,,,,,,,,,,,,,,,,,,,,,,,,,,,,,
,"Mon, Apr 6",23:00 ,Banana,1,Fruta,100 gr,1 gr,23 gr,0 gr,3 gr,89 kcal,01:30,,,,,,,,,,,,,,,,,,,,,,,,,,,,,,,,,
,"Mon, Apr 6",23:00 ,Manzana,1,Fruta,200 gr,1 gr,38 gr,0 gr,6 gr,144 kcal,,,,,,,,,,,,,,,,,,,,,,,,,,,,,,,,,,
,"Mon, Apr 6",23:00 ,"Leche, Protein",1.5,Lácteo,150 gr,7 gr,7 gr,0 gr,0 gr,56 kcal,,,,,,,,,,,,,,,,,,,,,,,,,,,,,,,,,,
,"Mon, Apr 6",23:00 ,Miel (1 cda),1.5,Carb,15 gr,0 gr,11 gr,0 gr,0 gr,42 kcal,,,,,,119 gr,259 gr,43 gr,27 gr,"1,864 kcal",1676 gr,,115 gr,100 gr,124 gr,35 gr,2000 kcal,1 gr,8 gr,13 gr,0 gr,0 gr,30 gr,0 gr,21 gr,30 gr,1:8,,,,,,,
,"Tue, Apr 7",11:50 ,Te,1,Infusión,0 gr,0 gr,0 gr,0 gr,0 gr,0 kcal,12:50,,,,,,,,,,,,,,,,,,,,,,,,,,,,,,,,,
,"Tue, Apr 7",11:50 ,Miel (1 cda),1,Carb,10 gr,0 gr,7 gr,0 gr,0 gr,28 kcal,,,,,,,,,,,,,,,,,,,,,,,,,,,,,,,,,,
,"Tue, Apr 7",11:50 ,"Leche, Protein",0.4,Lácteo,40 gr,2 gr,2 gr,0 gr,0 gr,15 kcal,,,,,,,,,,,,,,,,,,,,,,,,,,,,,,,,,,
,"Tue, Apr 7",11:50 ,Pan Integral D&D,2,Grano,50 gr,4 gr,24 gr,1 gr,3 gr,116 kcal,,,,,,,,,,,,,,,,,,,,,,,,,,,,,,,,,,
,"Tue, Apr 7",11:50 ,Palta,0.3,Fruta,31 gr,1 gr,3 gr,5 gr,2 gr,50 kcal,,,,,,,,,,,,,,,,,,,,,,,,,,,,0.05,0.64,3.23,,,4.54,
,"Tue, Apr 7",11:50 ,Queso Unt. Finlandia Light,2,Lácteo,22 gr,2 gr,1 gr,3 gr,0 gr,42 kcal,,,,,,,,,,,,,,,,,,,,,,,,,,,,0.03,0.10,0.94,0.13,0.23,1.81,
,"Tue, Apr 7",11:50 ,"Aceite de oliva El Gran Juicio (EV, 1 cda sop)",0.1,Grano,1 gr,0 gr,0 gr,1 gr,0 gr,11 kcal,,,,,,,,,,,,,,,,,,,,,,,,,,,,0.01,0.12,0.90,,,1.20,
,"Tue, Apr 7",11:50 ,Huevo,1,Proteína,65 gr,8 gr,0 gr,8 gr,0 gr,101 kcal,,,,,,,,,,,,,,,,,,,,,,,,,,,,0.15,1.23,2.91,,,7.67,
,"Tue, Apr 7",14:30 ,"Ensalada (lechuga, repollo b+m, zanahoria)",1,Verdura,120 gr,2 gr,5 gr,0 gr,2 gr,30 kcal,02:40,,,,,,,,,,,,,,,,,,,,,,,,,,,,,,,,,
,"Tue, Apr 7",14:30 ,"Aceite de oliva El Gran Juicio (EV, 1 cda sop)",0.4,Grano,4 gr,0 gr,0 gr,4 gr,0 gr,39 kcal,,,,,,,,,,,,,,,,,,,,,,,,,,,,0.04,0.43,3.23,,,4.30,
,"Tue, Apr 7",14:30 ,Queso Unt. Finlandia Light,3,Lácteo,30 gr,3 gr,2 gr,4 gr,0 gr,57 kcal,,,,,,,,,,,,,,,,,,,,,,,,,,,,0.04,0.13,1.28,0.18,0.31,2.46,
,"Tue, Apr 7",14:30 ,Tortillas para tacos Mendía,2,Carb,85 gr,6 gr,40 gr,8 gr,1 gr,258 kcal,,,,,,,,,,,,,,,,,,,,,,,,,,,,,,,,,,
,"Tue, Apr 7",16:00 ,Huevo,1,Proteína,224 gr,27 gr,1 gr,26 gr,0 gr,349 kcal,01:30,,,,,,,,,,,,,,,,,,,,,,,,,,,0.53,4.23,10.04,,,26.43,
,"Tue, Apr 7",16:00 ,Manzana,1,Fruta,79 gr,0 gr,15 gr,0 gr,2 gr,57 kcal,,,,,,,,,,,,,,,,,,,,,,,,,,,,,,,,,,
,"Tue, Apr 7",16:00 ,Banana,1,Fruta,150 gr,2 gr,35 gr,0 gr,4 gr,134 kcal,,,,,,,,,,,,,,,,,,,,,,,,,,,,,,,,,,
,"Tue, Apr 7",16:00 ,"Leche, Protein",1.5,Lácteo,30 gr,1 gr,1 gr,0 gr,0 gr,11 kcal,,,,,,,,,,,,,,,,,,,,,,,,,,,,,,,,,,
,"Tue, Apr 7",16:00 ,Frutilla,2,Fruta,20 gr,0 gr,2 gr,0 gr,0 gr,6 kcal,,,,,,,,,,,,,,,,,,,,,,,,,,,,,,,,,,
,"Tue, Apr 7",17:10 ,Creatina Monohidrato,0.5,Complemento,0 gr,0 gr,0 gr,0 gr,0 gr,0 kcal,01:10,,,,,,,,,,,,,,,,,,,,,,,,,,,,,,,,,
,"Tue, Apr 7",17:10 ,Café,1,Infusión,0 gr,0 gr,0 gr,0 gr,0 gr,0 kcal,,,,,,,,,,,,,,,,,,,,,,,,,,,,,,,,,,
,"Tue, Apr 7",17:10 ,Miel (1 cda),1,Carb,10 gr,0 gr,7 gr,0 gr,0 gr,28 kcal,,,,,,,,,,,,,,,,,,,,,,,,,,,,,,,,,,
,"Tue, Apr 7",17:10 ,"Leche, Protein",0.8,Lácteo,80 gr,4 gr,4 gr,0 gr,0 gr,30 kcal,,,,,,,,,,,,,,,,,,,,,,,,,,,,,,,,,,
,"Tue, Apr 7",17:10 ,Power Boost Protein Bar Pistacho,1,Procesado,46 gr,15 gr,15 gr,4 gr,2 gr,152 kcal,,,,,,,,,,,,,,,,,,,,,,,,,,,,,,,,,,
,"Tue, Apr 7",20:00 ,"Dicomere, cacao amargo puro en polvo",0.12,Procesado,1 gr,0 gr,0 gr,0 gr,0 gr,3 kcal,02:50,,,,,,,,,,,,,,,,,,,,,,,,,,,,,,,,,
,"Tue, Apr 7",20:00 ,Café,1,Infusión,0 gr,0 gr,0 gr,0 gr,0 gr,0 kcal,,,,,,,,,,,,,,,,,,,,,,,,,,,,,,,,,,
,"Tue, Apr 7",20:00 ,Miel (1 cda),1,Carb,10 gr,0 gr,7 gr,0 gr,0 gr,28 kcal,,,,,,,,,,,,,,,,,,,,,,,,,,,,,,,,,,
,"Tue, Apr 7",20:00 ,"Leche, Protein",0.8,Lácteo,80 gr,4 gr,4 gr,0 gr,0 gr,30 kcal,,,,,,,,,,,,,,,,,,,,,,,,,,,,,,,,,,
,"Tue, Apr 7",20:00 ,Galletitas Cachafaz Algarroba,2,Procesado,29 gr,2 gr,18 gr,5 gr,2 gr,122 kcal,,,,,,,,,,,,,,,,,,,,,,,,,,,,,,,,,,
,"Tue, Apr 7",23:25 ,Te,1,Infusión,0 gr,0 gr,0 gr,0 gr,0 gr,0 kcal,03:25,,,,,,,,,,,,,,,,,,,,,,,,,,,,,,,,,
,"Tue, Apr 7",23:25 ,"Leche, Protein",0.5,Lácteo,50 gr,2 gr,2 gr,0 gr,0 gr,19 kcal,,,,,,,,,,,,,,,,,,,,,,,,,,,,,,,,,,
,"Tue, Apr 7",23:25 ,B3st! Protein Salted Caramel,1,Procesado,60 gr,20 gr,20 gr,9 gr,11 gr,241 kcal,,,,,,,,,,,,,,,,,,,,,,,,,,,,,,,,,,
,"Tue, Apr 7",23:25 ,Vainillas Bimbo,1,Carb,12 gr,1 gr,9 gr,1 gr,0 gr,45 kcal,,,,,,105 gr,222 gr,80 gr,30 gr,"2,000 kcal",1340 gr,,115 gr,100 gr,124 gr,35 gr,2000 kcal,1 gr,7 gr,23 gr,0 gr,1 gr,48 gr,0 gr,30 gr,49 gr,1:7,,,,,,,
,"Wed, Apr 8",10:00 ,Te,1,Infusión,0 gr,0 gr,0 gr,0 gr,0 gr,0 kcal,10:35,,,,,,,,,,,,,,,,,,,,,,,,,,,,,,,,,
,"Wed, Apr 8",10:00 ,Miel (1 cda),1,Carb,10 gr,0 gr,7 gr,0 gr,0 gr,28 kcal,,,,,,,,,,,,,,,,,,,,,,,,,,,,,,,,,,
,"Wed, Apr 8",10:00 ,"Leche, Protein",0.4,Lácteo,47 gr,2 gr,2 gr,0 gr,0 gr,17 kcal,,,,,,,,,,,,,,,,,,,,,,,,,,,,,,,,,,
,"Wed, Apr 8",10:00 ,Pan de salvado Raíces del Sur,2,Grano,67 gr,7 gr,25 gr,2 gr,5 gr,149 kcal,,,,,,,,,,,,,,,,,,,,,,,,,,,,,,,,,,
,"Wed, Apr 8",10:00 ,Queso Unt. Finlandia Light,3,Lácteo,35 gr,3 gr,2 gr,5 gr,0 gr,67 kcal,,,,,,,,,,,,,,,,,,,,,,,,,,,,0.05,0.15,1.49,0.21,0.36,2.87,
,"Wed, Apr 8",10:00 ,Palta,0.3,Fruta,24 gr,0 gr,2 gr,4 gr,2 gr,38 kcal,,,,,,,,,,,,,,,,,,,,,,,,,,,,0.04,0.49,2.50,,,3.52,
,"Wed, Apr 8",10:00 ,Huevo,1,Proteína,65 gr,8 gr,0 gr,8 gr,0 gr,101 kcal,,,,,,,,,,,,,,,,,,,,,,,,,,,,0.15,1.23,2.91,,,7.67,
,"Wed, Apr 8",10:00 ,"Aceite de oliva El Gran Juicio (EV, 1 cda sop)",0.1,Grano,1 gr,0 gr,0 gr,1 gr,0 gr,11 kcal,,,,,,,,,,,,,,,,,,,,,,,,,,,,0.01,0.12,0.90,,,1.20,
,"Wed, Apr 8",13:00 ,"Vaca, entraña",1.8,Proteína,180 gr,41 gr,0 gr,18 gr,0 gr,396 kcal,03:00,,,,,,,,,,,,,,,,,,,,,,,,,,,0.18,0.72,7.56,,,9.00,
,"Wed, Apr 8",13:00 ,"Ensalada (lechuga, repollo b+m, zanahoria)",0.8,Verdura,85 gr,1 gr,4 gr,0 gr,2 gr,21 kcal,,,,,,,,,,,,,,,,,,,,,,,,,,,,,,,,,,
,"Wed, Apr 8",13:00 ,"Aceite de oliva El Gran Juicio (EV, 1 cda sop)",0.3,Grano,4 gr,0 gr,0 gr,4 gr,0 gr,32 kcal,,,,,,,,,,,,,,,,,,,,,,,,,,,,0.04,0.35,2.63,,,3.50,
,"Wed, Apr 8",13:00 ,Queso Unt. Finlandia Light,5,Lácteo,50 gr,5 gr,3 gr,7 gr,0 gr,95 kcal,,,,,,,,,,,,,,,,,,,,,,,,,,,,0.07,0.22,2.13,0.29,0.51,4.11,
,"Wed, Apr 8",13:00 ,Pan de salvado Raíces del Sur,2,Grano,60 gr,7 gr,23 gr,2 gr,4 gr,134 kcal,,,,,,,,,,,,,,,,,,,,,,,,,,,,,,,,,,
,"Wed, Apr 8",14:00 ,Café,1,Infusión,0 gr,0 gr,0 gr,0 gr,0 gr,0 kcal,01:00,,,,,,,,,,,,,,,,,,,,,,,,,,,,,,,,,
,"Wed, Apr 8",14:00 ,Miel (1 cda),1,Carb,10 gr,0 gr,7 gr,0 gr,0 gr,28 kcal,,,,,,,,,,,,,,,,,,,,,,,,,,,,,,,,,,
,"Wed, Apr 8",14:00 ,"Leche, Protein",1,Lácteo,100 gr,5 gr,5 gr,0 gr,0 gr,37 kcal,,,,,,,,,,,,,,,,,,,,,,,,,,,,,,,,,,
,"Wed, Apr 8",14:00 ,Power Boost Protein Bar Pistacho,1,Procesado,46 gr,15 gr,15 gr,4 gr,2 gr,152 kcal,,,,,,,,,,,,,,,,,,,,,,,,,,,,,,,,,,
,"Wed, Apr 8",17:30 ,Manzana,1,Fruta,180 gr,1 gr,34 gr,0 gr,5 gr,130 kcal,03:30,,,,,,,,,,,,,,,,,,,,,,,,,,,,,,,,,
,"Wed, Apr 8",17:30 ,Banana,1,Fruta,94 gr,1 gr,22 gr,0 gr,2 gr,84 kcal,,,,,,,,,,,,,,,,,,,,,,,,,,,,,,,,,,
,"Wed, Apr 8",17:30 ,"Leche, Protein",1.5,Lácteo,150 gr,7 gr,7 gr,0 gr,0 gr,56 kcal,,,,,,,,,,,,,,,,,,,,,,,,,,,,,,,,,,
,"Wed, Apr 8",17:30 ,Creatina Monohidrato,0.5,Complemento,0 gr,0 gr,0 gr,0 gr,0 gr,0 kcal,,,,,,,,,,,,,,,,,,,,,,,,,,,,,,,,,,
,"Wed, Apr 8",23:00 ,Pollo (1 pechuga),0.5,Proteína,163 gr,46 gr,0 gr,5 gr,0 gr,246 kcal,05:30,,,,,,,,,,,,,,,,,,,,,,,,,,,0.05,1.04,2.09,,,5.22,
,"Wed, Apr 8",23:00 ,"Ensalada (lechuga, repollo b+m, zanahoria)",0.4,Verdura,69 gr,1 gr,3 gr,0 gr,1 gr,17 kcal,,,,,,,,,,,,,,,,,,,,,,,,,,,,,,,,,,
,"Wed, Apr 8",23:00 ,Jardinera,0.6,Carb,142 gr,6 gr,18 gr,0 gr,5 gr,98 kcal,,,,,,,,,,,,,,,,,,,,,,,,,,,,,,,,,,
,"Wed, Apr 8",23:00 ,"Aceite de oliva El Gran Juicio (EV, 1 cda sop)",0.3,Grano,4 gr,0 gr,0 gr,4 gr,0 gr,32 kcal,,,,,,,,,,,,,,,,,,,,,,,,,,,,0.04,0.36,2.70,,,3.60,
,"Wed, Apr 8",23:00 ,Tortillas para tacos Mendía,2,Carb,64 gr,5 gr,30 gr,6 gr,1 gr,194 kcal,,,,,,,,,,,,,,,,,,,,,,,,,,,,,,,,,,
,"Wed, Apr 8",23:00 ,Queso Unt. Finlandia Light,2,Lácteo,20 gr,2 gr,1 gr,3 gr,0 gr,38 kcal,,,,,,,,,,,,,,,,,,,,,,,,,,,,0.03,0.09,0.85,0.12,0.21,1.64,
,"Wed, Apr 8",23:35 ,Te,1,Infusión,0 gr,0 gr,0 gr,0 gr,0 gr,0 kcal,00:35,,,,,,,,,,,,,,,,,,,,,,,,,,,,,,,,,
,"Wed, Apr 8",23:35 ,Miel (1 cda),1,Carb,10 gr,0 gr,7 gr,0 gr,0 gr,28 kcal,,,,,,,,,,,,,,,,,,,,,,,,,,,,,,,,,,
,"Wed, Apr 8",23:35 ,Vainillas Bimbo,1,Carb,12 gr,1 gr,9 gr,1 gr,0 gr,45 kcal,,,,,,163 gr,225 gr,73 gr,29 gr,"2,274 kcal",1691 gr,,115 gr,100 gr,124 gr,35 gr,2000 kcal,1 gr,5 gr,26 gr,1 gr,1 gr,42 gr,0 gr,31 gr,44 gr,1:5,,,,,,,
,"Thu, Apr 9",9:05 ,Te,1,Infusión,0 gr,0 gr,0 gr,0 gr,0 gr,0 kcal,09:30,,,,,,,,,,,,,,,,,,,,,,,,,,,,,,,,,
,"Thu, Apr 9",9:05 ,Miel (1 cda),1,Carb,10 gr,0 gr,7 gr,0 gr,0 gr,28 kcal,,,,,,,,,,,,,,,,,,,,,,,,,,,,,,,,,,
,"Thu, Apr 9",9:05 ,"Leche, Protein",0.4,Lácteo,40 gr,2 gr,2 gr,0 gr,0 gr,15 kcal,,,,,,,,,,,,,,,,,,,,,,,,,,,,,,,,,,
,"Thu, Apr 9",9:05 ,Pan de salvado Raíces del Sur,2,Grano,67 gr,7 gr,25 gr,2 gr,5 gr,149 kcal,,,,,,,,,,,,,,,,,,,,,,,,,,,,,,,,,,
,"Thu, Apr 9",9:05 ,Queso Unt. Finlandia Light,2,Lácteo,20 gr,2 gr,1 gr,3 gr,0 gr,38 kcal,,,,,,,,,,,,,,,,,,,,,,,,,,,,0.03,0.09,0.85,0.12,0.21,1.64,
,"Thu, Apr 9",9:05 ,Palta,0.1,Fruta,15 gr,0 gr,1 gr,2 gr,1 gr,24 kcal,,,,,,,,,,,,,,,,,,,,,,,,,,,,0.02,0.31,1.56,,,2.20,
,"Thu, Apr 9",9:05 ,Galletitas Cachafaz Algarroba,2,Procesado,29 gr,2 gr,18 gr,5 gr,2 gr,122 kcal,,,,,,,,,,,,,,,,,,,,,,,,,,,,,,,,,,
,"Thu, Apr 9",12:30 ,Tallarines Terrabusi,1,Grano,93 gr,9 gr,66 gr,1 gr,3 gr,310 kcal,03:25,,,,,,,,,,,,,,,,,,,,,,,,,,,,,,,,,
,"Thu, Apr 9",12:30 ,Pollo (1 pechuga),0.5,Proteína,150 gr,43 gr,0 gr,5 gr,0 gr,227 kcal,,,,,,,,,,,,,,,,,,,,,,,,,,,,0.05,0.96,1.92,,,4.80,
,"Thu, Apr 9",12:30 ,Puré de tomate Salsati,1.6,Verdura,100 gr,1 gr,6 gr,0 gr,1 gr,28 kcal,,,,,,,,,,,,,,,,,,,,,,,,,,,,,,,,,,
,"Thu, Apr 9",12:30 ,"Aceite de oliva El Gran Juicio (EV, 1 cda sop)",0.2,Grano,2 gr,0 gr,0 gr,2 gr,0 gr,22 kcal,,,,,,,,,,,,,,,,,,,,,,,,,,,,0.02,0.24,1.80,,,2.40,
,"Thu, Apr 9",12:30 ,Pan de salvado Raíces del Sur,2,Grano,67 gr,7 gr,25 gr,2 gr,5 gr,149 kcal,,,,,,,,,,,,,,,,,,,,,,,,,,,,,,,,,,
,"Thu, Apr 9",12:30 ,Queso Unt. Finlandia Light,2,Lácteo,20 gr,2 gr,1 gr,3 gr,0 gr,38 kcal,,,,,,,,,,,,,,,,,,,,,,,,,,,,0.03,0.09,0.85,0.12,0.21,1.64,
,"Thu, Apr 9",14:20 ,Café,1,Infusión,0 gr,0 gr,0 gr,0 gr,0 gr,0 kcal,01:50,,,,,,,,,,,,,,,,,,,,,,,,,,,,,,,,,
,"Thu, Apr 9",14:20 ,"Leche, Protein",1.5,Lácteo,150 gr,7 gr,7 gr,0 gr,0 gr,56 kcal,,,,,,,,,,,,,,,,,,,,,,,,,,,,,,,,,,
,"Thu, Apr 9",14:20 ,Miel (1 cda),1,Carb,10 gr,0 gr,7 gr,0 gr,0 gr,28 kcal,,,,,,,,,,,,,,,,,,,,,,,,,,,,,,,,,,
,"Thu, Apr 9",14:20 ,Power Pulver barra proteica,1,Procesado,60 gr,20 gr,32 gr,3 gr,0 gr,225 kcal,,,,,,,,,,,,,,,,,,,,,,,,,,,,,,,,,,
,"Thu, Apr 9",14:20 ,"Dicomere, cacao amargo puro en polvo",0.1,Procesado,1 gr,0 gr,0 gr,0 gr,0 gr,3 kcal,,,,,,,,,,,,,,,,,,,,,,,,,,,,,,,,,,
,"Thu, Apr 9",14:20 ,Nuez (1),1,Fruto Seco,4 gr,1 gr,0 gr,3 gr,0 gr,27 kcal,,,,,,,,,,,,,,,,,,,,,,,,,,,,0.26,1.30,0.56,,,2.55,
,"Thu, Apr 9",14:20 ,Almendra (1),1,Fruto Seco,8 gr,2 gr,0 gr,4 gr,1 gr,46 kcal,,,,,,,,,,,,,,,,,,,,,,,,,,,,,0.77,3.12,,,4.28,
,"Thu, Apr 9",19:00,Banana,1,Fruta,150 gr,2 gr,35 gr,0 gr,4 gr,134 kcal,04:40,,,,,,,,,,,,,,,,,,,,,,,,,,,,,,,,,
,"Thu, Apr 9",19:00 ,Manzana,1,Fruta,188 gr,1 gr,36 gr,0 gr,6 gr,135 kcal,,,,,,,,,,,,,,,,,,,,,,,,,,,,,,,,,,
,"Thu, Apr 9",19:00 ,Frutilla,2,Fruta,22 gr,0 gr,2 gr,0 gr,0 gr,7 kcal,,,,,,,,,,,,,,,,,,,,,,,,,,,,,,,,,,
,"Thu, Apr 9",19:00 ,"Leche, Protein",1.5,Lácteo,150 gr,7 gr,7 gr,0 gr,0 gr,56 kcal,,,,,,,,,,,,,,,,,,,,,,,,,,,,,,,,,,
,"Thu, Apr 9",22:35 ,Te,1,Infusión,0 gr,0 gr,0 gr,0 gr,0 gr,0 kcal,03:35,,,,,,,,,,,,,,,,,,,,,,,,,,,,,,,,,
,"Thu, Apr 9",22:35 ,"Leche, Protein",0.4,Lácteo,40 gr,2 gr,2 gr,0 gr,0 gr,15 kcal,,,,,,,,,,,,,,,,,,,,,,,,,,,,,,,,,,
,"Thu, Apr 9",22:35 ,Miel (1 cda),1,Carb,10 gr,0 gr,7 gr,0 gr,0 gr,28 kcal,,,,,,,,,,,,,,,,,,,,,,,,,,,,,,,,,,
,"Thu, Apr 9",22:35 ,Pan de salvado Raíces del Sur,2,Grano,67 gr,7 gr,25 gr,2 gr,5 gr,149 kcal,,,,,,,,,,,,,,,,,,,,,,,,,,,,,,,,,,
,"Thu, Apr 9",22:35 ,Queso Unt. Finlandia Light,2,Lácteo,20 gr,2 gr,1 gr,3 gr,0 gr,38 kcal,,,,,,,,,,,,,,,,,,,,,,,,,,,,0.03,0.09,0.85,0.12,0.21,1.64,
,"Thu, Apr 9",22:35 ,Huevo,1,Proteína,65 gr,8 gr,0 gr,8 gr,0 gr,101 kcal,,,,,,,,,,,,,,,,,,,,,,,,,,,,0.15,1.23,2.91,,,7.67,
,"Thu, Apr 9",22:35 ,Vainillas Bimbo,1,Carb,12 gr,1 gr,9 gr,1 gr,0 gr,45 kcal,,,,,,134 gr,323 gr,49 gr,33 gr,"2,242 kcal",1569 gr,,115 gr,100 gr,124 gr,35 gr,2000 kcal,1 gr,5 gr,14 gr,0 gr,1 gr,29 gr,0 gr,20 gr,30 gr,1:5,,,,,,,
,"Fri, Apr 10",11:40 ,Vitaminas,1,Complemento,0 gr,0 gr,0 gr,0 gr,0 gr,0 kcal,13:05,,,,,,,,,,,,,,,,,,,,,,,,,,,,,,,,,
,"Fri, Apr 10",11:40 ,Palta,0.3,Fruta,38 gr,1 gr,3 gr,6 gr,3 gr,61 kcal,,,,,,,,,,,,,,,,,,,,,,,,,,,,0.06,0.78,3.96,,,5.57,
,"Fri, Apr 10",11:40 ,Queso Unt. Finlandia Light,2.2,Lácteo,22 gr,2 gr,1 gr,3 gr,0 gr,42 kcal,,,,,,,,,,,,,,,,,,,,,,,,,,,,0.03,0.10,0.94,0.13,0.23,1.81,
,"Fri, Apr 10",11:40 ,Pan de salvado Raíces del Sur,2,Grano,67 gr,7 gr,25 gr,2 gr,5 gr,149 kcal,,,,,,,,,,,,,,,,,,,,,,,,,,,,,,,,,,
,"Fri, Apr 10",11:40 ,Huevo,1,Proteína,65 gr,8 gr,0 gr,8 gr,0 gr,101 kcal,,,,,,,,,,,,,,,,,,,,,,,,,,,,0.15,1.23,2.91,,,7.67,
,"Fri, Apr 10",11:40 ,Café,1,Infusión,0 gr,0 gr,0 gr,0 gr,0 gr,0 kcal,,,,,,,,,,,,,,,,,,,,,,,,,,,,,,,,,,
,"Fri, Apr 10",11:40 ,Miel (1 cda),1,Carb,10 gr,0 gr,7 gr,0 gr,0 gr,28 kcal,,,,,,,,,,,,,,,,,,,,,,,,,,,,,,,,,,
,"Fri, Apr 10",11:40 ,"Leche, Protein",0.4,Lácteo,40 gr,2 gr,2 gr,0 gr,0 gr,15 kcal,,,,,,,,,,,,,,,,,,,,,,,,,,,,,,,,,,
,"Fri, Apr 10",11:40 ,"Aceite de oliva El Gran Juicio (EV, 1 cda sop)",0.1,Grano,1 gr,0 gr,0 gr,1 gr,0 gr,11 kcal,,,,,,,,,,,,,,,,,,,,,,,,,,,,0.01,0.12,0.90,,,1.20,
,"Fri, Apr 10",11:40 ,Galletitas Cachafaz Algarroba,2,Procesado,29 gr,2 gr,18 gr,5 gr,2 gr,122 kcal,,,,,,,,,,,,,,,,,,,,,,,,,,,,,,,,,,
,"Fri, Apr 10",14:55 ,"Vaca, entraña",1.7,Proteína,170 gr,39 gr,0 gr,17 gr,0 gr,374 kcal,03:15,,,,,,,,,,,,,,,,,,,,,,,,,,,0.17,0.68,7.14,,,8.50,
,"Fri, Apr 10",14:55 ,Arroz Integral,1,Grano,40 gr,1 gr,9 gr,0 gr,1 gr,44 kcal,,,,,,,,,,,,,,,,,,,,,,,,,,,,,,,,,,
,"Fri, Apr 10",14:55 ,Puré de tomate Salsati,1,Verdura,40 gr,0 gr,2 gr,0 gr,1 gr,11 kcal,,,,,,,,,,,,,,,,,,,,,,,,,,,,,,,,,,
,"Fri, Apr 10",14:55 ,Cebolla,0.5,Verdura,70 gr,1 gr,7 gr,0 gr,1 gr,29 kcal,,,,,,,,,,,,,,,,,,,,,,,,,,,,,,,,,,
,"Fri, Apr 10",14:55 ,Ají,0.5,Verdura,25 gr,0 gr,1 gr,0 gr,0 gr,5 kcal,,,,,,,,,,,,,,,,,,,,,,,,,,,,,,,,,,
,"Fri, Apr 10",14:55 ,Lentejas,0.5,Carb,75 gr,5 gr,12 gr,1 gr,4 gr,70 kcal,,,,,,,,,,,,,,,,,,,,,,,,,,,,,,,,,,
,"Fri, Apr 10",14:55 ,Pan Integral Raíces del Sur,2,Grano,66 gr,7 gr,25 gr,2 gr,4 gr,148 kcal,,,,,,,,,,,,,,,,,,,,,,,,,,,,,,,,,,
,"Fri, Apr 10",14:55 ,Queso Unt. Finlandia Light,2,Lácteo,20 gr,2 gr,1 gr,3 gr,0 gr,38 kcal,,,,,,,,,,,,,,,,,,,,,,,,,,,,0.03,0.09,0.85,0.12,0.21,1.64,
,"Fri, Apr 10",14:55 ,"Leche, Protein",0.1,Lácteo,10 gr,0 gr,0 gr,0 gr,0 gr,4 kcal,,,,,,,,,,,,,,,,,,,,,,,,,,,,,,,,,,
,"Fri, Apr 10",14:55 ,"Aceite de oliva El Gran Juicio (EV, 1 cda sop)",0.1,Grano,1 gr,0 gr,0 gr,1 gr,0 gr,11 kcal,,,,,,,,,,,,,,,,,,,,,,,,,,,,0.01,0.12,0.90,,,1.20,
,"Fri, Apr 10",14:55 ,Maní King Tostado Sin Piel Sin Sodio (1 cda sop),1,Fruto Seco,15 gr,4 gr,2 gr,8 gr,1 gr,89 kcal,,,,,,,,,,,,,,,,,,,,,,,,,,,,,2.55,3.68,,,7.50,
,"Fri, Apr 10",16:20 ,Café,1,Infusión,0 gr,0 gr,0 gr,0 gr,0 gr,0 kcal,01:25,,,,,,,,,,,,,,,,,,,,,,,,,,,,,,,,,
,"Fri, Apr 10",16:20 ,"Leche, Protein",1.5,Lácteo,150 gr,7 gr,7 gr,0 gr,0 gr,56 kcal,,,,,,,,,,,,,,,,,,,,,,,,,,,,,,,,,,
,"Fri, Apr 10",16:20 ,Miel (1 cda),1,Carb,10 gr,0 gr,7 gr,0 gr,0 gr,28 kcal,,,,,,,,,,,,,,,,,,,,,,,,,,,,,,,,,,
,"Fri, Apr 10",16:20 ,"Dicomere, cacao amargo puro en polvo",0.1,Procesado,1 gr,0 gr,0 gr,0 gr,0 gr,3 kcal,,,,,,,,,,,,,,,,,,,,,,,,,,,,,,,,,,
,"Fri, Apr 10",16:20 ,Power Pulver barra proteica,1,Procesado,60 gr,20 gr,32 gr,3 gr,0 gr,225 kcal,,,,,,,,,,,,,,,,,,,,,,,,,,,,,,,,,,
,"Fri, Apr 10",19:40 ,Banana,1,Fruta,150 gr,2 gr,35 gr,0 gr,4 gr,134 kcal,03:20,,,,,,,,,,,,,,,,,,,,,,,,,,,,,,,,,
,"Fri, Apr 10",19:40 ,"Leche, Protein",1.2,Lácteo,120 gr,6 gr,6 gr,0 gr,0 gr,44 kcal,,,,,,,,,,,,,,,,,,,,,,,,,,,,,,,,,,
,"Fri, Apr 10",19:40 ,Creatina Monohidrato,0.5,Complemento,0 gr,0 gr,0 gr,0 gr,0 gr,0 kcal,,,,,,,,,,,,,,,,,,,,,,,,,,,,,,,,,,
,"Fri, Apr 10",23:55 ,"Yogurt, Ser",1,Lácteo,190 gr,9 gr,11 gr,0 gr,0 gr,80 kcal,04:15,,,,,,,,,,,,,,,,,,,,,,,,,,,,,,,,,
,"Fri, Apr 10",23:55 ,Galletitas Cachafaz Algarroba,2,Procesado,31 gr,3 gr,19 gr,5 gr,2 gr,130 kcal,,,,,,,,,,,,,,,,,,,,,,,,,,,,,,,,,,
,"Fri, Apr 10",23:55 ,Avena Granix Instnatánea (2 cdas),1,Grano,30 gr,4 gr,18 gr,2 gr,3 gr,107 kcal,,,,,,,,,,,,,,,,,,,,,,,,,,,,,,,,,,
,"Fri, Apr 10",23:55 ,Maní King Tostado Sin Piel Sin Sodio (1 cda sop),0.5,Fruto Seco,6 gr,2 gr,1 gr,3 gr,1 gr,36 kcal,,,,,,133 gr,251 gr,70 gr,31 gr,"2,193 kcal",1552 gr,,115 gr,100 gr,124 gr,35 gr,2000 kcal,0 gr,7 gr,23 gr,0 gr,0 gr,38 gr,0 gr,30 gr,39 gr,0:7,,1.02,1.47,,,3.00,
,"Sat, Apr 11",9:30 ,Vitaminas,1,Complemento,0 gr,0 gr,0 gr,0 gr,0 gr,0 kcal,09:35,,,,,,,,,,,,,,,,,,,,,,,,,,,,,,,,,
,"Sat, Apr 11",9:30 ,Café,1,Infusión,0 gr,0 gr,0 gr,0 gr,0 gr,0 kcal,,,,,,,,,,,,,,,,,,,,,,,,,,,,,,,,,,
,"Sat, Apr 11",9:30 ,Miel (1 cda),1,Carb,10 gr,0 gr,7 gr,0 gr,0 gr,28 kcal,,,,,,,,,,,,,,,,,,,,,,,,,,,,,,,,,,
,"Sat, Apr 11",9:30 ,"Leche, Protein",0.4,Lácteo,40 gr,2 gr,2 gr,0 gr,0 gr,15 kcal,,,,,,,,,,,,,,,,,,,,,,,,,,,,,,,,,,
,"Sat, Apr 11",9:30 ,Pan Integral Raíces del Sur,2,Grano,66 gr,7 gr,25 gr,2 gr,4 gr,148 kcal,,,,,,,,,,,,,,,,,,,,,,,,,,,,,,,,,,
,"Sat, Apr 11",9:30 ,Queso Cremón Light (unt),2,Lácteo,20 gr,2 gr,2 gr,1 gr,0 gr,27 kcal,,,,,,,,,,,,,,,,,,,,,,,,,,,,0.01,0.04,0.39,0.05,0.09,0.75,
,"Sat, Apr 11",9:30 ,Huevo,1,Proteína,65 gr,8 gr,0 gr,8 gr,0 gr,101 kcal,,,,,,,,,,,,,,,,,,,,,,,,,,,,0.15,1.23,2.91,,,7.67,
,"Sat, Apr 11",9:30 ,Galletitas Cachafaz Algarroba,1,Procesado,15 gr,1 gr,9 gr,2 gr,1 gr,61 kcal,,,,,,,,,,,,,,,,,,,,,,,,,,,,,,,,,,
,"Sat, Apr 11",15:15 ,Pollo (1 pechuga),0.7,Proteína,208 gr,59 gr,0 gr,7 gr,0 gr,314 kcal,05:45,,,,,,,,,,,,,,,,,,,,,,,,,,,0.07,1.33,2.66,,,6.66,
,"Sat, Apr 11",15:15 ,Arroz Integral,1,Grano,49 gr,1 gr,11 gr,0 gr,1 gr,54 kcal,,,,,,,,,,,,,,,,,,,,,,,,,,,,,,,,,,
,"Sat, Apr 11",15:15 ,Pan Integral D&D,2,Grano,50 gr,4 gr,24 gr,1 gr,3 gr,116 kcal,,,,,,,,,,,,,,,,,,,,,,,,,,,,,,,,,,
,"Sat, Apr 11",15:15 ,Queso Unt. Finlandia Light,2,Lácteo,20 gr,2 gr,1 gr,3 gr,0 gr,38 kcal,,,,,,,,,,,,,,,,,,,,,,,,,,,,0.03,0.09,0.85,0.12,0.21,1.64,
,"Sat, Apr 11",15:15 ,"Aceite de oliva El Gran Juicio (EV, 1 cda sop)",0.1,Grano,1 gr,0 gr,0 gr,1 gr,0 gr,11 kcal,,,,,,,,,,,,,,,,,,,,,,,,,,,,0.01,0.12,0.90,,,1.20,
,"Sat, Apr 11",15:15 ,Maní King Tostado Sin Piel Sin Sodio (1 cda sop),1,Fruto Seco,15 gr,4 gr,2 gr,8 gr,1 gr,89 kcal,,,,,,,,,,,,,,,,,,,,,,,,,,,,,2.55,3.68,,,7.50,
,"Sat, Apr 11",16:40 ,Café,1,Infusión,0 gr,0 gr,0 gr,0 gr,0 gr,0 kcal,01:25,,,,,,,,,,,,,,,,,,,,,,,,,,,,,,,,,
,"Sat, Apr 11",16:40 ,Miel (1 cda),1,Carb,10 gr,0 gr,7 gr,0 gr,0 gr,28 kcal,,,,,,,,,,,,,,,,,,,,,,,,,,,,,,,,,,
,"Sat, Apr 11",16:40 ,"Leche, Protein",1.5,Lácteo,150 gr,7 gr,7 gr,0 gr,0 gr,56 kcal,,,,,,,,,,,,,,,,,,,,,,,,,,,,,,,,,,
,"Sat, Apr 11",16:40 ,"Dicomere, cacao amargo puro en polvo",0.1,Procesado,1 gr,0 gr,0 gr,0 gr,0 gr,3 kcal,,,,,,,,,,,,,,,,,,,,,,,,,,,,,,,,,,
,"Sat, Apr 11",16:40 ,Vainillas Bimbo,1,Carb,12 gr,1 gr,9 gr,1 gr,0 gr,45 kcal,,,,,,,,,,,,,,,,,,,,,,,,,,,,,,,,,,
,"Sat, Apr 11",19:00 ,Banana,1,Fruta,100 gr,1 gr,23 gr,0 gr,3 gr,89 kcal,02:20,,,,,,,,,,,,,,,,,,,,,,,,,,,,,,,,,
,"Sat, Apr 11",19:00 ,Manzana,1,Fruta,192 gr,1 gr,36 gr,0 gr,6 gr,138 kcal,,,,,,,,,,,,,,,,,,,,,,,,,,,,,,,,,,
,"Sat, Apr 11",19:00 ,"Leche, Protein",1.6,Lácteo,160 gr,7 gr,7 gr,0 gr,0 gr,59 kcal,,,,,,,,,,,,,,,,,,,,,,,,,,,,,,,,,,
,"Sat, Apr 11",19:00 ,Creatina Monohidrato,0.5,Complemento,0 gr,0 gr,0 gr,0 gr,0 gr,0 kcal,,,,,,,,,,,,,,,,,,,,,,,,,,,,,,,,,,
,"Sat, Apr 11",22:30 ,Te,1,Infusión,0 gr,0 gr,0 gr,0 gr,0 gr,0 kcal,03:30,,,,,,,,,,,,,,,,,,,,,,,,,,,,,,,,,
,"Sat, Apr 11",22:30 ,Miel (1 cda),1,Carb,10 gr,0 gr,7 gr,0 gr,0 gr,28 kcal,,,,,,,,,,,,,,,,,,,,,,,,,,,,,,,,,,
,"Sat, Apr 11",22:30 ,"Leche, Protein",0.4,Lácteo,40 gr,2 gr,2 gr,0 gr,0 gr,15 kcal,,,,,,,,,,,,,,,,,,,,,,,,,,,,,,,,,,
,"Sat, Apr 11",22:30 ,Pan Integral D&D,2,Grano,50 gr,4 gr,24 gr,1 gr,3 gr,116 kcal,,,,,,,,,,,,,,,,,,,,,,,,,,,,,,,,,,
,"Sat, Apr 11",22:30 ,Queso Unt. Finlandia Light,3.4,Lácteo,34 gr,3 gr,2 gr,5 gr,0 gr,65 kcal,,,,,,,,,,,,,,,,,,,,,,,,,,,,0.05,0.15,1.45,0.20,0.35,2.79,
,"Sat, Apr 11",22:30 ,Palta,0.4,Fruta,50 gr,1 gr,4 gr,7 gr,3 gr,80 kcal,,,,,,,,,,,,,,,,,,,,,,,,,,,,0.07,1.03,5.20,,,7.33,
,"Sat, Apr 11",22:30 ,Vainillas Bimbo,2,Carb,24 gr,2 gr,18 gr,1 gr,0 gr,90 kcal,,,,,,119 gr,229 gr,50 gr,25 gr,"1,813 kcal",1392 gr,,115 gr,100 gr,124 gr,35 gr,2000 kcal,0 gr,7 gr,18 gr,0 gr,1 gr,36 gr,0 gr,25 gr,37 gr,0:7,,,,,,,
,"Sun, Apr 12",13:10 ,Vitaminas,1,Complemento,0 gr,0 gr,0 gr,0 gr,0 gr,0 kcal,14:40,,,,,,,,,,,,,,,,,,,,,,,,,,,,,,,,,
,"Sun, Apr 12",13:10 ,Cebolla,0.5,Verdura,100 gr,1 gr,10 gr,0 gr,1 gr,42 kcal,,,,,,,,,,,,,,,,,,,,,,,,,,,,,,,,,,
,"Sun, Apr 12",13:10 ,Zanahoria,0.5,Verdura,78 gr,1 gr,7 gr,0 gr,2 gr,32 kcal,,,,,,,,,,,,,,,,,,,,,,,,,,,,,,,,,,
,"Sun, Apr 12",13:10 ,Zucchini,0.5,Verdura,126 gr,1 gr,4 gr,0 gr,2 gr,21 kcal,,,,,,,,,,,,,,,,,,,,,,,,,,,,,,,,,,
,"Sun, Apr 12",13:10 ,Tomate,1,Verdura,120 gr,1 gr,5 gr,0 gr,1 gr,22 kcal,,,,,,,,,,,,,,,,,,,,,,,,,,,,,,,,,,
,"Sun, Apr 12",13:10 ,Pollo (1 pechuga),0.5,Proteína,186 gr,53 gr,0 gr,6 gr,0 gr,281 kcal,,,,,,,,,,,,,,,,,,,,,,,,,,,,0.06,1.19,2.38,,,5.95,
,"Sun, Apr 12",13:10 ,Tortillas para tacos Mendía,3,Carb,94 gr,7 gr,44 gr,9 gr,1 gr,285 kcal,,,,,,,,,,,,,,,,,,,,,,,,,,,,,,,,,,
,"Sun, Apr 12",13:10 ,Queso Unt. Finlandia Light,2,Lácteo,20 gr,2 gr,1 gr,3 gr,0 gr,38 kcal,,,,,,,,,,,,,,,,,,,,,,,,,,,,0.03,0.09,0.85,0.12,0.21,1.64,
,"Sun, Apr 12",15:00 ,Café,1,Infusión,0 gr,0 gr,0 gr,0 gr,0 gr,0 kcal,01:50,,,,,,,,,,,,,,,,,,,,,,,,,,,,,,,,,
,"Sun, Apr 12",15:00 ,"Leche, 1%",1,Lácteo,100 gr,3 gr,5 gr,1 gr,0 gr,40 kcal,,,,,,,,,,,,,,,,,,,,,,,,,,,,,,,,,,
,"Sun, Apr 12",15:00 ,Azúcar (1 cda),2,Carb,40 gr,0 gr,40 gr,0 gr,0 gr,155 kcal,,,,,,,,,,,,,,,,,,,,,,,,,,,,,,,,,,
,"Sun, Apr 12",15:00 ,Tarta de Manzana,1.5,Carb,225 gr,4 gr,77 gr,25 gr,4 gr,533 kcal,,,,,,,,,,,,,,,,,,,,,,,,,,,,,,,,,,
,"Sun, Apr 12",20:25 ,Banana,1,Fruta,136 gr,1 gr,31 gr,0 gr,4 gr,121 kcal,05:25,,,,,,,,,,,,,,,,,,,,,,,,,,,,,,,,,
,"Sun, Apr 12",20:25 ,Manzana,1,Fruta,198 gr,1 gr,38 gr,0 gr,6 gr,143 kcal,,,,,,,,,,,,,,,,,,,,,,,,,,,,,,,,,,
,"Sun, Apr 12",20:25 ,"Leche, Protein",1.6,Lácteo,160 gr,7 gr,7 gr,0 gr,0 gr,59 kcal,,,,,,,,,,,,,,,,,,,,,,,,,,,,,,,,,,
,"Sun, Apr 12",20:25 ,Creatina Monohidrato,0.5,Complemento,0 gr,0 gr,0 gr,0 gr,0 gr,0 kcal,,,,,,,,,,,,,,,,,,,,,,,,,,,,,,,,,,
,"Sun, Apr 12",20:25 ,Whey Protein Bar Banana,1,Procesado,46 gr,15 gr,17 gr,7 gr,1 gr,176 kcal,,,,,,,,,,,,,,,,,,,,,,,,,,,,,,,,,,
,"Sun, Apr 12",23:00 ,Te,1,Infusión,0 gr,0 gr,0 gr,0 gr,0 gr,0 kcal,02:35,,,,,,,,,,,,,,,,,,,,,,,,,,,,,,,,,
,"Sun, Apr 12",23:00 ,Miel (1 cda),1,Carb,10 gr,0 gr,7 gr,0 gr,0 gr,28 kcal,,,,,,,,,,,,,,,,,,,,,,,,,,,,,,,,,,
,"Sun, Apr 12",23:00 ,Pan Integral D&D,2,Grano,50 gr,4 gr,24 gr,1 gr,3 gr,116 kcal,,,,,,,,,,,,,,,,,,,,,,,,,,,,,,,,,,
,"Sun, Apr 12",23:00 ,Queso Unt. Finlandia Light,2,Lácteo,20 gr,2 gr,1 gr,3 gr,0 gr,38 kcal,,,,,,,,,,,,,,,,,,,,,,,,,,,,0.03,0.09,0.85,0.12,0.21,1.64,
,"Sun, Apr 12",23:00 ,Huevo,1,Proteína,65 gr,8 gr,0 gr,8 gr,0 gr,101 kcal,,,,,,,,,,,,,,,,,,,,,,,,,,,,0.15,1.23,2.91,,,7.67,
,"Sun, Apr 12",23:00 ,"Leche, Protein",0.4,Lácteo,40 gr,2 gr,2 gr,0 gr,0 gr,15 kcal,,,,,,,,,,,,,,,,,,,,,,,,,,,,,,,,,,
,"Sun, Apr 12",23:00 ,Vainillas Bimbo,2,Carb,24 gr,2 gr,18 gr,1 gr,0 gr,90 kcal,,,,,,115 gr,338 gr,65 gr,24 gr,"2,335 kcal",1838 gr,,115 gr,100 gr,124 gr,35 gr,2000 kcal,0 gr,3 gr,7 gr,0 gr,0 gr,17 gr,0 gr,10 gr,18 gr,0:3,,,,,,,
,"Mon, Apr 13",11:25 ,Café,1,Infusión,0 gr,0 gr,0 gr,0 gr,0 gr,0 kcal,12:25,,,,,,,,,,,,,,,,,,,,,,,,,,,,,,,,,
,"Mon, Apr 13",11:25 ,Miel (1 cda),1,Carb,10 gr,0 gr,7 gr,0 gr,0 gr,28 kcal,,,,,,,,,,,,,,,,,,,,,,,,,,,,,,,,,,
,"Mon, Apr 13",11:25 ,"Leche, Protein",0.6,Lácteo,60 gr,3 gr,3 gr,0 gr,0 gr,22 kcal,,,,,,,,,,,,,,,,,,,,,,,,,,,,,,,,,,
,"Mon, Apr 13",11:25 ,Palta,0.2,Fruta,23 gr,0 gr,2 gr,3 gr,2 gr,37 kcal,,,,,,,,,,,,,,,,,,,,,,,,,,,,0.03,0.47,2.39,,,3.37,
,"Mon, Apr 13",11:25 ,Queso Unt. Finlandia Light,2,Lácteo,20 gr,2 gr,1 gr,3 gr,0 gr,38 kcal,,,,,,,,,,,,,,,,,,,,,,,,,,,,0.03,0.09,0.85,0.12,0.21,1.64,
,"Mon, Apr 13",14:45,Arroz Integral,1,Grano,40 gr,1 gr,9 gr,0 gr,1 gr,44 kcal,03:20,,,,,,,,,,,,,,,,,,,,,,,,,,,,,,,,,
,"Mon, Apr 13",14:45 ,Zucchini,0.4,Verdura,110 gr,1 gr,4 gr,0 gr,1 gr,19 kcal,,,,,,,,,,,,,,,,,,,,,,,,,,,,,,,,,,
,"Mon, Apr 13",14:45 ,Cebolla,0.25,Verdura,62 gr,1 gr,6 gr,0 gr,1 gr,26 kcal,,,,,,,,,,,,,,,,,,,,,,,,,,,,,,,,,,
,"Mon, Apr 13",14:45 ,Zanahoria,0.3,Verdura,68 gr,1 gr,7 gr,0 gr,2 gr,28 kcal,,,,,,,,,,,,,,,,,,,,,,,,,,,,,,,,,,
,"Mon, Apr 13",14:45 ,Puré de tomate Salsati,1,Verdura,60 gr,1 gr,4 gr,0 gr,1 gr,17 kcal,,,,,,,,,,,,,,,,,,,,,,,,,,,,,,,,,,
,"Mon, Apr 13",14:45 ,Lentejas,0.5,Carb,105 gr,7 gr,17 gr,1 gr,5 gr,98 kcal,,,,,,,,,,,,,,,,,,,,,,,,,,,,,,,,,,
,"Mon, Apr 13",14:45 ,Pollo (1 pechuga),0.5,Proteína,215 gr,61 gr,0 gr,7 gr,0 gr,325 kcal,,,,,,,,,,,,,,,,,,,,,,,,,,,,0.07,1.38,2.75,,,6.88,
,"Mon, Apr 13",14:45 ,"Aceite de oliva El Gran Juicio (EV, 1 cda sop)",0.2,Grano,2 gr,0 gr,0 gr,2 gr,0 gr,22 kcal,,,,,,,,,,,,,,,,,,,,,,,,,,,,0.02,0.24,1.80,,,2.40,
,"Mon, Apr 13",14:45 ,Queso Unt. Finlandia Light,2,Lácteo,20 gr,2 gr,1 gr,3 gr,0 gr,38 kcal,,,,,,,,,,,,,,,,,,,,,,,,,,,,0.03,0.09,0.85,0.12,0.21,1.64,
,"Mon, Apr 13",14:45 ,Pan Integral D&D,2,Grano,50 gr,4 gr,24 gr,1 gr,3 gr,116 kcal,,,,,,,,,,,,,,,,,,,,,,,,,,,,,,,,,,
,"Mon, Apr 13",17:00 ,Café,1,Infusión,0 gr,0 gr,0 gr,0 gr,0 gr,0 kcal,02:15,,,,,,,,,,,,,,,,,,,,,,,,,,,,,,,,,
,"Mon, Apr 13",17:00 ,Miel (1 cda),1,Carb,10 gr,0 gr,7 gr,0 gr,0 gr,28 kcal,,,,,,,,,,,,,,,,,,,,,,,,,,,,,,,,,,
,"Mon, Apr 13",17:00 ,"Leche, Protein",1,Lácteo,100 gr,5 gr,5 gr,0 gr,0 gr,37 kcal,,,,,,,,,,,,,,,,,,,,,,,,,,,,,,,,,,
,"Mon, Apr 13",17:00 ,Whey Protein Bar Banana,1,Procesado,46 gr,15 gr,17 gr,7 gr,1 gr,176 kcal,,,,,,,,,,,,,,,,,,,,,,,,,,,,,,,,,,
,"Mon, Apr 13",17:00 ,"Chocolate, Águila 70% (1 barrita)",0.5,Carb,11 gr,1 gr,4 gr,4 gr,1 gr,59 kcal,,,,,,,,,,,,,,,,,,,,,,,,,,,,,0.13,1.46,,,4.41,
,"Mon, Apr 13",19:15 ,Banana,1,Fruta,150 gr,2 gr,35 gr,0 gr,4 gr,134 kcal,02:15,,,,,,,,,,,,,,,,,,,,,,,,,,,,,,,,,
,"Mon, Apr 13",19:15 ,Pera,1,Fruta,168 gr,1 gr,25 gr,0 gr,5 gr,101 kcal,,,,,,,,,,,,,,,,,,,,,,,,,,,,,,,,,,
,"Mon, Apr 13",19:15 ,"Leche, Protein",1.5,Lácteo,150 gr,7 gr,7 gr,0 gr,0 gr,56 kcal,,,,,,,,,,,,,,,,,,,,,,,,,,,,,,,,,,
,"Mon, Apr 13",19:15 ,Creatina Monohidrato,0.5,Complemento,0 gr,0 gr,0 gr,0 gr,0 gr,0 kcal,,,,,,,,,,,,,,,,,,,,,,,,,,,,,,,,,,
,"Mon, Apr 13",23:45 ,"Yogurt, Ser",1,Lácteo,190 gr,9 gr,11 gr,0 gr,0 gr,80 kcal,04:30,,,,,,,,,,,,,,,,,,,,,,,,,,,,,,,,,
,"Mon, Apr 13",23:45 ,Galletitas Cachafaz Algarroba,2,Procesado,31 gr,3 gr,19 gr,5 gr,2 gr,130 kcal,,,,,,,,,,,,,,,,,,,,,,,,,,,,,,,,,,
,"Mon, Apr 13",23:45 ,Vainillas Bimbo,1,Carb,12 gr,1 gr,9 gr,1 gr,0 gr,45 kcal,,,,,,,,,,,,,,,,,,,,,,,,,,,,,,,,,,
,"Mon, Apr 13",23:45 ,Pasta de maní King natural,1,Fruto Seco,18 gr,5 gr,2 gr,9 gr,2 gr,105 kcal,,,,,,,,,,,,,,,,,,,,,,,,,,,,,3.00,4.32,,,8.82,
,"Mon, Apr 13",23:45 ,Almendra (1),1,Fruto Seco,7 gr,1 gr,0 gr,4 gr,1 gr,40 kcal,,,,,,131 gr,224 gr,52 gr,30 gr,"1,847 kcal",1738 gr,,115 gr,100 gr,124 gr,35 gr,2000 kcal,0 gr,6 gr,17 gr,0 gr,0 gr,33 gr,0 gr,23 gr,34 gr,0:6,,0.67,2.73,,,3.75,
,"Tue, Apr 14",10:00 ,Vitaminas,1,Complemento,0 gr,0 gr,0 gr,0 gr,0 gr,0 kcal,10:15,,,,,,,,,,,,,,,,,,,,,,,,,,,,,,,,,
,"Tue, Apr 14",10:00 ,Te,1,Infusión,0 gr,0 gr,0 gr,0 gr,0 gr,0 kcal,,,,,,,,,,,,,,,,,,,,,,,,,,,,,,,,,,
,"Tue, Apr 14",10:00 ,Miel (1 cda),1,Carb,10 gr,0 gr,7 gr,0 gr,0 gr,28 kcal,,,,,,,,,,,,,,,,,,,,,,,,,,,,,,,,,,
,"Tue, Apr 14",10:00 ,"Leche, Protein",0.4,Lácteo,40 gr,2 gr,2 gr,0 gr,0 gr,15 kcal,,,,,,,,,,,,,,,,,,,,,,,,,,,,,,,,,,
,"Tue, Apr 14",10:00 ,Palta,0.1,Fruta,15 gr,0 gr,1 gr,2 gr,1 gr,24 kcal,,,,,,,,,,,,,,,,,,,,,,,,,,,,0.02,0.31,1.56,,,2.20,
,"Tue, Apr 14",10:00 ,Queso Unt. Finlandia Light,2,Lácteo,20 gr,2 gr,1 gr,3 gr,0 gr,38 kcal,,,,,,,,,,,,,,,,,,,,,,,,,,,,0.03,0.09,0.85,0.12,0.21,1.64,
,"Tue, Apr 14",10:00 ,Huevo,1,Proteína,65 gr,8 gr,0 gr,8 gr,0 gr,101 kcal,,,,,,,,,,,,,,,,,,,,,,,,,,,,0.15,1.23,2.91,,,7.67,
,"Tue, Apr 14",10:00 ,Vainillas Bimbo,2,Carb,24 gr,2 gr,18 gr,1 gr,0 gr,90 kcal,,,,,,,,,,,,,,,,,,,,,,,,,,,,,,,,,,
,"Tue, Apr 14",10:00 ,"Aceite de oliva El Gran Juicio (EV, 1 cda sop)",0.1,Grano,1 gr,0 gr,0 gr,1 gr,0 gr,11 kcal,,,,,,,,,,,,,,,,,,,,,,,,,,,,0.01,0.12,0.90,,,1.20,
,"Tue, Apr 14",13:30 ,"Ensalada (lechuga, repollo b+m, zanahoria)",1,Verdura,120 gr,2 gr,5 gr,0 gr,2 gr,30 kcal,03:30,,,,,,,,,,,,,,,,,,,,,,,,,,,,,,,,,
,"Tue, Apr 14",13:30 ,Pollo (1 pechuga),0.6,Proteína,237 gr,68 gr,0 gr,8 gr,0 gr,358 kcal,,,,,,,,,,,,,,,,,,,,,,,,,,,,0.08,1.52,3.03,,,7.58,
,"Tue, Apr 14",13:30 ,"Aceite de oliva El Gran Juicio (EV, 1 cda sop)",0.2,Grano,2 gr,0 gr,0 gr,2 gr,0 gr,22 kcal,,,,,,,,,,,,,,,,,,,,,,,,,,,,0.02,0.24,1.80,,,2.40,
,"Tue, Apr 14",13:30 ,Queso Unt. Finlandia Light,4,Lácteo,40 gr,4 gr,2 gr,6 gr,0 gr,76 kcal,,,,,,,,,,,,,,,,,,,,,,,,,,,,0.06,0.18,1.70,0.23,0.41,3.29,
,"Tue, Apr 14",13:30 ,Pan Integral D&D,2,Grano,50 gr,4 gr,24 gr,1 gr,3 gr,116 kcal,,,,,,,,,,,,,,,,,,,,,,,,,,,,,,,,,,
,"Tue, Apr 14",16:00 ,Banana,1,Fruta,150 gr,2 gr,35 gr,0 gr,4 gr,134 kcal,02:30,,,,,,,,,,,,,,,,,,,,,,,,,,,,,,,,,
,"Tue, Apr 14",16:00 ,Manzana,1,Fruta,186 gr,1 gr,35 gr,0 gr,6 gr,134 kcal,,,,,,,,,,,,,,,,,,,,,,,,,,,,,,,,,,
,"Tue, Apr 14",16:00 ,"Leche, Protein",1.9,Lácteo,190 gr,9 gr,9 gr,0 gr,0 gr,70 kcal,,,,,,,,,,,,,,,,,,,,,,,,,,,,,,,,,,
,"Tue, Apr 14",16:00 ,Creatina Monohidrato,0.5,Complemento,0 gr,0 gr,0 gr,0 gr,0 gr,0 kcal,,,,,,,,,,,,,,,,,,,,,,,,,,,,,,,,,,
,"Tue, Apr 14",19:00 ,Café,1,Infusión,0 gr,0 gr,0 gr,0 gr,0 gr,0 kcal,03:00,,,,,,,,,,,,,,,,,,,,,,,,,,,,,,,,,
,"Tue, Apr 14",19:00 ,Miel (1 cda),1,Carb,10 gr,0 gr,7 gr,0 gr,0 gr,28 kcal,,,,,,,,,,,,,,,,,,,,,,,,,,,,,,,,,,
,"Tue, Apr 14",19:00 ,Power Boost Protein Bar Pistacho,1,Procesado,46 gr,15 gr,15 gr,4 gr,2 gr,152 kcal,,,,,,,,,,,,,,,,,,,,,,,,,,,,,,,,,,
,"Tue, Apr 14",19:00 ,"Leche, Protein",0.2,Lácteo,20 gr,1 gr,1 gr,0 gr,0 gr,7 kcal,,,,,,,,,,,,,,,,,,,,,,,,,,,,,,,,,,
,"Tue, Apr 14",23:00 ,"Yogurt, Ser",1,Lácteo,190 gr,9 gr,11 gr,0 gr,0 gr,80 kcal,04:00,,,,,,,,,,,,,,,,,,,,,,,,,,,,,,,,,
,"Tue, Apr 14",23:00 ,Vainillas Bimbo,3,Carb,38 gr,3 gr,28 gr,2 gr,0 gr,142 kcal,,,,,,,,,,,,,,,,,,,,,,,,,,,,,,,,,,
,"Tue, Apr 14",23:00 ,Pasta de maní King natural,1,Fruto Seco,15 gr,4 gr,2 gr,7 gr,1 gr,88 kcal,,,,,,,,,,,,,,,,,,,,,,,,,,,,,2.50,3.60,,,7.35,
,"Tue, Apr 14",23:00 ,Nuez (1),2,Fruto Seco,8 gr,1 gr,1 gr,5 gr,0 gr,54 kcal,,,,,,,,,,,,,,,,,,,,,,,,,,,,0.51,2.60,1.12,,,5.10,
,"Tue, Apr 14",23:40 ,Te,1,Infusión,0 gr,0 gr,0 gr,0 gr,0 gr,0 kcal,00:40,,,,,,,,,,,,,,,,,,,,,,,,,,,,,,,,,
,"Tue, Apr 14",23:40 ,Miel (1 cda),1,Carb,10 gr,0 gr,7 gr,0 gr,0 gr,28 kcal,,,,,,,,,,,,,,,,,,,,,,,,,,,,,,,,,,
,"Tue, Apr 14",23:40 ,"Leche, Protein",0.3,Lácteo,30 gr,1 gr,1 gr,0 gr,0 gr,11 kcal,,,,,,,,,,,,,,,,,,,,,,,,,,,,,,,,,,
,"Tue, Apr 14",23:40 ,"Ceral, galletitas integrales (4 un)",1.2,Procesado,36 gr,4 gr,23 gr,1 gr,3 gr,116 kcal,,,,,,,,,,,,,,,,,,,,,,,,,,,,,,,,,,
,"Tue, Apr 14",23:40 ,Almendra (1),1,Fruto Seco,7 gr,1 gr,0 gr,4 gr,1 gr,40 kcal,,,,,,,,,,,,,,,,,,,,,,,,,,,,,0.67,2.73,,,3.75,
,"Tue, Apr 14",23:40 ,Vitaminas,1,Complemento,0 gr,0 gr,0 gr,0 gr,0 gr,0 kcal,,,,,,140 gr,234 gr,57 gr,23 gr,"1,993 kcal",1561 gr,,115 gr,100 gr,124 gr,35 gr,2000 kcal,1 gr,9 gr,20 gr,0 gr,1 gr,42 gr,0 gr,31 gr,43 gr,1:9,,,,,,,
,"Wed, Apr 15",9:00 ,Café,1,Infusión,0 gr,0 gr,0 gr,0 gr,0 gr,0 kcal,09:20,,,,,,,,,,,,,,,,,,,,,,,,,,,,,,,,,
,"Wed, Apr 15",9:00 ,Miel (1 cda),1,Carb,10 gr,0 gr,7 gr,0 gr,0 gr,28 kcal,,,,,,,,,,,,,,,,,,,,,,,,,,,,,,,,,,
,"Wed, Apr 15",9:00 ,"Leche, Protein",0.4,Lácteo,40 gr,2 gr,2 gr,0 gr,0 gr,15 kcal,,,,,,,,,,,,,,,,,,,,,,,,,,,,,,,,,,
,"Wed, Apr 15",9:00 ,"Ceral, galletitas integrales (4 un)",1,Procesado,30 gr,3 gr,19 gr,1 gr,2 gr,97 kcal,,,,,,,,,,,,,,,,,,,,,,,,,,,,,,,,,,
,"Wed, Apr 15",9:00 ,"Chocolate, Águila 70% (1 barrita)",0.5,Carb,11 gr,1 gr,4 gr,4 gr,1 gr,59 kcal,,,,,,,,,,,,,,,,,,,,,,,,,,,,,0.13,1.46,,,4.41,
,"Wed, Apr 15",12:20 ,Arroz Integral,1,Grano,40 gr,1 gr,9 gr,0 gr,1 gr,44 kcal,03:20,,,,,,,,,,,,,,,,,,,,,,,,,,,,,,,,,
,"Wed, Apr 15",12:20 ,Atún (1 lata),1,Proteína,120 gr,31 gr,0 gr,1 gr,0 gr,139 kcal,,,,,,,,,,,,,,,,,,,,,,,,,,,,0.14,0.02,0.08,,,0.98,
,"Wed, Apr 15",12:20 ,Pan Integral D&D,2,Grano,50 gr,4 gr,24 gr,1 gr,3 gr,116 kcal,,,,,,,,,,,,,,,,,,,,,,,,,,,,,,,,,,
,"Wed, Apr 15",12:20 ,Queso Unt. Finlandia Light,2,Lácteo,20 gr,2 gr,1 gr,3 gr,0 gr,38 kcal,,,,,,,,,,,,,,,,,,,,,,,,,,,,0.03,0.09,0.85,0.12,0.21,1.64,
,"Wed, Apr 15",12:20 ,Lentejas,0.5,Carb,136 gr,9 gr,22 gr,1 gr,7 gr,126 kcal,,,,,,,,,,,,,,,,,,,,,,,,,,,,,,,,,,
,"Wed, Apr 15",12:20 ,"Aceite de oliva El Gran Juicio (EV, 1 cda sop)",0.2,Grano,2 gr,0 gr,0 gr,2 gr,0 gr,22 kcal,,,,,,,,,,,,,,,,,,,,,,,,,,,,0.02,0.24,1.80,,,2.40,
,"Wed, Apr 15",12:20 ,Maní King Tostado Sin Piel Sin Sodio (1 cda sop),1,Fruto Seco,15 gr,4 gr,2 gr,8 gr,1 gr,89 kcal,,,,,,,,,,,,,,,,,,,,,,,,,,,,,2.55,3.68,,,7.50,
,"Wed, Apr 15",12:20 ,Pollo (1 pechuga),0.2,Proteína,56 gr,16 gr,0 gr,2 gr,0 gr,85 kcal,,,,,,,,,,,,,,,,,,,,,,,,,,,,0.02,0.36,0.72,,,1.79,
,"Wed, Apr 15",14:25 ,Banana,1,Fruta,144 gr,1 gr,33 gr,0 gr,4 gr,128 kcal,02:05,,,,,,,,,,,,,,,,,,,,,,,,,,,,,,,,,
,"Wed, Apr 15",14:25 ,Kiwi,1,Fruta,91 gr,1 gr,13 gr,0 gr,3 gr,56 kcal,,,,,,,,,,,,,,,,,,,,,,,,,,,,,,,,,,
,"Wed, Apr 15",14:25 ,Creatina Monohidrato,0.5,Complemento,0 gr,0 gr,0 gr,0 gr,0 gr,0 kcal,,,,,,,,,,,,,,,,,,,,,,,,,,,,,,,,,,
,"Wed, Apr 15",14:25 ,"Leche, Protein",1.5,Lácteo,150 gr,7 gr,7 gr,0 gr,0 gr,56 kcal,,,,,,,,,,,,,,,,,,,,,,,,,,,,,,,,,,
,"Wed, Apr 15",14:25 ,"Ceral, galletitas integrales (4 un)",1,Procesado,30 gr,3 gr,19 gr,1 gr,2 gr,97 kcal,,,,,,,,,,,,,,,,,,,,,,,,,,,,,,,,,,
,"Wed, Apr 15",17:10 ,Café,1,Infusión,0 gr,0 gr,0 gr,0 gr,0 gr,0 kcal,02:45,,,,,,,,,,,,,,,,,,,,,,,,,,,,,,,,,
,"Wed, Apr 15",17:10 ,Miel (1 cda),1,Carb,10 gr,0 gr,7 gr,0 gr,0 gr,28 kcal,,,,,,,,,,,,,,,,,,,,,,,,,,,,,,,,,,
,"Wed, Apr 15",17:10 ,"Leche, Protein",1,Lácteo,100 gr,5 gr,5 gr,0 gr,0 gr,37 kcal,,,,,,,,,,,,,,,,,,,,,,,,,,,,,,,,,,
,"Wed, Apr 15",17:10 ,Power Pulver barra proteica,1,Procesado,60 gr,20 gr,32 gr,3 gr,0 gr,225 kcal,,,,,,,,,,,,,,,,,,,,,,,,,,,,,,,,,,
,"Wed, Apr 15",17:10 ,Nuez (1),1,Fruto Seco,5 gr,1 gr,1 gr,3 gr,0 gr,34 kcal,,,,,,,,,,,,,,,,,,,,,,,,,,,,0.32,1.63,0.70,,,3.19,
,"Wed, Apr 15",17:10 ,Almendra (1),1,Fruto Seco,8 gr,2 gr,0 gr,4 gr,1 gr,46 kcal,,,,,,,,,,,,,,,,,,,,,,,,,,,,,0.77,3.12,,,4.28,
,"Wed, Apr 15",21:20 ,"Ensalada (lechuga, repollo b+m, zanahoria)",0.5,Verdura,60 gr,1 gr,3 gr,0 gr,1 gr,15 kcal,04:10,,,,,,,,,,,,,,,,,,,,,,,,,,,,,,,,,
,"Wed, Apr 15",21:20 ,Huevo,1,Proteína,65 gr,8 gr,0 gr,8 gr,0 gr,101 kcal,,,,,,,,,,,,,,,,,,,,,,,,,,,,0.15,1.23,2.91,,,7.67,
,"Wed, Apr 15",21:20 ,Pan Integral D&D,2,Grano,50 gr,4 gr,24 gr,1 gr,3 gr,116 kcal,,,,,,,,,,,,,,,,,,,,,,,,,,,,,,,,,,
,"Wed, Apr 15",21:20 ,Queso Unt. Finlandia Light,3,Lácteo,30 gr,3 gr,2 gr,4 gr,0 gr,57 kcal,,,,,,,,,,,,,,,,,,,,,,,,,,,,0.04,0.13,1.28,0.18,0.31,2.46,
,"Wed, Apr 15",21:20 ,"Aceite de oliva El Gran Juicio (EV, 1 cda sop)",0.1,Grano,1 gr,0 gr,0 gr,1 gr,0 gr,11 kcal,,,,,,,,,,,,,,,,,,,,,,,,,,,,0.01,0.12,0.90,,,1.20,
,"Wed, Apr 15",21:40 ,Te,1,Infusión,0 gr,0 gr,0 gr,0 gr,0 gr,0 kcal,00:20,,,,,,,,,,,,,,,,,,,,,,,,,,,,,,,,,
,"Wed, Apr 15",21:40 ,Miel (1 cda),1,Carb,10 gr,0 gr,7 gr,0 gr,0 gr,28 kcal,,,,,,,,,,,,,,,,,,,,,,,,,,,,,,,,,,
,"Wed, Apr 15",21:40 ,"Ceral, galletitas integrales (4 un)",1,Procesado,30 gr,3 gr,19 gr,1 gr,2 gr,97 kcal,,,,,,,,,,,,,,,,,,,,,,,,,,,,,,,,,,
,"Wed, Apr 15",21:40 ,"Chocolate, Águila 70% (1 barrita)",0.5,Carb,11 gr,1 gr,4 gr,4 gr,1 gr,59 kcal,,,,,,,,,,,,,,,,,,,,,,,,,,,,,0.13,1.46,,,4.41,
,"Wed, Apr 15",21:40 ,Almendra (1),1,Fruto Seco,8 gr,2 gr,0 gr,4 gr,1 gr,46 kcal,,,,,,,,,,,,,,,,,,,,,,,,,,,,,0.77,3.12,,,4.28,
,"Wed, Apr 15",21:40 ,Nuez (1),1,Fruto Seco,5 gr,1 gr,1 gr,3 gr,0 gr,34 kcal,,,,,,132 gr,266 gr,64 gr,33 gr,"2,128 kcal",1398 gr,,115 gr,100 gr,124 gr,35 gr,2000 kcal,1 gr,10 gr,23 gr,0 gr,1 gr,49 gr,0 gr,34 gr,50 gr,1:10,0.32,1.63,0.70,,,3.19,
,"Thu, Apr 16",11:15 ,Café,1,Infusión,0 gr,0 gr,0 gr,0 gr,0 gr,0 kcal,13:35,,,,,,,,,,,,,,,,,,,,,,,,,,,,,,,,,
,"Thu, Apr 16",11:15 ,Miel (1 cda),1,Carb,10 gr,0 gr,7 gr,0 gr,0 gr,28 kcal,,,,,,,,,,,,,,,,,,,,,,,,,,,,,,,,,,
,"Thu, Apr 16",11:15 ,"Leche, Protein",0.6,Lácteo,60 gr,3 gr,3 gr,0 gr,0 gr,22 kcal,,,,,,,,,,,,,,,,,,,,,,,,,,,,,,,,,,
,"Thu, Apr 16",11:15 ,Pan Integral D&D,2,Grano,50 gr,4 gr,24 gr,1 gr,3 gr,116 kcal,,,,,,,,,,,,,,,,,,,,,,,,,,,,,,,,,,
,"Thu, Apr 16",11:15 ,Queso Unt. Finlandia Light,3,Lácteo,30 gr,3 gr,2 gr,4 gr,0 gr,57 kcal,,,,,,,,,,,,,,,,,,,,,,,,,,,,0.04,0.13,1.28,0.18,0.31,2.46,
,"Thu, Apr 16",11:15 ,Palta,0.2,Fruta,32 gr,1 gr,3 gr,5 gr,2 gr,51 kcal,,,,,,,,,,,,,,,,,,,,,,,,,,,,0.05,0.66,3.33,,,4.69,
,"Thu, Apr 16",11:15 ,Huevo,1,Proteína,65 gr,8 gr,0 gr,8 gr,0 gr,101 kcal,,,,,,,,,,,,,,,,,,,,,,,,,,,,0.15,1.23,2.91,,,7.67,
,"Thu, Apr 16",11:15 ,"Ceral, galletitas integrales (4 un)",1,Procesado,30 gr,3 gr,19 gr,1 gr,2 gr,97 kcal,,,,,,,,,,,,,,,,,,,,,,,,,,,,,,,,,,
,"Thu, Apr 16",11:15 ,"Chocolate, Águila 70% (1 barrita)",0.5,Carb,11 gr,1 gr,4 gr,4 gr,1 gr,59 kcal,,,,,,,,,,,,,,,,,,,,,,,,,,,,,0.13,1.46,,,4.41,
,"Thu, Apr 16",14:40 ,"Ensalada (lechuga, repollo b+m, zanahoria)",1,Verdura,100 gr,1 gr,4 gr,0 gr,2 gr,25 kcal,03:25,,,,,,,,,,,,,,,,,,,,,,,,,,,,,,,,,
,"Thu, Apr 16",14:40 ,Queso Unt. Finlandia Light,5,Lácteo,50 gr,5 gr,3 gr,7 gr,0 gr,95 kcal,,,,,,,,,,,,,,,,,,,,,,,,,,,,0.07,0.22,2.13,0.29,0.51,4.11,
,"Thu, Apr 16",14:40 ,"Aceite de oliva El Gran Juicio (EV, 1 cda sop)",0.4,Grano,4 gr,0 gr,0 gr,4 gr,0 gr,36 kcal,,,,,,,,,,,,,,,,,,,,,,,,,,,,0.04,0.40,3.00,,,4.00,
,"Thu, Apr 16",14:40 ,Atún (1 lata),1,Proteína,120 gr,31 gr,0 gr,1 gr,0 gr,139 kcal,,,,,,,,,,,,,,,,,,,,,,,,,,,,0.14,0.02,0.08,,,0.98,
,"Thu, Apr 16",14:40 ,Pan Integral D&D,2,Grano,50 gr,4 gr,24 gr,1 gr,3 gr,116 kcal,,,,,,,,,,,,,,,,,,,,,,,,,,,,,,,,,,
,"Thu, Apr 16",16:45 ,Café,1,Infusión,0 gr,0 gr,0 gr,0 gr,0 gr,0 kcal,02:05,,,,,,,,,,,,,,,,,,,,,,,,,,,,,,,,,
,"Thu, Apr 16",16:45 ,Miel (1 cda),1,Carb,10 gr,0 gr,7 gr,0 gr,0 gr,28 kcal,,,,,,,,,,,,,,,,,,,,,,,,,,,,,,,,,,
,"Thu, Apr 16",16:45 ,"Leche, Protein",0.5,Lácteo,50 gr,2 gr,2 gr,0 gr,0 gr,19 kcal,,,,,,,,,,,,,,,,,,,,,,,,,,,,,,,,,,
,"Thu, Apr 16",16:45 ,B3st! Protein Salted Caramel,1,Procesado,60 gr,20 gr,20 gr,9 gr,11 gr,241 kcal,,,,,,,,,,,,,,,,,,,,,,,,,,,,,,,,,,
,"Thu, Apr 16",18:50 ,Pera,1,Fruta,170 gr,1 gr,26 gr,0 gr,5 gr,102 kcal,02:05,,,,,,,,,,,,,,,,,,,,,,,,,,,,,,,,,
,"Thu, Apr 16",18:50 ,Banana,1,Fruta,128 gr,1 gr,29 gr,0 gr,3 gr,114 kcal,,,,,,,,,,,,,,,,,,,,,,,,,,,,,,,,,,
,"Thu, Apr 16",18:50 ,"Leche, Protein",1.5,Lácteo,150 gr,7 gr,7 gr,0 gr,0 gr,56 kcal,,,,,,,,,,,,,,,,,,,,,,,,,,,,,,,,,,
,"Thu, Apr 16",18:50 ,Creatina Monohidrato,0.5,Complemento,0 gr,0 gr,0 gr,0 gr,0 gr,0 kcal,,,,,,,,,,,,,,,,,,,,,,,,,,,,,,,,,,
,"Thu, Apr 16",18:50 ,"Ceral, galletitas integrales (4 un)",0.5,Procesado,15 gr,2 gr,10 gr,1 gr,1 gr,49 kcal,,,,,,,,,,,,,,,,,,,,,,,,,,,,,,,,,,
,"Thu, Apr 16",18:50 ,"Frutigran, Salvado",2,Procesado,30 gr,2 gr,19 gr,4 gr,3 gr,122 kcal,,,,,,,,,,,,,,,,,,,,,,,,,,,,,,,,,,
,"Thu, Apr 16",23:25 ,"Rapiditas integrales, tortillas",2,Carb,55 gr,5 gr,26 gr,3 gr,4 gr,154 kcal,04:35,,,,,,,,,,,,,,,,,,,,,,,,,,,,,,,,,
,"Thu, Apr 16",23:25 ,Pollo (1 pechuga),0.3,Proteína,103 gr,29 gr,0 gr,3 gr,0 gr,156 kcal,,,,,,,,,,,,,,,,,,,,,,,,,,,,0.03,0.66,1.32,,,3.30,
,"Thu, Apr 16",23:25 ,"Ensalada (lechuga, repollo b+m, zanahoria)",0.8,Verdura,96 gr,1 gr,4 gr,0 gr,2 gr,24 kcal,,,,,,,,,,,,,,,,,,,,,,,,,,,,,,,,,,
,"Thu, Apr 16",23:25 ,Queso Unt. Finlandia Light,2,Lácteo,20 gr,2 gr,1 gr,3 gr,0 gr,38 kcal,,,,,,,,,,,,,,,,,,,,,,,,,,,,0.03,0.09,0.85,0.12,0.21,1.64,
,"Thu, Apr 16",23:25 ,"Aceite de oliva El Gran Juicio (EV, 1 cda sop)",0.2,Grano,2 gr,0 gr,0 gr,2 gr,0 gr,22 kcal,,,,,,,,,,,,,,,,,,,,,,,,,,,,0.02,0.24,1.80,,,2.40,
,"Thu, Apr 16",23:25 ,SGP crocante queso,1,Elaborado,30 gr,2 gr,14 gr,4 gr,0 gr,93 kcal,,,,,,136 gr,257 gr,67 gr,42 gr,"2,158 kcal",1531 gr,,115 gr,100 gr,124 gr,35 gr,2000 kcal,1 gr,4 gr,18 gr,1 gr,1 gr,36 gr,0 gr,23 gr,37 gr,1:4,,,,,,,
,"Fri, Apr 17",10:40 ,Café,1,Infusión,0 gr,0 gr,0 gr,0 gr,0 gr,0 kcal,11:15,,,,,,,,,,,,,,,,,,,,,,,,,,,,,,,,,
,"Fri, Apr 17",10:40 ,"Leche, Protein",0.4,Lácteo,40 gr,2 gr,2 gr,0 gr,0 gr,15 kcal,,,,,,,,,,,,,,,,,,,,,,,,,,,,,,,,,,
,"Fri, Apr 17",10:40 ,Miel (1 cda),1,Carb,10 gr,0 gr,7 gr,0 gr,0 gr,28 kcal,,,,,,,,,,,,,,,,,,,,,,,,,,,,,,,,,,
,"Fri, Apr 17",10:40 ,Queso Unt. Finlandia Light,2.6,Lácteo,26 gr,2 gr,1 gr,4 gr,0 gr,49 kcal,,,,,,,,,,,,,,,,,,,,,,,,,,,,0.04,0.11,1.11,0.15,0.27,2.14,
,"Fri, Apr 17",10:40 ,Palta,0.3,Fruta,41 gr,1 gr,3 gr,6 gr,3 gr,66 kcal,,,,,,,,,,,,,,,,,,,,,,,,,,,,0.06,0.84,4.27,,,6.01,
,"Fri, Apr 17",10:40 ,Pan Mendía con salvado,2,Grano,50 gr,4 gr,21 gr,1 gr,2 gr,110 kcal,,,,,,,,,,,,,,,,,,,,,,,,,,,,,,,,,,
,"Fri, Apr 17",10:40 ,"Frutigran, Salvado",1,Procesado,15 gr,1 gr,10 gr,2 gr,1 gr,61 kcal,,,,,,,,,,,,,,,,,,,,,,,,,,,,,,,,,,
,"Fri, Apr 17",10:40 ,Vitaminas,1,Complemento,0 gr,0 gr,0 gr,0 gr,0 gr,0 kcal,,,,,,,,,,,,,,,,,,,,,,,,,,,,,,,,,,
,"Fri, Apr 17",10:40 ,"Aceite de oliva El Gran Juicio (EV, 1 cda sop)",0.1,Grano,1 gr,0 gr,0 gr,1 gr,0 gr,11 kcal,,,,,,,,,,,,,,,,,,,,,,,,,,,,0.01,0.12,0.90,,,1.20,
,"Fri, Apr 17",16:00 ,Pollo (1 pechuga),0.6,Proteína,233 gr,66 gr,0 gr,7 gr,0 gr,352 kcal,05:20,,,,,,,,,,,,,,,,,,,,,,,,,,,0.07,1.49,2.98,,,7.46,
,"Fri, Apr 17",16:00 ,Zucchini,0.3,Verdura,127 gr,1 gr,4 gr,0 gr,2 gr,22 kcal,,,,,,,,,,,,,,,,,,,,,,,,,,,,,,,,,,
,"Fri, Apr 17",16:00 ,Zanahoria,0.2,Verdura,68 gr,1 gr,7 gr,0 gr,2 gr,28 kcal,,,,,,,,,,,,,,,,,,,,,,,,,,,,,,,,,,
,"Fri, Apr 17",16:00 ,Cebolla,0.25,Verdura,90 gr,1 gr,9 gr,0 gr,1 gr,38 kcal,,,,,,,,,,,,,,,,,,,,,,,,,,,,,,,,,,
,"Fri, Apr 17",16:00 ,Tomate,1,Verdura,87 gr,1 gr,3 gr,0 gr,1 gr,16 kcal,,,,,,,,,,,,,,,,,,,,,,,,,,,,,,,,,,
,"Fri, Apr 17",16:00 ,"Aceite de oliva El Gran Juicio (EV, 1 cda sop)",0.2,Grano,2 gr,0 gr,0 gr,2 gr,0 gr,22 kcal,,,,,,,,,,,,,,,,,,,,,,,,,,,,0.02,0.24,1.80,,,2.40,
,"Fri, Apr 17",16:00 ,"Rapiditas integrales, tortillas",2,Carb,55 gr,5 gr,26 gr,3 gr,4 gr,154 kcal,,,,,,,,,,,,,,,,,,,,,,,,,,,,,,,,,,
,"Fri, Apr 17",16:00 ,Queso Unt. Finlandia Light,2,Lácteo,20 gr,2 gr,1 gr,3 gr,0 gr,38 kcal,,,,,,,,,,,,,,,,,,,,,,,,,,,,0.03,0.09,0.85,0.12,0.21,1.64,
,"Fri, Apr 17",18:30 ,Banana,1,Fruta,127 gr,1 gr,29 gr,0 gr,3 gr,113 kcal,02:30,,,,,,,,,,,,,,,,,,,,,,,,,,,,,,,,,
,"Fri, Apr 17",18:30 ,Manzana,1,Fruta,211 gr,1 gr,40 gr,0 gr,6 gr,152 kcal,,,,,,,,,,,,,,,,,,,,,,,,,,,,,,,,,,
,"Fri, Apr 17",18:30 ,Creatina Monohidrato,0.5,Complemento,0 gr,0 gr,0 gr,0 gr,0 gr,0 kcal,,,,,,,,,,,,,,,,,,,,,,,,,,,,,,,,,,
,"Fri, Apr 17",18:30 ,Growsbar cookies & cream,1,Procesado,46 gr,14 gr,20 gr,6 gr,1 gr,186 kcal,,,,,,,,,,,,,,,,,,,,,,,,,,,,,,,,,,
,"Fri, Apr 17",23:55 ,"Yogurt, Ser",1,Lácteo,190 gr,9 gr,11 gr,0 gr,0 gr,80 kcal,05:25,,,,,,,,,,,,,,,,,,,,,,,,,,,,,,,,,
,"Fri, Apr 17",23:55 ,Avena Granix Instnatánea (2 cdas),1,Grano,30 gr,4 gr,18 gr,2 gr,3 gr,107 kcal,,,,,,,,,,,,,,,,,,,,,,,,,,,,,,,,,,
,"Fri, Apr 17",23:55 ,"Frutigran, Salvado",2,Procesado,30 gr,2 gr,19 gr,4 gr,3 gr,122 kcal,,,,,,,,,,,,,,,,,,,,,,,,,,,,,,,,,,
,"Fri, Apr 17",23:55 ,Pasta de maní King natural,1,Fruto Seco,15 gr,4 gr,2 gr,7 gr,1 gr,88 kcal,,,,,,,,,,,,,,,,,,,,,,,,,,,,,2.50,3.60,,,7.35,
,"Fri, Apr 17",23:55 ,Almendra (1),1.1,Fruto Seco,8 gr,1 gr,0 gr,4 gr,1 gr,44 kcal,,,,,,,,,,,,,,,,,,,,,,,,,,,,,0.74,3.01,,,4.12,
,"Fri, Apr 17",23:55 ,Nuez (1),2,Fruto Seco,10 gr,1 gr,1 gr,6 gr,1 gr,67 kcal,,,,,,,,,,,,,,,,,,,,,,,,,,,,0.64,3.25,1.40,,,6.38,
,"Fri, Apr 17",23:55 ,Queso Unt. Finlandia Light,2,Lácteo,20 gr,2 gr,1 gr,3 gr,0 gr,38 kcal,,,,,,127 gr,236 gr,64 gr,35 gr,"2,004 kcal",1552 gr,,115 gr,100 gr,124 gr,35 gr,2000 kcal,1 gr,9 gr,21 gr,0 gr,1 gr,40 gr,0 gr,31 gr,41 gr,1:9,0.03,0.09,0.85,0.12,0.21,1.64,
,"Sat, Apr 18",8:50 ,Vitaminas,1,Complemento,0 gr,0 gr,0 gr,0 gr,0 gr,0 kcal,08:55,,,,,,,,,,,,,,,,,,,,,,,,,,,,,,,,,
,"Sat, Apr 18",8:50 ,Pan Integral D&D,2,Grano,50 gr,4 gr,24 gr,1 gr,3 gr,116 kcal,,,,,,,,,,,,,,,,,,,,,,,,,,,,,,,,,,
,"Sat, Apr 18",8:50 ,Queso Unt. Finlandia Light,2,Lácteo,20 gr,2 gr,1 gr,3 gr,0 gr,38 kcal,,,,,,,,,,,,,,,,,,,,,,,,,,,,0.03,0.09,0.85,0.12,0.21,1.64,
,"Sat, Apr 18",8:50 ,Huevo,1,Proteína,65 gr,8 gr,0 gr,8 gr,0 gr,101 kcal,,,,,,,,,,,,,,,,,,,,,,,,,,,,0.15,1.23,2.91,,,7.67,
,"Sat, Apr 18",9:20 ,"Frutigran, Salvado",3,Procesado,45 gr,4 gr,29 gr,6 gr,4 gr,182 kcal,00:30,,,,,,,,,,,,,,,,,,,,,,,,,,,,,,,,,
,"Sat, Apr 18",9:20 ,Te,1,Infusión,0 gr,0 gr,0 gr,0 gr,0 gr,0 kcal,,,,,,,,,,,,,,,,,,,,,,,,,,,,,,,,,,
,"Sat, Apr 18",9:20 ,"Leche, Protein",0.4,Lácteo,40 gr,2 gr,2 gr,0 gr,0 gr,15 kcal,,,,,,,,,,,,,,,,,,,,,,,,,,,,,,,,,,
,"Sat, Apr 18",9:20 ,Miel (1 cda),1,Carb,10 gr,0 gr,7 gr,0 gr,0 gr,28 kcal,,,,,,,,,,,,,,,,,,,,,,,,,,,,,,,,,,
,"Sat, Apr 18",12:40 ,Growsbar cookies & cream,1,Procesado,46 gr,14 gr,20 gr,6 gr,1 gr,186 kcal,03:20,,,,,,,,,,,,,,,,,,,,,,,,,,,,,,,,,
,"Sat, Apr 18",14:30 ,Arroz Integral,1,Grano,40 gr,1 gr,9 gr,0 gr,1 gr,44 kcal,01:50,,,,,,,,,,,,,,,,,,,,,,,,,,,,,,,,,
,"Sat, Apr 18",14:30 ,Pollo (1 pechuga),0.7,Proteína,207 gr,59 gr,0 gr,7 gr,0 gr,313 kcal,,,,,,,,,,,,,,,,,,,,,,,,,,,,0.07,1.32,2.65,,,6.62,
,"Sat, Apr 18",14:30 ,Jardinera,1,Carb,127 gr,5 gr,17 gr,0 gr,5 gr,88 kcal,,,,,,,,,,,,,,,,,,,,,,,,,,,,,,,,,,
,"Sat, Apr 18",14:30 ,Pan Integral D&D,2,Grano,50 gr,4 gr,24 gr,1 gr,3 gr,116 kcal,,,,,,,,,,,,,,,,,,,,,,,,,,,,,,,,,,
,"Sat, Apr 18",14:30 ,Queso Unt. Finlandia Light,2,Lácteo,20 gr,2 gr,1 gr,3 gr,0 gr,38 kcal,,,,,,,,,,,,,,,,,,,,,,,,,,,,0.03,0.09,0.85,0.12,0.21,1.64,
,"Sat, Apr 18",14:30 ,"Aceite de oliva El Gran Juicio (EV, 1 cda sop)",0.2,Grano,2 gr,0 gr,0 gr,2 gr,0 gr,22 kcal,,,,,,,,,,,,,,,,,,,,,,,,,,,,0.02,0.24,1.80,,,2.40,
,"Sat, Apr 18",14:30 ,Maní King Tostado Sin Piel Sin Sodio (1 cda sop),0.7,Fruto Seco,10 gr,3 gr,1 gr,5 gr,1 gr,60 kcal,,,,,,,,,,,,,,,,,,,,,,,,,,,,,1.70,2.45,,,5.00,
,"Sat, Apr 18",14:30 ,SGP crocante queso,1,Elaborado,30 gr,2 gr,14 gr,4 gr,0 gr,93 kcal,,,,,,,,,,,,,,,,,,,,,,,,,,,,,,,,,,
,"Sat, Apr 18",17:30 ,Banana,1,Fruta,117 gr,1 gr,27 gr,0 gr,3 gr,104 kcal,03:00,,,,,,,,,,,,,,,,,,,,,,,,,,,,,,,,,
,"Sat, Apr 18",17:30 ,Manzana,1,Fruta,190 gr,1 gr,36 gr,0 gr,6 gr,137 kcal,,,,,,,,,,,,,,,,,,,,,,,,,,,,,,,,,,
,"Sat, Apr 18",17:30 ,Creatina Monohidrato,0.5,Complemento,0 gr,0 gr,0 gr,0 gr,0 gr,0 kcal,,,,,,,,,,,,,,,,,,,,,,,,,,,,,,,,,,
,"Sat, Apr 18",17:30 ,"Leche, Protein",0.5,Lácteo,50 gr,2 gr,2 gr,0 gr,0 gr,19 kcal,,,,,,,,,,,,,,,,,,,,,,,,,,,,,,,,,,
,"Sat, Apr 18",22:30 ,"Vaca, entraña",1.4,Proteína,140 gr,32 gr,0 gr,14 gr,0 gr,308 kcal,05:00,,,,,,,,,,,,,,,,,,,,,,,,,,,0.14,0.56,5.88,,,7.00,
,"Sat, Apr 18",22:30 ,Papa,1.2,Carb,120 gr,2 gr,26 gr,0 gr,0 gr,110 kcal,,,,,,,,,,,,,,,,,,,,,,,,,,,,,,,,,,
,"Sat, Apr 18",23:55 ,"Chocolate, Águila (1 barrita)",1,Carb,15 gr,1 gr,9 gr,4 gr,1 gr,70 kcal,01:25,,,,,,,,,,,,,,,,,,,,,,,,,,,,0.11,1.19,,,3.60,
,"Sat, Apr 18",23:55 ,Vitaminas,1,Complemento,0 gr,0 gr,0 gr,0 gr,0 gr,0 kcal,,,,,,148 gr,249 gr,64 gr,26 gr,"2,187 kcal",1394 gr,,115 gr,100 gr,124 gr,35 gr,2000 kcal,0 gr,5 gr,19 gr,0 gr,0 gr,36 gr,0 gr,24 gr,36 gr,0:5,,,,,,,
,"Sun, Apr 19",11:45 ,Palta,0.3,Fruta,40 gr,1 gr,3 gr,6 gr,3 gr,64 kcal,11:50,,,,,,,,,,,,,,,,,,,,,,,,,,,0.06,0.82,4.16,,,5.86,
,"Sun, Apr 19",11:45 ,Queso Unt. Finlandia Light,2.6,Lácteo,26 gr,2 gr,1 gr,4 gr,0 gr,49 kcal,,,,,,,,,,,,,,,,,,,,,,,,,,,,0.04,0.11,1.11,0.15,0.27,2.14,
,"Sun, Apr 19",11:45 ,Huevo,1,Proteína,65 gr,8 gr,0 gr,8 gr,0 gr,101 kcal,,,,,,,,,,,,,,,,,,,,,,,,,,,,0.15,1.23,2.91,,,7.67,
,"Sun, Apr 19",11:45 ,"Aceite de oliva El Gran Juicio (EV, 1 cda sop)",0.1,Grano,1 gr,0 gr,0 gr,1 gr,0 gr,11 kcal,,,,,,,,,,,,,,,,,,,,,,,,,,,,0.01,0.12,0.90,,,1.20,
,"Sun, Apr 19",11:45 ,Te,1,Infusión,0 gr,0 gr,0 gr,0 gr,0 gr,0 kcal,,,,,,,,,,,,,,,,,,,,,,,,,,,,,,,,,,
,"Sun, Apr 19",11:45 ,Miel (1 cda),1,Carb,10 gr,0 gr,7 gr,0 gr,0 gr,28 kcal,,,,,,,,,,,,,,,,,,,,,,,,,,,,,,,,,,
,"Sun, Apr 19",11:45 ,"Leche, Protein",0.4,Lácteo,40 gr,2 gr,2 gr,0 gr,0 gr,15 kcal,,,,,,,,,,,,,,,,,,,,,,,,,,,,,,,,,,
,"Sun, Apr 19",11:45 ,"Frutigran, Salvado",2,Procesado,30 gr,2 gr,19 gr,4 gr,3 gr,122 kcal,,,,,,,,,,,,,,,,,,,,,,,,,,,,,,,,,,
,"Sun, Apr 19",11:45 ,Pan Mendía con salvado,2,Grano,50 gr,4 gr,21 gr,1 gr,2 gr,110 kcal,,,,,,,,,,,,,,,,,,,,,,,,,,,,,,,,,,
,"Sun, Apr 19",14:00 ,Pollo (1 pechuga),0.5,Proteína,196 gr,56 gr,0 gr,6 gr,0 gr,296 kcal,02:15,,,,,,,,,,,,,,,,,,,,,,,,,,,0.06,1.25,2.51,,,6.27,
,"Sun, Apr 19",14:00 ,SGP crocante queso,1,Elaborado,30 gr,2 gr,14 gr,4 gr,0 gr,93 kcal,,,,,,,,,,,,,,,,,,,,,,,,,,,,,,,,,,
,"Sun, Apr 19",14:00 ,Arroz Integral,1,Grano,40 gr,1 gr,9 gr,0 gr,1 gr,44 kcal,,,,,,,,,,,,,,,,,,,,,,,,,,,,,,,,,,
,"Sun, Apr 19",14:00 ,"Aceite de oliva El Gran Juicio (EV, 1 cda sop)",0.2,Grano,2 gr,0 gr,0 gr,2 gr,0 gr,22 kcal,,,,,,,,,,,,,,,,,,,,,,,,,,,,0.02,0.24,1.80,,,2.40,
,"Sun, Apr 19",14:00 ,"Rapiditas integrales, tortillas",3,Carb,83 gr,7 gr,39 gr,5 gr,6 gr,231 kcal,,,,,,,,,,,,,,,,,,,,,,,,,,,,,,,,,,
,"Sun, Apr 19",14:00 ,Queso Unt. Finlandia Light,2,Lácteo,20 gr,2 gr,1 gr,3 gr,0 gr,38 kcal,,,,,,,,,,,,,,,,,,,,,,,,,,,,0.03,0.09,0.85,0.12,0.21,1.64,
,"Sun, Apr 19",14:00 ,Jardinera,0.5,Carb,182 gr,7 gr,24 gr,0 gr,7 gr,126 kcal,,,,,,,,,,,,,,,,,,,,,,,,,,,,,,,,,,
,"Sun, Apr 19",14:00 ,Tomate,0.4,Verdura,81 gr,1 gr,3 gr,0 gr,1 gr,15 kcal,,,,,,,,,,,,,,,,,,,,,,,,,,,,,,,,,,
,"Sun, Apr 19",15:40 ,Banana,1,Fruta,108 gr,1 gr,25 gr,0 gr,3 gr,96 kcal,01:40,,,,,,,,,,,,,,,,,,,,,,,,,,,,,,,,,
,"Sun, Apr 19",15:40 ,Manzana,1,Fruta,198 gr,1 gr,38 gr,0 gr,6 gr,143 kcal,,,,,,,,,,,,,,,,,,,,,,,,,,,,,,,,,,
,"Sun, Apr 19",15:40 ,Creatina Monohidrato,0.5,Complemento,0 gr,0 gr,0 gr,0 gr,0 gr,0 kcal,,,,,,,,,,,,,,,,,,,,,,,,,,,,,,,,,,
,"Sun, Apr 19",15:40 ,"Leche, Protein",0.5,Lácteo,50 gr,2 gr,2 gr,0 gr,0 gr,19 kcal,,,,,,,,,,,,,,,,,,,,,,,,,,,,,,,,,,
,"Sun, Apr 19",19:20 ,Café,1,Infusión,0 gr,0 gr,0 gr,0 gr,0 gr,0 kcal,03:40,,,,,,,,,,,,,,,,,,,,,,,,,,,,,,,,,
,"Sun, Apr 19",19:20 ,Miel (1 cda),1,Carb,10 gr,0 gr,7 gr,0 gr,0 gr,28 kcal,,,,,,,,,,,,,,,,,,,,,,,,,,,,,,,,,,
,"Sun, Apr 19",19:20 ,"Leche, Protein",1,Lácteo,100 gr,5 gr,5 gr,0 gr,0 gr,37 kcal,,,,,,,,,,,,,,,,,,,,,,,,,,,,,,,,,,
,"Sun, Apr 19",19:20 ,Whey Protein Bar Chocolate,1,Procesado,65 gr,21 gr,24 gr,10 gr,1 gr,249 kcal,,,,,,,,,,,,,,,,,,,,,,,,,,,,,,,,,,
,"Sun, Apr 19",21:45 ,Yogurt Griego Yogusísimo (140g),1,Lácteo,140 gr,9 gr,12 gr,4 gr,0 gr,115 kcal,02:25,,,,,,,,,,,,,,,,,,,,,,,,,,,,,,,,,
,"Sun, Apr 19",21:45 ,Pasta de maní King natural,1.8,Fruto Seco,27 gr,7 gr,3 gr,13 gr,2 gr,158 kcal,,,,,,,,,,,,,,,,,,,,,,,,,,,,,4.50,6.48,,,13.23,
,"Sun, Apr 19",21:45 ,Avena Granix Instnatánea (2 cdas),1.2,Grano,36 gr,5 gr,21 gr,3 gr,4 gr,128 kcal,,,,,,,,,,,,,,,,,,,,,,,,,,,,,,,,,,
,"Sun, Apr 19",21:45 ,"Frutigran, Salvado",1,Procesado,15 gr,1 gr,10 gr,2 gr,1 gr,61 kcal,,,,,,,,,,,,,,,,,,,,,,,,,,,,,,,,,,
,"Sun, Apr 19",21:45 ,Queso Unt. Finlandia más liviano,3.3,Lácteo,33 gr,3 gr,2 gr,3 gr,0 gr,43 kcal,,,,,,,,,,,,,,,,,,,,,,,,,,,,0.03,0.08,0.77,0.11,0.18,1.48,
,"Sun, Apr 19",21:45 ,"Leche, Protein",0.1,Lácteo,10 gr,0 gr,0 gr,0 gr,0 gr,4 kcal,,,,,,,,,,,,,,,,,,,,,,,,,,,,,,,,,,
,"Sun, Apr 19",21:45 ,Vitaminas,1,Complemento,0 gr,0 gr,0 gr,0 gr,0 gr,0 kcal,,,,,,150 gr,292 gr,79 gr,39 gr,"2,443 kcal",1688 gr,,115 gr,100 gr,124 gr,35 gr,2000 kcal,0 gr,8 gr,21 gr,0 gr,1 gr,42 gr,0 gr,30 gr,43 gr,0:8,,,,,,,
,"Mon, Apr 20",10:40 ,Te,1,Infusión,0 gr,0 gr,0 gr,0 gr,0 gr,0 kcal,12:55,,,,,,,,,,,,,,,,,,,,,,,,,,,,,,,,,
,"Mon, Apr 20",10:40 ,Miel (1 cda),1,Carb,10 gr,0 gr,7 gr,0 gr,0 gr,28 kcal,,,,,,,,,,,,,,,,,,,,,,,,,,,,,,,,,,
,"Mon, Apr 20",10:40 ,"Leche, Protein",0.4,Lácteo,40 gr,2 gr,2 gr,0 gr,0 gr,15 kcal,,,,,,,,,,,,,,,,,,,,,,,,,,,,,,,,,,
,"Mon, Apr 20",10:40 ,Pan Mendía con salvado,2,Grano,50 gr,4 gr,21 gr,1 gr,2 gr,110 kcal,,,,,,,,,,,,,,,,,,,,,,,,,,,,,,,,,,
,"Mon, Apr 20",10:40 ,Queso Unt. Finlandia más liviano,2,Lácteo,20 gr,2 gr,1 gr,2 gr,0 gr,26 kcal,,,,,,,,,,,,,,,,,,,,,,,,,,,,0.02,0.05,0.46,0.06,0.11,0.90,
,"Mon, Apr 20",10:40 ,Huevo,1,Proteína,65 gr,8 gr,0 gr,8 gr,0 gr,101 kcal,,,,,,,,,,,,,,,,,,,,,,,,,,,,0.15,1.23,2.91,,,7.67,
,"Mon, Apr 20",10:40 ,"Frutigran, Salvado",2,Procesado,30 gr,2 gr,19 gr,4 gr,3 gr,122 kcal,,,,,,,,,,,,,,,,,,,,,,,,,,,,,,,,,,
,"Mon, Apr 20",13:00 ,Arroz Integral,1,Grano,40 gr,1 gr,9 gr,0 gr,1 gr,44 kcal,02:20,,,,,,,,,,,,,,,,,,,,,,,,,,,,,,,,,
,"Mon, Apr 20",13:00 ,"Vaca, cuadril",1.4,Proteína,140 gr,31 gr,0 gr,10 gr,0 gr,210 kcal,,,,,,,,,,,,,,,,,,,,,,,,,,,,0.10,0.39,4.12,,,4.90,
,"Mon, Apr 20",13:00 ,Maní King Tostado Sin Piel Sin Sodio (1 cda sop),1,Fruto Seco,15 gr,4 gr,2 gr,8 gr,1 gr,89 kcal,,,,,,,,,,,,,,,,,,,,,,,,,,,,,2.55,3.68,,,7.50,
,"Mon, Apr 20",13:00 ,"Aceite de oliva El Gran Juicio (EV, 1 cda sop)",0.1,Grano,1 gr,0 gr,0 gr,1 gr,0 gr,11 kcal,,,,,,,,,,,,,,,,,,,,,,,,,,,,0.01,0.12,0.90,,,1.20,
,"Mon, Apr 20",13:00 ,Pan Mendía con salvado,2,Grano,50 gr,4 gr,21 gr,1 gr,2 gr,110 kcal,,,,,,,,,,,,,,,,,,,,,,,,,,,,,,,,,,
,"Mon, Apr 20",13:00 ,Queso Unt. Finlandia más liviano,2,Lácteo,20 gr,2 gr,1 gr,2 gr,0 gr,26 kcal,,,,,,,,,,,,,,,,,,,,,,,,,,,,0.02,0.05,0.46,0.06,0.11,0.90,
,"Mon, Apr 20",13:00 ,SGP crocante queso,0.5,Elaborado,15 gr,1 gr,7 gr,2 gr,0 gr,47 kcal,,,,,,,,,,,,,,,,,,,,,,,,,,,,,,,,,,
,"Mon, Apr 20",16:00 ,Café,1,Infusión,0 gr,0 gr,0 gr,0 gr,0 gr,0 kcal,03:00,,,,,,,,,,,,,,,,,,,,,,,,,,,,,,,,,
,"Mon, Apr 20",16:00 ,Miel (1 cda),1,Carb,10 gr,0 gr,7 gr,0 gr,0 gr,28 kcal,,,,,,,,,,,,,,,,,,,,,,,,,,,,,,,,,,
,"Mon, Apr 20",16:00 ,"Dicomere, cacao amargo puro en polvo",0.1,Procesado,1 gr,0 gr,0 gr,0 gr,0 gr,3 kcal,,,,,,,,,,,,,,,,,,,,,,,,,,,,,,,,,,
,"Mon, Apr 20",16:00 ,"Leche, Protein",1,Lácteo,100 gr,5 gr,5 gr,0 gr,0 gr,37 kcal,,,,,,,,,,,,,,,,,,,,,,,,,,,,,,,,,,
,"Mon, Apr 20",16:00 ,"Frutigran, Salvado",3,Procesado,45 gr,4 gr,29 gr,6 gr,4 gr,182 kcal,,,,,,,,,,,,,,,,,,,,,,,,,,,,,,,,,,
,"Mon, Apr 20",16:00 ,Growsbar cookies & cream,1,Procesado,46 gr,14 gr,20 gr,6 gr,1 gr,186 kcal,,,,,,,,,,,,,,,,,,,,,,,,,,,,,,,,,,
,"Mon, Apr 20",19:50 ,Banana,1,Fruta,144 gr,1 gr,33 gr,0 gr,4 gr,128 kcal,03:50,,,,,,,,,,,,,,,,,,,,,,,,,,,,,,,,,
,"Mon, Apr 20",19:50 ,Manzana,1,Fruta,180 gr,1 gr,34 gr,0 gr,5 gr,130 kcal,,,,,,,,,,,,,,,,,,,,,,,,,,,,,,,,,,
,"Mon, Apr 20",19:50 ,Creatina Monohidrato,0.5,Complemento,0 gr,0 gr,0 gr,0 gr,0 gr,0 kcal,,,,,,,,,,,,,,,,,,,,,,,,,,,,,,,,,,
,"Mon, Apr 20",23:15,Pan Mendía con salvado,2,Grano,42 gr,3 gr,18 gr,1 gr,2 gr,92 kcal,03:25,,,,,,,,,,,,,,,,,,,,,,,,,,,,,,,,,
,"Mon, Apr 20",23:15 ,Pan Integral D&D,2,Grano,50 gr,4 gr,24 gr,1 gr,3 gr,116 kcal,,,,,,,,,,,,,,,,,,,,,,,,,,,,,,,,,,
,"Mon, Apr 20",23:15 ,Queso Unt. Finlandia más liviano,3,Lácteo,30 gr,3 gr,2 gr,2 gr,0 gr,39 kcal,,,,,,,,,,,,,,,,,,,,,,,,,,,,0.02,0.07,0.70,0.10,0.17,1.34,
,"Mon, Apr 20",23:15 ,Huevo,1,Proteína,65 gr,8 gr,0 gr,8 gr,0 gr,101 kcal,,,,,,,,,,,,,,,,,,,,,,,,,,,,0.15,1.23,2.91,,,7.67,
,"Mon, Apr 20",23:15 ,Te,1,Infusión,0 gr,0 gr,0 gr,0 gr,0 gr,0 kcal,,,,,,,,,,,,,,,,,,,,,,,,,,,,,,,,,,
,"Mon, Apr 20",23:15 ,Miel (1 cda),1,Carb,10 gr,0 gr,7 gr,0 gr,0 gr,28 kcal,,,,,,,,,,,,,,,,,,,,,,,,,,,,,,,,,,
,"Mon, Apr 20",23:15 ,"Leche, Protein",0.4,Lácteo,40 gr,2 gr,2 gr,0 gr,0 gr,15 kcal,,,,,,,,,,,,,,,,,,,,,,,,,,,,,,,,,,
,"Mon, Apr 20",23:15 ,Pasta de maní King natural,1,Fruto Seco,15 gr,4 gr,2 gr,7 gr,1 gr,88 kcal,,,,,,,,,,,,,,,,,,,,,,,,,,,,,2.50,3.60,,,7.35,
,"Mon, Apr 20",23:15 ,Power Pulver barra proteica,1,Procesado,60 gr,20 gr,32 gr,3 gr,0 gr,225 kcal,,,,,,,,,,,,,,,,,,,,,,,,,,,,,,,,,,
,"Mon, Apr 20",23:15 ,"Aceite de oliva El Gran Juicio (EV, 1 cda sop)",0.1,Grano,1 gr,0 gr,0 gr,1 gr,0 gr,11 kcal,,,,,,127 gr,304 gr,74 gr,28 gr,"2,347 kcal",1335 gr,,115 gr,100 gr,124 gr,35 gr,2000 kcal,0 gr,8 gr,21 gr,0 gr,0 gr,41 gr,0 gr,29 gr,41 gr,0:8,0.01,0.12,0.90,,,1.20,
,"Tue, Apr 21",9:30 ,Vitaminas,1,Complemento,0 gr,0 gr,0 gr,0 gr,0 gr,0 kcal,10:15,,,,,,,,,,,,,,,,,,,,,,,,,,,,,,,,,
,"Tue, Apr 21",9:30 ,Te,1,Infusión,0 gr,0 gr,0 gr,0 gr,0 gr,0 kcal,,,,,,,,,,,,,,,,,,,,,,,,,,,,,,,,,,
,"Tue, Apr 21",9:30 ,Miel (1 cda),1,Carb,10 gr,0 gr,7 gr,0 gr,0 gr,28 kcal,,,,,,,,,,,,,,,,,,,,,,,,,,,,,,,,,,
,"Tue, Apr 21",9:30 ,"Leche, Protein",0.4,Lácteo,40 gr,2 gr,2 gr,0 gr,0 gr,15 kcal,,,,,,,,,,,,,,,,,,,,,,,,,,,,,,,,,,
,"Tue, Apr 21",9:30 ,Pan Integral D&D,2,Grano,50 gr,4 gr,24 gr,1 gr,3 gr,116 kcal,,,,,,,,,,,,,,,,,,,,,,,,,,,,,,,,,,
,"Tue, Apr 21",9:30 ,Queso Unt. Finlandia más liviano,2,Lácteo,20 gr,2 gr,1 gr,2 gr,0 gr,26 kcal,,,,,,,,,,,,,,,,,,,,,,,,,,,,0.02,0.05,0.46,0.06,0.11,0.90,
,"Tue, Apr 21",9:30 ,Huevo,1,Proteína,65 gr,8 gr,0 gr,8 gr,0 gr,101 kcal,,,,,,,,,,,,,,,,,,,,,,,,,,,,0.15,1.23,2.91,,,7.67,
,"Tue, Apr 21",13:40 ,Pollo (1 pechuga),0.5,Proteína,150 gr,43 gr,0 gr,5 gr,0 gr,227 kcal,04:10,,,,,,,,,,,,,,,,,,,,,,,,,,,0.05,0.96,1.92,,,4.80,
,"Tue, Apr 21",13:40 ,"Ensalada (lechuga, repollo b+m, zanahoria)",0.9,Verdura,108 gr,1 gr,5 gr,0 gr,2 gr,27 kcal,,,,,,,,,,,,,,,,,,,,,,,,,,,,,,,,,,
,"Tue, Apr 21",13:40 ,"Aceite de oliva El Gran Juicio (EV, 1 cda sop)",0.3,Grano,4 gr,0 gr,0 gr,4 gr,0 gr,32 kcal,,,,,,,,,,,,,,,,,,,,,,,,,,,,0.04,0.36,2.70,,,3.60,
,"Tue, Apr 21",13:40 ,Queso Unt. Finlandia más liviano,5,Lácteo,50 gr,5 gr,3 gr,4 gr,0 gr,65 kcal,,,,,,,,,,,,,,,,,,,,,,,,,,,,0.04,0.12,1.16,0.16,0.28,2.24,
,"Tue, Apr 21",13:40 ,Rapiditas chía y lino,2,Carb,56 gr,5 gr,27 gr,4 gr,4 gr,158 kcal,,,,,,,,,,,,,,,,,,,,,,,,,,,,,,,,,,
,"Tue, Apr 21",13:40 ,Tomate,0.2,Verdura,54 gr,0 gr,2 gr,0 gr,1 gr,10 kcal,,,,,,,,,,,,,,,,,,,,,,,,,,,,,,,,,,
,"Tue, Apr 21",15:00 ,Banana,1,Fruta,109 gr,1 gr,25 gr,0 gr,3 gr,97 kcal,01:20,,,,,,,,,,,,,,,,,,,,,,,,,,,,,,,,,
,"Tue, Apr 21",15:00 ,Kiwi,1,Fruta,86 gr,1 gr,13 gr,0 gr,3 gr,52 kcal,,,,,,,,,,,,,,,,,,,,,,,,,,,,,,,,,,
,"Tue, Apr 21",15:00 ,Creatina Monohidrato,0.5,Complemento,0 gr,0 gr,0 gr,0 gr,0 gr,0 kcal,,,,,,,,,,,,,,,,,,,,,,,,,,,,,,,,,,
,"Tue, Apr 21",15:00 ,"Leche, Protein",0.5,Lácteo,50 gr,2 gr,2 gr,0 gr,0 gr,19 kcal,,,,,,,,,,,,,,,,,,,,,,,,,,,,,,,,,,
,"Tue, Apr 21",18:15 ,Café,1,Infusión,0 gr,0 gr,0 gr,0 gr,0 gr,0 kcal,03:15,,,,,,,,,,,,,,,,,,,,,,,,,,,,,,,,,
,"Tue, Apr 21",18:15 ,Miel (1 cda),1,Carb,10 gr,0 gr,7 gr,0 gr,0 gr,28 kcal,,,,,,,,,,,,,,,,,,,,,,,,,,,,,,,,,,
,"Tue, Apr 21",18:15 ,"Leche, Protein",1.5,Lácteo,150 gr,7 gr,7 gr,0 gr,0 gr,56 kcal,,,,,,,,,,,,,,,,,,,,,,,,,,,,,,,,,,
,"Tue, Apr 21",18:15 ,Whey Protein Bar Chocolate,1,Procesado,65 gr,21 gr,24 gr,10 gr,1 gr,249 kcal,,,,,,,,,,,,,,,,,,,,,,,,,,,,,,,,,,
,"Tue, Apr 21",21:50 ,Te,1,Infusión,0 gr,0 gr,0 gr,0 gr,0 gr,0 kcal,03:35,,,,,,,,,,,,,,,,,,,,,,,,,,,,,,,,,
,"Tue, Apr 21",21:50 ,Miel (1 cda),1,Carb,10 gr,0 gr,7 gr,0 gr,0 gr,28 kcal,,,,,,,,,,,,,,,,,,,,,,,,,,,,,,,,,,
,"Tue, Apr 21",21:50 ,"Leche, Protein",0.4,Lácteo,40 gr,2 gr,2 gr,0 gr,0 gr,15 kcal,,,,,,,,,,,,,,,,,,,,,,,,,,,,,,,,,,
,"Tue, Apr 21",21:50 ,Pan Integral D&D,3,Grano,75 gr,6 gr,36 gr,2 gr,4 gr,174 kcal,,,,,,,,,,,,,,,,,,,,,,,,,,,,,,,,,,
,"Tue, Apr 21",21:50 ,Queso Unt. Finlandia más liviano,4,Lácteo,40 gr,4 gr,2 gr,3 gr,0 gr,52 kcal,,,,,,,,,,,,,,,,,,,,,,,,,,,,0.03,0.10,0.93,0.13,0.22,1.79,
,"Tue, Apr 21",21:50 ,Atún (1 lata),1,Proteína,120 gr,31 gr,0 gr,1 gr,0 gr,139 kcal,,,,,,,,,,,,,,,,,,,,,,,,,,,,0.14,0.02,0.08,,,0.98,
,"Tue, Apr 21",21:50 ,Pasta de maní King natural,1,Fruto Seco,15 gr,4 gr,2 gr,7 gr,1 gr,88 kcal,,,,,,,,,,,,,,,,,,,,,,,,,,,,,2.50,3.60,,,7.35,
,"Tue, Apr 21",21:50 ,"Aceite de oliva El Gran Juicio (EV, 1 cda sop)",0.2,Grano,2 gr,0 gr,0 gr,2 gr,0 gr,22 kcal,,,,,,,,,,,,,,,,,,,,,,,,,,,,0.02,0.24,1.80,,,2.40,
,"Tue, Apr 21",21:50 ,Vainillas Bimbo,2,Carb,24 gr,2 gr,18 gr,1 gr,0 gr,90 kcal,,,,,,,,,,,,,,,,,,,,,,,,,,,,,,,,,,
,"Tue, Apr 21",21:50 ,Huevo,1,Proteína,65 gr,8 gr,0 gr,8 gr,0 gr,101 kcal,,,,,,157 gr,215 gr,62 gr,20 gr,"2,014 kcal",1468 gr,,115 gr,100 gr,124 gr,35 gr,2000 kcal,1 gr,7 gr,18 gr,0 gr,1 gr,39 gr,0 gr,26 gr,40 gr,1:7,0.15,1.23,2.91,,,7.67,
,"Wed, Apr 22",8:55 ,Te,1,Infusión,0 gr,0 gr,0 gr,0 gr,0 gr,0 kcal,11:05,,,,,,,,,,,,,,,,,,,,,,,,,,,,,,,,,
,"Wed, Apr 22",8:55 ,Miel (1 cda),1,Carb,10 gr,0 gr,7 gr,0 gr,0 gr,28 kcal,,,,,,,,,,,,,,,,,,,,,,,,,,,,,,,,,,
,"Wed, Apr 22",8:55 ,"Leche, Protein",0.4,Lácteo,40 gr,2 gr,2 gr,0 gr,0 gr,15 kcal,,,,,,,,,,,,,,,,,,,,,,,,,,,,,,,,,,
,"Wed, Apr 22",8:55 ,Vitaminas,1,Complemento,0 gr,0 gr,0 gr,0 gr,0 gr,0 kcal,,,,,,,,,,,,,,,,,,,,,,,,,,,,,,,,,,
,"Wed, Apr 22",8:55 ,Pan Integral D&D,2,Grano,50 gr,4 gr,24 gr,1 gr,3 gr,116 kcal,,,,,,,,,,,,,,,,,,,,,,,,,,,,,,,,,,
,"Wed, Apr 22",8:55 ,Queso Unt. La Serenisima Clásico Balance,2,Lácteo,20 gr,1 gr,1 gr,2 gr,0 gr,30 kcal,,,,,,,,,,,,,,,,,,,,,,,,,,,,0.02,0.06,0.62,0.09,0.15,1.19,
,"Wed, Apr 22",8:55 ,Huevo,1,Proteína,65 gr,8 gr,0 gr,8 gr,0 gr,101 kcal,,,,,,,,,,,,,,,,,,,,,,,,,,,,0.15,1.23,2.91,,,7.67,
,"Wed, Apr 22",8:55 ,Vainillas Bimbo,2,Carb,24 gr,2 gr,18 gr,1 gr,0 gr,90 kcal,,,,,,,,,,,,,,,,,,,,,,,,,,,,,,,,,,
,"Wed, Apr 22",14:30 ,"Vaca, cuadril",1.8,Proteína,180 gr,40 gr,0 gr,13 gr,0 gr,270 kcal,05:35,,,,,,,,,,,,,,,,,,,,,,,,,,,0.13,0.50,5.29,,,6.30,
,"Wed, Apr 22",14:30 ,Cebolla,1,Verdura,140 gr,1 gr,14 gr,0 gr,2 gr,59 kcal,,,,,,,,,,,,,,,,,,,,,,,,,,,,,,,,,,
,"Wed, Apr 22",14:30 ,Ají,1,Verdura,50 gr,1 gr,2 gr,0 gr,0 gr,9 kcal,,,,,,,,,,,,,,,,,,,,,,,,,,,,,,,,,,
,"Wed, Apr 22",14:30 ,Rapiditas chía y lino,3,Carb,84 gr,7 gr,41 gr,5 gr,5 gr,237 kcal,,,,,,,,,,,,,,,,,,,,,,,,,,,,,,,,,,
,"Wed, Apr 22",14:30 ,Queso Unt. La Serenisima Clásico Balance,3,Lácteo,30 gr,2 gr,2 gr,3 gr,0 gr,45 kcal,,,,,,,,,,,,,,,,,,,,,,,,,,,,0.03,0.10,0.93,0.13,0.22,1.79,
,"Wed, Apr 22",14:30 ,"Ensalada (lechuga, repollo b+m, zanahoria)",0.85,Verdura,102 gr,1 gr,4 gr,0 gr,2 gr,26 kcal,,,,,,,,,,,,,,,,,,,,,,,,,,,,,,,,,,
,"Wed, Apr 22",14:30 ,"Aceite de oliva El Gran Juicio (EV, 1 cda sop)",0.4,Grano,5 gr,0 gr,0 gr,5 gr,0 gr,43 kcal,,,,,,,,,,,,,,,,,,,,,,,,,,,,0.05,0.48,3.60,,,4.80,
,"Wed, Apr 22",16:45 ,Banana,1,Fruta,93 gr,1 gr,21 gr,0 gr,2 gr,83 kcal,02:15,,,,,,,,,,,,,,,,,,,,,,,,,,,,,,,,,
,"Wed, Apr 22",16:45 ,Manzana,1,Fruta,192 gr,1 gr,36 gr,0 gr,6 gr,138 kcal,,,,,,,,,,,,,,,,,,,,,,,,,,,,,,,,,,
,"Wed, Apr 22",16:45 ,Creatina Monohidrato,0.5,Complemento,0 gr,0 gr,0 gr,0 gr,0 gr,0 kcal,,,,,,,,,,,,,,,,,,,,,,,,,,,,,,,,,,
,"Wed, Apr 22",16:45 ,"Leche, Protein",0.5,Lácteo,50 gr,2 gr,2 gr,0 gr,0 gr,19 kcal,,,,,,,,,,,,,,,,,,,,,,,,,,,,,,,,,,
,"Wed, Apr 22",18:20 ,Café,1,Infusión,0 gr,0 gr,0 gr,0 gr,0 gr,0 kcal,01:35,,,,,,,,,,,,,,,,,,,,,,,,,,,,,,,,,
,"Wed, Apr 22",18:20 ,Miel (1 cda),1,Carb,10 gr,0 gr,7 gr,0 gr,0 gr,28 kcal,,,,,,,,,,,,,,,,,,,,,,,,,,,,,,,,,,
,"Wed, Apr 22",18:20 ,"Leche, Protein",1,Lácteo,100 gr,5 gr,5 gr,0 gr,0 gr,37 kcal,,,,,,,,,,,,,,,,,,,,,,,,,,,,,,,,,,
,"Wed, Apr 22",18:20 ,B3st! Protein Salted Caramel,1,Procesado,60 gr,20 gr,20 gr,9 gr,11 gr,241 kcal,,,,,,,,,,,,,,,,,,,,,,,,,,,,,,,,,,
,"Wed, Apr 22",18:20 ,"Dicomere, cacao amargo puro en polvo",0.1,Procesado,1 gr,0 gr,0 gr,0 gr,0 gr,3 kcal,,,,,,,,,,,,,,,,,,,,,,,,,,,,,,,,,,
,"Wed, Apr 22",22:00,Atún (1 lata),1,Proteína,120 gr,31 gr,0 gr,1 gr,0 gr,139 kcal,03:40,,,,,,,,,,,,,,,,,,,,,,,,,,,0.14,0.02,0.08,,,0.98,
,"Wed, Apr 22",22:00 ,Huevo,1,Proteína,65 gr,8 gr,0 gr,8 gr,0 gr,101 kcal,,,,,,,,,,,,,,,,,,,,,,,,,,,,0.15,1.23,2.91,,,7.67,
,"Wed, Apr 22",22:00 ,Queso Unt. La Serenisima Clásico Balance,4,Lácteo,40 gr,3 gr,3 gr,4 gr,0 gr,60 kcal,,,,,,,,,,,,,,,,,,,,,,,,,,,,0.04,0.13,1.24,0.17,0.30,2.39,
,"Wed, Apr 22",22:00 ,Pasta de maní King natural,1,Fruto Seco,15 gr,4 gr,2 gr,7 gr,1 gr,88 kcal,,,,,,,,,,,,,,,,,,,,,,,,,,,,,2.50,3.60,,,7.35,
,"Wed, Apr 22",22:00 ,Pan Integral D&D,3,Grano,75 gr,6 gr,36 gr,2 gr,4 gr,174 kcal,,,,,,,,,,,,,,,,,,,,,,,,,,,,,,,,,,
,"Wed, Apr 22",22:00 ,"Aceite de oliva El Gran Juicio (EV, 1 cda sop)",0.1,Grano,1 gr,0 gr,0 gr,1 gr,0 gr,11 kcal,,,,,,,,,,,,,,,,,,,,,,,,,,,,0.01,0.12,0.90,,,1.20,
,"Wed, Apr 22",22:45 ,Te,1,Infusión,0 gr,0 gr,0 gr,0 gr,0 gr,0 kcal,00:45,,,,,,,,,,,,,,,,,,,,,,,,,,,,,,,,,
,"Wed, Apr 22",22:45 ,Miel (1 cda),1,Carb,10 gr,0 gr,7 gr,0 gr,0 gr,28 kcal,,,,,,148 gr,254 gr,72 gr,37 gr,"2,218 kcal",1632 gr,,115 gr,100 gr,124 gr,35 gr,2000 kcal,1 gr,6 gr,22 gr,0 gr,1 gr,41 gr,0 gr,29 gr,42 gr,1:6,,,,,,,
,"Thu, Apr 23",11:00 ,Vitaminas,1,Complemento,0 gr,0 gr,0 gr,0 gr,0 gr,0 kcal,12:15,,,,,,,,,,,,,,,,,,,,,,,,,,,,,,,,,
,"Thu, Apr 23",11:00 ,Café,1,Infusión,0 gr,0 gr,0 gr,0 gr,0 gr,0 kcal,,,,,,,,,,,,,,,,,,,,,,,,,,,,,,,,,,
,"Thu, Apr 23",11:00 ,"Leche, Protein",0.6,Lácteo,60 gr,3 gr,3 gr,0 gr,0 gr,22 kcal,,,,,,,,,,,,,,,,,,,,,,,,,,,,,,,,,,
,"Thu, Apr 23",11:00 ,Pan Integral D&D,2,Grano,50 gr,4 gr,24 gr,1 gr,3 gr,116 kcal,,,,,,,,,,,,,,,,,,,,,,,,,,,,,,,,,,
,"Thu, Apr 23",11:00 ,Queso Unt. La Serenisima Clásico Balance,2,Lácteo,20 gr,1 gr,1 gr,2 gr,0 gr,30 kcal,,,,,,,,,,,,,,,,,,,,,,,,,,,,0.02,0.06,0.62,0.09,0.15,1.19,
,"Thu, Apr 23",11:00 ,Huevo,1,Proteína,65 gr,8 gr,0 gr,8 gr,0 gr,101 kcal,,,,,,,,,,,,,,,,,,,,,,,,,,,,0.15,1.23,2.91,,,7.67,
,"Thu, Apr 23",11:00 ,Vainillas Bimbo,2,Carb,24 gr,2 gr,18 gr,1 gr,0 gr,90 kcal,,,,,,,,,,,,,,,,,,,,,,,,,,,,,,,,,,
,"Thu, Apr 23",14:20 ,"Ensalada (lechuga, repollo b+m, zanahoria)",0.5,Verdura,60 gr,1 gr,3 gr,0 gr,1 gr,15 kcal,03:20,,,,,,,,,,,,,,,,,,,,,,,,,,,,,,,,,
,"Thu, Apr 23",14:20 ,Atún (1 lata),1,Proteína,120 gr,31 gr,0 gr,1 gr,0 gr,139 kcal,,,,,,,,,,,,,,,,,,,,,,,,,,,,0.14,0.02,0.08,,,0.98,
,"Thu, Apr 23",14:20 ,"Aceite de oliva El Gran Juicio (EV, 1 cda sop)",0.4,Grano,4 gr,0 gr,0 gr,4 gr,0 gr,36 kcal,,,,,,,,,,,,,,,,,,,,,,,,,,,,0.04,0.40,3.00,,,4.00,
,"Thu, Apr 23",14:20 ,Queso Unt. La Serenisima Clásico Balance,5,Lácteo,50 gr,4 gr,4 gr,5 gr,0 gr,75 kcal,,,,,,,,,,,,,,,,,,,,,,,,,,,,0.05,0.16,1.55,0.21,0.37,2.99,
,"Thu, Apr 23",14:20 ,Rapiditas chía y lino,3,Carb,84 gr,7 gr,41 gr,5 gr,5 gr,237 kcal,,,,,,,,,,,,,,,,,,,,,,,,,,,,,,,,,,
,"Thu, Apr 23",14:20 ,Tomate,0.5,Verdura,120 gr,1 gr,5 gr,0 gr,1 gr,22 kcal,,,,,,,,,,,,,,,,,,,,,,,,,,,,,,,,,,
,"Thu, Apr 23",14:50 ,Café,1,Infusión,0 gr,0 gr,0 gr,0 gr,0 gr,0 kcal,00:30,,,,,,,,,,,,,,,,,,,,,,,,,,,,,,,,,
,"Thu, Apr 23",14:50 ,"Leche, Protein",1,Lácteo,100 gr,5 gr,5 gr,0 gr,0 gr,37 kcal,,,,,,,,,,,,,,,,,,,,,,,,,,,,,,,,,,
,"Thu, Apr 23",14:50 ,Miel (1 cda),1,Carb,10 gr,0 gr,7 gr,0 gr,0 gr,28 kcal,,,,,,,,,,,,,,,,,,,,,,,,,,,,,,,,,,
,"Thu, Apr 23",14:50 ,B3st! Protein Salted Caramel,1,Procesado,60 gr,20 gr,20 gr,9 gr,11 gr,241 kcal,,,,,,,,,,,,,,,,,,,,,,,,,,,,,,,,,,
,"Thu, Apr 23",17:10 ,Manzana,1,Fruta,194 gr,1 gr,37 gr,0 gr,6 gr,140 kcal,02:20,,,,,,,,,,,,,,,,,,,,,,,,,,,,,,,,,
,"Thu, Apr 23",17:10 ,Banana,1,Fruta,88 gr,1 gr,20 gr,0 gr,2 gr,78 kcal,,,,,,,,,,,,,,,,,,,,,,,,,,,,,,,,,,
,"Thu, Apr 23",17:10 ,Creatina Monohidrato,0.5,Complemento,0 gr,0 gr,0 gr,0 gr,0 gr,0 kcal,,,,,,,,,,,,,,,,,,,,,,,,,,,,,,,,,,
,"Thu, Apr 23",17:10 ,"Leche, Protein",0.5,Lácteo,50 gr,2 gr,2 gr,0 gr,0 gr,19 kcal,,,,,,,,,,,,,,,,,,,,,,,,,,,,,,,,,,
,"Thu, Apr 23",21:35 ,Zucchini,0.6,Verdura,166 gr,2 gr,6 gr,0 gr,2 gr,28 kcal,04:25,,,,,,,,,,,,,,,,,,,,,,,,,,,,,,,,,
,"Thu, Apr 23",21:35 ,Zanahoria,0.5,Verdura,100 gr,1 gr,10 gr,0 gr,3 gr,41 kcal,,,,,,,,,,,,,,,,,,,,,,,,,,,,,,,,,,
,"Thu, Apr 23",21:35 ,Tomate,1,Verdura,250 gr,2 gr,10 gr,1 gr,3 gr,45 kcal,,,,,,,,,,,,,,,,,,,,,,,,,,,,,,,,,,
,"Thu, Apr 23",21:35 ,Pollo (1 pechuga),0.5,Proteína,150 gr,43 gr,0 gr,5 gr,0 gr,227 kcal,,,,,,,,,,,,,,,,,,,,,,,,,,,,0.05,0.96,1.92,,,4.80,
,"Thu, Apr 23",21:35 ,Pan Integral D&D,2,Grano,50 gr,4 gr,24 gr,1 gr,3 gr,116 kcal,,,,,,,,,,,,,,,,,,,,,,,,,,,,,,,,,,
,"Thu, Apr 23",21:35 ,Queso Unt. Casancrem Balance,2,Lácteo,20 gr,1 gr,1 gr,2 gr,0 gr,30 kcal,,,,,,,,,,,,,,,,,,,,,,,,,,,,0.02,0.06,0.62,0.09,0.15,1.19,
,"Thu, Apr 23",22:05 ,Te,1,Infusión,0 gr,0 gr,0 gr,0 gr,0 gr,0 kcal,00:30,,,,,,,,,,,,,,,,,,,,,,,,,,,,,,,,,
,"Thu, Apr 23",22:05 ,"Leche, Protein",0.4,Lácteo,40 gr,2 gr,2 gr,0 gr,0 gr,15 kcal,,,,,,,,,,,,,,,,,,,,,,,,,,,,,,,,,,
,"Thu, Apr 23",22:05 ,Miel (1 cda),1,Carb,10 gr,0 gr,7 gr,0 gr,0 gr,28 kcal,,,,,,,,,,,,,,,,,,,,,,,,,,,,,,,,,,
,"Thu, Apr 23",22:05 ,Vainillas Bimbo,1,Carb,12 gr,1 gr,9 gr,1 gr,0 gr,45 kcal,,,,,,,,,,,,,,,,,,,,,,,,,,,,,,,,,,
,"Thu, Apr 23",22:05 ,"Ceral, galletitas integrales (4 un)",0.5,Procesado,15 gr,2 gr,10 gr,1 gr,1 gr,49 kcal,,,,,,146 gr,266 gr,49 gr,41 gr,"2,048 kcal",1972 gr,,115 gr,100 gr,124 gr,35 gr,2000 kcal,0 gr,3 gr,11 gr,0 gr,1 gr,23 gr,0 gr,14 gr,24 gr,0:3,,,,,,,
,"Fri, Apr 24",10:15 ,Vitaminas,1,Complemento,0 gr,0 gr,0 gr,0 gr,0 gr,0 kcal,12:10,,,,,,,,,,,,,,,,,,,,,,,,,,,,,,,,,
,"Fri, Apr 24",10:15 ,Café,1,Infusión,0 gr,0 gr,0 gr,0 gr,0 gr,0 kcal,,,,,,,,,,,,,,,,,,,,,,,,,,,,,,,,,,
,"Fri, Apr 24",10:15 ,Miel (1 cda),1,Carb,10 gr,0 gr,7 gr,0 gr,0 gr,28 kcal,,,,,,,,,,,,,,,,,,,,,,,,,,,,,,,,,,
,"Fri, Apr 24",10:15 ,"Leche, Protein",0.6,Lácteo,60 gr,3 gr,3 gr,0 gr,0 gr,22 kcal,,,,,,,,,,,,,,,,,,,,,,,,,,,,,,,,,,
,"Fri, Apr 24",10:15 ,"Chocolate, Águila 70% (1 barrita)",0.5,Carb,11 gr,1 gr,4 gr,4 gr,1 gr,59 kcal,,,,,,,,,,,,,,,,,,,,,,,,,,,,,0.13,1.46,,,4.41,
,"Fri, Apr 24",10:15 ,"Ceral, galletitas integrales (4 un)",1.1,Procesado,33 gr,3 gr,21 gr,1 gr,3 gr,107 kcal,,,,,,,,,,,,,,,,,,,,,,,,,,,,,,,,,,
,"Fri, Apr 24",10:15 ,Pan Integral D&D,2,Grano,50 gr,4 gr,24 gr,1 gr,3 gr,116 kcal,,,,,,,,,,,,,,,,,,,,,,,,,,,,,,,,,,
,"Fri, Apr 24",10:15 ,Queso Unt. Casancrem Balance,2,Lácteo,20 gr,1 gr,1 gr,2 gr,0 gr,30 kcal,,,,,,,,,,,,,,,,,,,,,,,,,,,,0.02,0.06,0.62,0.09,0.15,1.19,
,"Fri, Apr 24",10:15 ,Huevo,1,Proteína,49 gr,6 gr,0 gr,6 gr,0 gr,76 kcal,,,,,,,,,,,,,,,,,,,,,,,,,,,,0.12,0.93,2.20,,,5.78,
,"Fri, Apr 24",10:15 ,Nuez (1),2,Fruto Seco,8 gr,1 gr,1 gr,5 gr,0 gr,54 kcal,,,,,,,,,,,,,,,,,,,,,,,,,,,,0.51,2.60,1.12,,,5.10,
,"Fri, Apr 24",14:55 ,Pollo (1 pechuga),0.6,Proteína,180 gr,51 gr,0 gr,6 gr,0 gr,272 kcal,04:40,,,,,,,,,,,,,,,,,,,,,,,,,,,0.06,1.15,2.30,,,5.76,
,"Fri, Apr 24",14:55 ,Zanahoria,0.5,Verdura,98 gr,1 gr,9 gr,0 gr,3 gr,40 kcal,,,,,,,,,,,,,,,,,,,,,,,,,,,,,,,,,,
,"Fri, Apr 24",14:55 ,Zucchini,0.5,Verdura,147 gr,2 gr,5 gr,0 gr,2 gr,25 kcal,,,,,,,,,,,,,,,,,,,,,,,,,,,,,,,,,,
,"Fri, Apr 24",14:55 ,Tomate,1,Verdura,140 gr,1 gr,5 gr,0 gr,2 gr,25 kcal,,,,,,,,,,,,,,,,,,,,,,,,,,,,,,,,,,
,"Fri, Apr 24",14:55 ,Pan Integral D&D,2,Grano,50 gr,4 gr,24 gr,1 gr,3 gr,116 kcal,,,,,,,,,,,,,,,,,,,,,,,,,,,,,,,,,,
,"Fri, Apr 24",14:55 ,Queso Unt. Casancrem Balance,2,Lácteo,20 gr,1 gr,1 gr,2 gr,0 gr,30 kcal,,,,,,,,,,,,,,,,,,,,,,,,,,,,0.02,0.06,0.62,0.09,0.15,1.19,
,"Fri, Apr 24",14:55 ,"Aceite de oliva El Gran Juicio (EV, 1 cda sop)",0.2,Grano,2 gr,0 gr,0 gr,2 gr,0 gr,22 kcal,,,,,,,,,,,,,,,,,,,,,,,,,,,,0.02,0.24,1.80,,,2.40,
,"Fri, Apr 24",17:00 ,Banana,1,Fruta,103 gr,1 gr,24 gr,0 gr,3 gr,92 kcal,02:05,,,,,,,,,,,,,,,,,,,,,,,,,,,,,,,,,
,"Fri, Apr 24",17:00 ,Manzana,1,Fruta,207 gr,1 gr,39 gr,0 gr,6 gr,149 kcal,,,,,,,,,,,,,,,,,,,,,,,,,,,,,,,,,,
,"Fri, Apr 24",17:00 ,Creatina Monohidrato,0.5,Complemento,0 gr,0 gr,0 gr,0 gr,0 gr,0 kcal,,,,,,,,,,,,,,,,,,,,,,,,,,,,,,,,,,
,"Fri, Apr 24",17:00 ,"Leche, Protein",0.8,Lácteo,80 gr,4 gr,4 gr,0 gr,0 gr,30 kcal,,,,,,,,,,,,,,,,,,,,,,,,,,,,,,,,,,
,"Fri, Apr 24",21:30 ,"Vaca, roast beef",1.2,Proteína,120 gr,32 gr,0 gr,16 gr,0 gr,281 kcal,04:30,,,,,,,,,,,,,,,,,,,,,,,,,,,0.16,0.63,6.65,,,7.92,
,"Fri, Apr 24",21:30 ,Arroz Integral,1,Grano,40 gr,1 gr,9 gr,0 gr,1 gr,44 kcal,,,,,,,,,,,,,,,,,,,,,,,,,,,,,,,,,,
,"Fri, Apr 24",21:30 ,Lentejas,0.3,Carb,45 gr,3 gr,7 gr,0 gr,2 gr,42 kcal,,,,,,,,,,,,,,,,,,,,,,,,,,,,,,,,,,
,"Fri, Apr 24",21:30 ,Garbanzos,0.2,Carb,39 gr,2 gr,7 gr,0 gr,2 gr,40 kcal,,,,,,,,,,,,,,,,,,,,,,,,,,,,,,,,,,
,"Fri, Apr 24",21:30 ,Pan Integral D&D,1.5,Grano,38 gr,3 gr,18 gr,1 gr,2 gr,87 kcal,,,,,,,,,,,,,,,,,,,,,,,,,,,,,,,,,,
,"Fri, Apr 24",21:30 ,Queso Unt. Finlandia Light,2,Lácteo,20 gr,2 gr,1 gr,3 gr,0 gr,38 kcal,,,,,,,,,,,,,,,,,,,,,,,,,,,,0.03,0.09,0.85,0.12,0.21,1.64,
,"Fri, Apr 24",21:30 ,Maní King Tostado Sin Piel Sin Sodio (1 cda sop),1,Fruto Seco,15 gr,4 gr,2 gr,8 gr,1 gr,89 kcal,,,,,,,,,,,,,,,,,,,,,,,,,,,,,2.55,3.68,,,7.50,
,"Fri, Apr 24",23:00,"Yogurt, Ser",0.7,Lácteo,133 gr,6 gr,8 gr,0 gr,0 gr,56 kcal,01:30,,,,,,,,,,,,,,,,,,,,,,,,,,,,,,,,,
,"Fri, Apr 24",23:00 ,Pasta de maní King natural,1,Fruto Seco,15 gr,4 gr,2 gr,7 gr,1 gr,88 kcal,,,,,,,,,,,,,,,,,,,,,,,,,,,,,2.50,3.60,,,7.35,
,"Fri, Apr 24",23:00 ,Vainillas Bimbo,2,Carb,24 gr,2 gr,18 gr,1 gr,0 gr,90 kcal,,,,,,,,,,,,,,,,,,,,,,,,,,,,,,,,,,
,"Fri, Apr 24",23:00 ,Nuez (1),0.4,Fruto Seco,2 gr,0 gr,0 gr,1 gr,0 gr,11 kcal,,,,,,,,,,,,,,,,,,,,,,,,,,,,0.10,0.52,0.22,,,1.02,
,"Fri, Apr 24",23:00 ,Almendra (1),0.4,Fruto Seco,3 gr,1 gr,0 gr,1 gr,0 gr,16 kcal,,,,,,146 gr,244 gr,73 gr,34 gr,"2,174 kcal",1761 gr,,115 gr,100 gr,124 gr,35 gr,2000 kcal,1 gr,12 gr,26 gr,0 gr,1 gr,53 gr,0 gr,39 gr,54 gr,1:12,,0.27,1.09,,,1.50,
,"Sat, Apr 25",11:25 ,Café,1,Infusión,0 gr,0 gr,0 gr,0 gr,0 gr,0 kcal,12:25,,,,,,,,,,,,,,,,,,,,,,,,,,,,,,,,,
,"Sat, Apr 25",11:25 ,Miel (1 cda),1,Carb,10 gr,0 gr,7 gr,0 gr,0 gr,28 kcal,,,,,,,,,,,,,,,,,,,,,,,,,,,,,,,,,,
,"Sat, Apr 25",11:25 ,"Leche, Protein",0.6,Lácteo,60 gr,3 gr,3 gr,0 gr,0 gr,22 kcal,,,,,,,,,,,,,,,,,,,,,,,,,,,,,,,,,,
,"Sat, Apr 25",11:25 ,Pan Integral D&D,2,Grano,50 gr,4 gr,24 gr,1 gr,3 gr,116 kcal,,,,,,,,,,,,,,,,,,,,,,,,,,,,,,,,,,
,"Sat, Apr 25",11:25 ,Queso Unt. Finlandia Light,2,Lácteo,20 gr,2 gr,1 gr,3 gr,0 gr,38 kcal,,,,,,,,,,,,,,,,,,,,,,,,,,,,0.03,0.09,0.85,0.12,0.21,1.64,
,"Sat, Apr 25",11:25 ,Huevo,1,Proteína,65 gr,8 gr,0 gr,8 gr,0 gr,101 kcal,,,,,,,,,,,,,,,,,,,,,,,,,,,,0.15,1.23,2.91,,,7.67,
,"Sat, Apr 25",11:25 ,Vainillas Bimbo,2,Carb,24 gr,2 gr,18 gr,1 gr,0 gr,90 kcal,,,,,,,,,,,,,,,,,,,,,,,,,,,,,,,,,,
,"Sat, Apr 25",11:25 ,"Chocolate, Águila 70% (1 barrita)",0.5,Carb,11 gr,1 gr,4 gr,4 gr,1 gr,59 kcal,,,,,,,,,,,,,,,,,,,,,,,,,,,,,0.13,1.46,,,4.41,
,"Sat, Apr 25",13:40 ,B3st! Protein Salted Caramel,1,Procesado,60 gr,20 gr,20 gr,9 gr,11 gr,241 kcal,02:15,,,,,,,,,,,,,,,,,,,,,,,,,,,,,,,,,
,"Sat, Apr 25",17:35 ,Café,1,Infusión,0 gr,0 gr,0 gr,0 gr,0 gr,0 kcal,03:55,,,,,,,,,,,,,,,,,,,,,,,,,,,,,,,,,
,"Sat, Apr 25",17:35 ,"Leche, Protein",1,Lácteo,100 gr,5 gr,5 gr,0 gr,0 gr,37 kcal,,,,,,,,,,,,,,,,,,,,,,,,,,,,,,,,,,
,"Sat, Apr 25",17:35 ,Miel (1 cda),1,Carb,10 gr,0 gr,7 gr,0 gr,0 gr,28 kcal,,,,,,,,,,,,,,,,,,,,,,,,,,,,,,,,,,
,"Sat, Apr 25",17:35 ,"Dicomere, cacao amargo puro en polvo",0.1,Procesado,1 gr,0 gr,0 gr,0 gr,0 gr,3 kcal,,,,,,,,,,,,,,,,,,,,,,,,,,,,,,,,,,
,"Sat, Apr 25",17:35 ,Vainillas Bimbo,2,Carb,24 gr,2 gr,18 gr,1 gr,0 gr,90 kcal,,,,,,,,,,,,,,,,,,,,,,,,,,,,,,,,,,
,"Sat, Apr 25",17:35 ,"Chocolate, Águila 70% (1 barrita)",0.5,Carb,11 gr,1 gr,4 gr,4 gr,1 gr,59 kcal,,,,,,,,,,,,,,,,,,,,,,,,,,,,,0.13,1.46,,,4.41,
,"Sat, Apr 25",17:35 ,"Ceral, galletitas integrales (4 un)",1,Procesado,30 gr,3 gr,19 gr,1 gr,2 gr,97 kcal,,,,,,,,,,,,,,,,,,,,,,,,,,,,,,,,,,
,"Sat, Apr 25",17:35 ,Almendra (1),1.4,Fruto Seco,10 gr,2 gr,0 gr,5 gr,1 gr,56 kcal,,,,,,,,,,,,,,,,,,,,,,,,,,,,,0.94,3.83,,,5.24,
,"Sat, Apr 25",17:35 ,Nuez (1),3,Fruto Seco,12 gr,2 gr,1 gr,8 gr,1 gr,81 kcal,,,,,,,,,,,,,,,,,,,,,,,,,,,,0.77,3.90,1.68,,,7.66,
,"Sat, Apr 25",17:35 ,Pan Integral D&D,2,Grano,50 gr,4 gr,24 gr,1 gr,3 gr,116 kcal,,,,,,,,,,,,,,,,,,,,,,,,,,,,,,,,,,
,"Sat, Apr 25",17:35 ,Queso Unt. Finlandia Light,2,Lácteo,20 gr,2 gr,1 gr,3 gr,0 gr,38 kcal,,,,,,,,,,,,,,,,,,,,,,,,,,,,0.03,0.09,0.85,0.12,0.21,1.64,
,"Sat, Apr 25",17:35 ,Huevo,1,Proteína,65 gr,8 gr,0 gr,8 gr,0 gr,101 kcal,,,,,,,,,,,,,,,,,,,,,,,,,,,,0.15,1.23,2.91,,,7.67,
,"Sat, Apr 25",20:00 ,Banana,1,Fruta,88 gr,1 gr,20 gr,0 gr,2 gr,78 kcal,02:25,,,,,,,,,,,,,,,,,,,,,,,,,,,,,,,,,
,"Sat, Apr 25",20:00 ,Manzana,1,Fruta,198 gr,1 gr,38 gr,0 gr,6 gr,143 kcal,,,,,,,,,,,,,,,,,,,,,,,,,,,,,,,,,,
,"Sat, Apr 25",20:00 ,Creatina Monohidrato,0.1,Complemento,0 gr,0 gr,0 gr,0 gr,0 gr,0 kcal,,,,,,,,,,,,,,,,,,,,,,,,,,,,,,,,,,
,"Sat, Apr 25",20:00 ,"Leche, Protein",0.5,Lácteo,50 gr,2 gr,2 gr,0 gr,0 gr,19 kcal,,,,,,,,,,,,,,,,,,,,,,,,,,,,,,,,,,
,"Sat, Apr 25",23:00 ,Atún (1 lata),1,Proteína,120 gr,31 gr,0 gr,1 gr,0 gr,139 kcal,03:00,,,,,,,,,,,,,,,,,,,,,,,,,,,0.14,0.02,0.08,,,0.98,
,"Sat, Apr 25",23:00 ,Arroz Integral,1,Grano,40 gr,1 gr,9 gr,0 gr,1 gr,44 kcal,,,,,,,,,,,,,,,,,,,,,,,,,,,,,,,,,,
,"Sat, Apr 25",23:00 ,"Aceite de oliva El Gran Juicio (EV, 1 cda sop)",0.1,Grano,1 gr,0 gr,0 gr,1 gr,0 gr,11 kcal,,,,,,,,,,,,,,,,,,,,,,,,,,,,0.01,0.12,0.90,,,1.20,
,"Sat, Apr 25",23:00 ,Jardinera,0.5,Carb,117 gr,5 gr,15 gr,0 gr,4 gr,81 kcal,,,,,,,,,,,,,,,,,,,,,,,,,,,,,,,,,,
,"Sat, Apr 25",23:00 ,Maní King Tostado Sin Piel Sin Sodio (1 cda sop),1,Fruto Seco,15 gr,4 gr,2 gr,8 gr,1 gr,89 kcal,,,,,,,,,,,,,,,,,,,,,,,,,,,,,2.55,3.68,,,7.50,
,"Sat, Apr 25",23:55 ,Te,1,Infusión,0 gr,0 gr,0 gr,0 gr,0 gr,0 kcal,00:55,,,,,,,,,,,,,,,,,,,,,,,,,,,,,,,,,
,"Sat, Apr 25",23:55 ,Miel (1 cda),1,Carb,10 gr,0 gr,7 gr,0 gr,0 gr,28 kcal,,,,,,,,,,,,,,,,,,,,,,,,,,,,,,,,,,
,"Sat, Apr 25",23:55 ,"Leche, Protein",0.4,Lácteo,40 gr,2 gr,2 gr,0 gr,0 gr,15 kcal,,,,,,,,,,,,,,,,,,,,,,,,,,,,,,,,,,
,"Sat, Apr 25",23:55 ,Vainillas Bimbo,2,Carb,24 gr,2 gr,18 gr,1 gr,0 gr,90 kcal,,,,,,114 gr,269 gr,71 gr,37 gr,"2,137 kcal",1335 gr,,115 gr,100 gr,124 gr,35 gr,2000 kcal,1 gr,10 gr,21 gr,0 gr,0 gr,50 gr,0 gr,32 gr,51 gr,1:10,,,,,,,
,"Sun, Apr 26",11:30 ,Vitaminas,1,Complemento,0 gr,0 gr,0 gr,0 gr,0 gr,0 kcal,11:35,,,,,,,,,,,,,,,,,,,,,,,,,,,,,,,,,
,"Sun, Apr 26",11:30 ,"Ceral, galletitas integrales (4 un)",1,Procesado,34 gr,3 gr,22 gr,1 gr,3 gr,110 kcal,,,,,,,,,,,,,,,,,,,,,,,,,,,,,,,,,,
,"Sun, Apr 26",11:30 ,"Chocolate, Águila 70% (1 barrita)",0.5,Carb,11 gr,1 gr,4 gr,4 gr,1 gr,59 kcal,,,,,,,,,,,,,,,,,,,,,,,,,,,,,0.13,1.46,,,4.41,
,"Sun, Apr 26",11:30 ,Almendra (1),1,Fruto Seco,7 gr,1 gr,0 gr,4 gr,1 gr,40 kcal,,,,,,,,,,,,,,,,,,,,,,,,,,,,,0.67,2.73,,,3.75,
,"Sun, Apr 26",11:30 ,Nuez (1),1,Fruto Seco,5 gr,1 gr,1 gr,3 gr,0 gr,34 kcal,,,,,,,,,,,,,,,,,,,,,,,,,,,,0.32,1.63,0.70,,,3.19,
,"Sun, Apr 26",11:30 ,Café,1,Infusión,0 gr,0 gr,0 gr,0 gr,0 gr,0 kcal,,,,,,,,,,,,,,,,,,,,,,,,,,,,,,,,,,
,"Sun, Apr 26",11:30 ,Miel (1 cda),1,Carb,10 gr,0 gr,7 gr,0 gr,0 gr,28 kcal,,,,,,,,,,,,,,,,,,,,,,,,,,,,,,,,,,
,"Sun, Apr 26",11:30 ,"Leche, Protein",0.6,Lácteo,60 gr,3 gr,3 gr,0 gr,0 gr,22 kcal,,,,,,,,,,,,,,,,,,,,,,,,,,,,,,,,,,
,"Sun, Apr 26",11:30 ,Pan Integral D&D,2,Grano,50 gr,4 gr,24 gr,1 gr,3 gr,116 kcal,,,,,,,,,,,,,,,,,,,,,,,,,,,,,,,,,,
,"Sun, Apr 26",11:30 ,Queso Unt. Finlandia Light,2,Lácteo,20 gr,2 gr,1 gr,3 gr,0 gr,38 kcal,,,,,,,,,,,,,,,,,,,,,,,,,,,,0.03,0.09,0.85,0.12,0.21,1.64,
,"Sun, Apr 26",11:30 ,Huevo,1,Proteína,65 gr,8 gr,0 gr,8 gr,0 gr,101 kcal,,,,,,,,,,,,,,,,,,,,,,,,,,,,0.15,1.23,2.91,,,7.67,
,"Sun, Apr 26",15:00 ,Pollo (1 pechuga),0.5,Proteína,150 gr,43 gr,0 gr,5 gr,0 gr,227 kcal,03:30,,,,,,,,,,,,,,,,,,,,,,,,,,,0.05,0.96,1.92,,,4.80,
,"Sun, Apr 26",15:00 ,Zucchini,0.3,Verdura,85 gr,1 gr,3 gr,0 gr,1 gr,14 kcal,,,,,,,,,,,,,,,,,,,,,,,,,,,,,,,,,,
,"Sun, Apr 26",15:00 ,Tomate,1,Verdura,250 gr,2 gr,10 gr,1 gr,3 gr,45 kcal,,,,,,,,,,,,,,,,,,,,,,,,,,,,,,,,,,
,"Sun, Apr 26",15:00 ,Pan Integral D&D,2.2,Grano,55 gr,4 gr,26 gr,1 gr,3 gr,128 kcal,,,,,,,,,,,,,,,,,,,,,,,,,,,,,,,,,,
,"Sun, Apr 26",15:00 ,Queso Unt. Finlandia Light,2,Lácteo,20 gr,2 gr,1 gr,3 gr,0 gr,38 kcal,,,,,,,,,,,,,,,,,,,,,,,,,,,,0.03,0.09,0.85,0.12,0.21,1.64,
,"Sun, Apr 26",15:00 ,Arroz Integral,1,Grano,40 gr,1 gr,9 gr,0 gr,1 gr,44 kcal,,,,,,,,,,,,,,,,,,,,,,,,,,,,,,,,,,
,"Sun, Apr 26",15:00 ,Maní King Tostado Sin Piel Sin Sodio (1 cda sop),1.3,Fruto Seco,20 gr,5 gr,2 gr,10 gr,2 gr,116 kcal,,,,,,,,,,,,,,,,,,,,,,,,,,,,,3.32,4.78,,,9.75,
,"Sun, Apr 26",15:00 ,"Aceite de oliva El Gran Juicio (EV, 1 cda sop)",0.2,Grano,2 gr,0 gr,0 gr,2 gr,0 gr,22 kcal,,,,,,,,,,,,,,,,,,,,,,,,,,,,0.02,0.24,1.80,,,2.40,
,"Sun, Apr 26",15:00 ,Jardinera,0.5,Carb,138 gr,6 gr,18 gr,0 gr,5 gr,95 kcal,,,,,,,,,,,,,,,,,,,,,,,,,,,,,,,,,,
,"Sun, Apr 26",16:50 ,Banana,2,Fruta,215 gr,2 gr,49 gr,1 gr,6 gr,191 kcal,01:50,,,,,,,,,,,,,,,,,,,,,,,,,,,,,,,,,
,"Sun, Apr 26",16:50 ,Creatina Monohidrato,0.5,Complemento,0 gr,0 gr,0 gr,0 gr,0 gr,0 kcal,,,,,,,,,,,,,,,,,,,,,,,,,,,,,,,,,,
,"Sun, Apr 26",16:50 ,"Leche, Protein",1,Lácteo,100 gr,5 gr,5 gr,0 gr,0 gr,37 kcal,,,,,,,,,,,,,,,,,,,,,,,,,,,,,,,,,,
,"Sun, Apr 26",19:00 ,Pepas De Membrillo La Abuela,2,Procesado,30 gr,0 gr,19 gr,6 gr,2 gr,131 kcal,02:10,,,,,,,,,,,,,,,,,,,,,,,,,,,,,,,,,
,"Sun, Apr 26",23:15 ,Pizza de Jamón y Mozarella,2,Elaborado,178 gr,22 gr,32 gr,10 gr,2 gr,310 kcal,04:15,,,,,,,,,,,,,,,,,,,,,,,,,,,,,,,,,
,"Sun, Apr 26",23:15 ,Te,1,Infusión,0 gr,0 gr,0 gr,0 gr,0 gr,0 kcal,,,,,,,,,,,,,,,,,,,,,,,,,,,,,,,,,,
,"Sun, Apr 26",23:15 ,Miel (1 cda),1,Carb,10 gr,0 gr,7 gr,0 gr,0 gr,28 kcal,,,,,,,,,,,,,,,,,,,,,,,,,,,,,,,,,,
,"Sun, Apr 26",23:15 ,"Leche, Protein",0.4,Lácteo,40 gr,2 gr,2 gr,0 gr,0 gr,15 kcal,,,,,,,,,,,,,,,,,,,,,,,,,,,,,,,,,,
,"Sun, Apr 26",23:15 ,Whey Protein Bar Banana,1,Procesado,46 gr,15 gr,17 gr,7 gr,1 gr,176 kcal,,,,,,,,,,,,,,,,,,,,,,,,,,,,,,,,,,
,"Sun, Apr 26",23:15 ,"Ceral, galletitas integrales (4 un)",0.5,Procesado,15 gr,2 gr,10 gr,1 gr,1 gr,49 kcal,,,,,,134 gr,271 gr,71 gr,33 gr,"2,214 kcal",1655 gr,,115 gr,100 gr,124 gr,35 gr,2000 kcal,1 gr,8 gr,18 gr,0 gr,0 gr,39 gr,0 gr,27 gr,40 gr,1:8,,,,,,,
,"Mon, Apr 27",11:20 ,Vitaminas,1,Complemento,0 gr,0 gr,0 gr,0 gr,0 gr,0 kcal,12:05,,,,,,,,,,,,,,,,,,,,,,,,,,,,,,,,,
,"Mon, Apr 27",11:20 ,Café,1,Infusión,0 gr,0 gr,0 gr,0 gr,0 gr,0 kcal,,,,,,,,,,,,,,,,,,,,,,,,,,,,,,,,,,
,"Mon, Apr 27",11:20 ,Miel (1 cda),1,Carb,10 gr,0 gr,7 gr,0 gr,0 gr,28 kcal,,,,,,,,,,,,,,,,,,,,,,,,,,,,,,,,,,
,"Mon, Apr 27",11:20 ,"Leche, Protein",0.5,Lácteo,50 gr,2 gr,2 gr,0 gr,0 gr,19 kcal,,,,,,,,,,,,,,,,,,,,,,,,,,,,,,,,,,
,"Mon, Apr 27",11:20 ,Pan integral Fargo,2,Grano,59 gr,8 gr,24 gr,2 gr,3 gr,143 kcal,,,,,,,,,,,,,,,,,,,,,,,,,,,,,,,,,,
,"Mon, Apr 27",11:20 ,Queso Unt. Finlandia Light,2,Lácteo,20 gr,2 gr,1 gr,3 gr,0 gr,38 kcal,,,,,,,,,,,,,,,,,,,,,,,,,,,,0.03,0.09,0.85,0.12,0.21,1.64,
,"Mon, Apr 27",11:20 ,Huevo,1,Proteína,65 gr,8 gr,0 gr,8 gr,0 gr,101 kcal,,,,,,,,,,,,,,,,,,,,,,,,,,,,0.15,1.23,2.91,,,7.67,
,"Mon, Apr 27",11:20 ,"Ceral, galletitas integrales (4 un)",1.2,Procesado,36 gr,4 gr,23 gr,1 gr,3 gr,116 kcal,,,,,,,,,,,,,,,,,,,,,,,,,,,,,,,,,,
,"Mon, Apr 27",11:20 ,"Chocolate, Águila 70% (1 barrita)",0.5,Carb,9 gr,1 gr,3 gr,4 gr,1 gr,51 kcal,,,,,,,,,,,,,,,,,,,,,,,,,,,,,0.11,1.25,,,3.78,
,"Mon, Apr 27",11:20 ,Nuez (1),1.4,Fruto Seco,6 gr,1 gr,1 gr,4 gr,0 gr,38 kcal,,,,,,,,,,,,,,,,,,,,,,,,,,,,0.36,1.82,0.79,,,3.57,
,"Mon, Apr 27",11:20 ,Almendra (1),1.1,Fruto Seco,8 gr,1 gr,0 gr,4 gr,1 gr,44 kcal,,,,,,,,,,,,,,,,,,,,,,,,,,,,,0.74,3.01,,,4.12,
,"Mon, Apr 27",15:00 ,Pollo (1 pechuga),0.7,Proteína,217 gr,62 gr,0 gr,7 gr,0 gr,328 kcal,03:40,,,,,,,,,,,,,,,,,,,,,,,,,,,0.07,1.39,2.78,,,6.94,
,"Mon, Apr 27",15:00 ,Arroz Integral,1,Grano,40 gr,1 gr,9 gr,0 gr,1 gr,44 kcal,,,,,,,,,,,,,,,,,,,,,,,,,,,,,,,,,,
,"Mon, Apr 27",15:00 ,"Aceite de oliva El Gran Juicio (EV, 1 cda sop)",0.3,Grano,4 gr,0 gr,0 gr,4 gr,0 gr,32 kcal,,,,,,,,,,,,,,,,,,,,,,,,,,,,0.04,0.36,2.70,,,3.60,
,"Mon, Apr 27",15:00 ,Jardinera,0.6,Carb,117 gr,5 gr,15 gr,0 gr,4 gr,81 kcal,,,,,,,,,,,,,,,,,,,,,,,,,,,,,,,,,,
,"Mon, Apr 27",15:00 ,Pan integral Fargo,2,Grano,59 gr,8 gr,24 gr,2 gr,3 gr,143 kcal,,,,,,,,,,,,,,,,,,,,,,,,,,,,,,,,,,
,"Mon, Apr 27",15:00 ,Queso Unt. Finlandia Light,2,Lácteo,20 gr,2 gr,1 gr,3 gr,0 gr,38 kcal,,,,,,,,,,,,,,,,,,,,,,,,,,,,0.03,0.09,0.85,0.12,0.21,1.64,
,"Mon, Apr 27",15:00 ,Maní King Tostado Sin Piel Sin Sodio (1 cda sop),1,Fruto Seco,15 gr,4 gr,2 gr,8 gr,1 gr,89 kcal,,,,,,,,,,,,,,,,,,,,,,,,,,,,,2.55,3.68,,,7.50,
,"Mon, Apr 27",16:45 ,Café,1,Infusión,0 gr,0 gr,0 gr,0 gr,0 gr,0 kcal,01:45,,,,,,,,,,,,,,,,,,,,,,,,,,,,,,,,,
,"Mon, Apr 27",16:45 ,"Leche, Protein",1,Lácteo,100 gr,5 gr,5 gr,0 gr,0 gr,37 kcal,,,,,,,,,,,,,,,,,,,,,,,,,,,,,,,,,,
,"Mon, Apr 27",16:45 ,Miel (1 cda),1,Carb,10 gr,0 gr,7 gr,0 gr,0 gr,28 kcal,,,,,,,,,,,,,,,,,,,,,,,,,,,,,,,,,,
,"Mon, Apr 27",16:45 ,"Dicomere, cacao amargo puro en polvo",0.1,Procesado,1 gr,0 gr,0 gr,0 gr,0 gr,3 kcal,,,,,,,,,,,,,,,,,,,,,,,,,,,,,,,,,,
,"Mon, Apr 27",16:45 ,Power Pulver barra proteica,1,Procesado,60 gr,20 gr,32 gr,3 gr,0 gr,225 kcal,,,,,,,,,,,,,,,,,,,,,,,,,,,,,,,,,,
,"Mon, Apr 27",21:15 ,Banana,1,Fruta,150 gr,2 gr,35 gr,0 gr,4 gr,134 kcal,04:30,,,,,,,,,,,,,,,,,,,,,,,,,,,,,,,,,
,"Mon, Apr 27",21:15 ,Manzana,1,Fruta,201 gr,1 gr,38 gr,0 gr,6 gr,145 kcal,,,,,,,,,,,,,,,,,,,,,,,,,,,,,,,,,,
,"Mon, Apr 27",21:15 ,Creatina Monohidrato,0.5,Complemento,0 gr,0 gr,0 gr,0 gr,0 gr,0 kcal,,,,,,,,,,,,,,,,,,,,,,,,,,,,,,,,,,
,"Mon, Apr 27",21:15 ,"Leche, Protein",0.5,Lácteo,50 gr,2 gr,2 gr,0 gr,0 gr,19 kcal,,,,,,137 gr,232 gr,52 gr,28 gr,"1,923 kcal",1306 gr,,115 gr,100 gr,124 gr,35 gr,2000 kcal,1 gr,8 gr,19 gr,0 gr,0 gr,40 gr,0 gr,28 gr,41 gr,1:8,,,,,,,
,"Tue, Apr 28",8:35 ,Vitaminas,1,Complemento,0 gr,0 gr,0 gr,0 gr,0 gr,0 kcal,11:20,,,,,,,,,,,,,,,,,,,,,,,,,,,,,,,,,
,"Tue, Apr 28",8:35 ,Café,1,Infusión,0 gr,0 gr,0 gr,0 gr,0 gr,0 kcal,,,,,,,,,,,,,,,,,,,,,,,,,,,,,,,,,,
,"Tue, Apr 28",8:35 ,"Leche, Protein",0.5,Lácteo,50 gr,2 gr,2 gr,0 gr,0 gr,19 kcal,,,,,,,,,,,,,,,,,,,,,,,,,,,,,,,,,,
,"Tue, Apr 28",8:35 ,Miel (1 cda),1,Carb,10 gr,0 gr,7 gr,0 gr,0 gr,28 kcal,,,,,,,,,,,,,,,,,,,,,,,,,,,,,,,,,,
,"Tue, Apr 28",8:35 ,Pan integral Fargo,2,Grano,59 gr,8 gr,24 gr,2 gr,3 gr,143 kcal,,,,,,,,,,,,,,,,,,,,,,,,,,,,,,,,,,
,"Tue, Apr 28",8:35 ,Queso Unt. Finlandia Light,2,Lácteo,20 gr,2 gr,1 gr,3 gr,0 gr,38 kcal,,,,,,,,,,,,,,,,,,,,,,,,,,,,0.03,0.09,0.85,0.12,0.21,1.64,
,"Tue, Apr 28",8:35 ,Huevo,1,Proteína,65 gr,8 gr,0 gr,8 gr,0 gr,101 kcal,,,,,,,,,,,,,,,,,,,,,,,,,,,,0.15,1.23,2.91,,,7.67,
,"Tue, Apr 28",8:35 ,"Chocolate, Águila 70% (1 barrita)",0.5,Carb,11 gr,1 gr,4 gr,4 gr,1 gr,59 kcal,,,,,,,,,,,,,,,,,,,,,,,,,,,,,0.13,1.46,,,4.41,
,"Tue, Apr 28",8:35 ,"Limbus, cookies integrales (4 un)",1,Procesado,30 gr,4 gr,16 gr,3 gr,2 gr,113 kcal,,,,,,,,,,,,,,,,,,,,,,,,,,,,,,,,,,
,"Tue, Apr 28",14:30 ,Pollo (1 pechuga),0.5,Proteína,144 gr,41 gr,0 gr,5 gr,0 gr,217 kcal,05:55,,,,,,,,,,,,,,,,,,,,,,,,,,,0.05,0.92,1.84,,,4.61,
,"Tue, Apr 28",14:30 ,"Ensalada (lechuga, repollo b+m, zanahoria)",0.9,Verdura,108 gr,1 gr,5 gr,0 gr,2 gr,27 kcal,,,,,,,,,,,,,,,,,,,,,,,,,,,,,,,,,,
,"Tue, Apr 28",14:30 ,Rapiditas light,3,Carb,83 gr,8 gr,42 gr,4 gr,3 gr,234 kcal,,,,,,,,,,,,,,,,,,,,,,,,,,,,,,,,,,
,"Tue, Apr 28",14:30 ,Queso Unt. Finlandia Light,5,Lácteo,50 gr,5 gr,3 gr,7 gr,0 gr,95 kcal,,,,,,,,,,,,,,,,,,,,,,,,,,,,0.07,0.22,2.13,0.29,0.51,4.11,
,"Tue, Apr 28",14:30 ,"Aceite de oliva El Gran Juicio (EV, 1 cda sop)",0.3,Grano,4 gr,0 gr,0 gr,4 gr,0 gr,32 kcal,,,,,,,,,,,,,,,,,,,,,,,,,,,,0.04,0.36,2.70,,,3.60,
,"Tue, Apr 28",14:30 ,Tomate,0.3,Verdura,75 gr,1 gr,3 gr,0 gr,1 gr,14 kcal,,,,,,,,,,,,,,,,,,,,,,,,,,,,,,,,,,
,"Tue, Apr 28",16:25 ,Manzana,1,Fruta,212 gr,1 gr,40 gr,0 gr,6 gr,153 kcal,01:55,,,,,,,,,,,,,,,,,,,,,,,,,,,,,,,,,
,"Tue, Apr 28",16:25 ,Banana,1,Fruta,108 gr,1 gr,25 gr,0 gr,3 gr,96 kcal,,,,,,,,,,,,,,,,,,,,,,,,,,,,,,,,,,
,"Tue, Apr 28",16:25 ,"Leche, Protein",0.6,Lácteo,60 gr,3 gr,3 gr,0 gr,0 gr,22 kcal,,,,,,,,,,,,,,,,,,,,,,,,,,,,,,,,,,
,"Tue, Apr 28",16:25 ,Creatina Monohidrato,0.5,Complemento,0 gr,0 gr,0 gr,0 gr,0 gr,0 kcal,,,,,,,,,,,,,,,,,,,,,,,,,,,,,,,,,,
,"Tue, Apr 28",18:10 ,Café,1,Infusión,0 gr,0 gr,0 gr,0 gr,0 gr,0 kcal,01:45,,,,,,,,,,,,,,,,,,,,,,,,,,,,,,,,,
,"Tue, Apr 28",18:10 ,"Leche, Protein",1,Lácteo,100 gr,5 gr,5 gr,0 gr,0 gr,37 kcal,,,,,,,,,,,,,,,,,,,,,,,,,,,,,,,,,,
,"Tue, Apr 28",18:10 ,Miel (1 cda),1,Carb,10 gr,0 gr,7 gr,0 gr,0 gr,28 kcal,,,,,,,,,,,,,,,,,,,,,,,,,,,,,,,,,,
,"Tue, Apr 28",18:10 ,Power Boost Protein Bar Pistacho,1,Procesado,46 gr,15 gr,15 gr,4 gr,2 gr,152 kcal,,,,,,,,,,,,,,,,,,,,,,,,,,,,,,,,,,
,"Tue, Apr 28",21:20 ,Atún (1 lata),1,Proteína,120 gr,31 gr,0 gr,1 gr,0 gr,139 kcal,03:10,,,,,,,,,,,,,,,,,,,,,,,,,,,0.14,0.02,0.08,,,0.98,
,"Tue, Apr 28",21:20 ,Huevo,1,Proteína,65 gr,8 gr,0 gr,8 gr,0 gr,101 kcal,,,,,,,,,,,,,,,,,,,,,,,,,,,,0.15,1.23,2.91,,,7.67,
,"Tue, Apr 28",21:20 ,Pan integral Fargo,3,Grano,89 gr,12 gr,36 gr,3 gr,5 gr,215 kcal,,,,,,,,,,,,,,,,,,,,,,,,,,,,,,,,,,
,"Tue, Apr 28",21:20 ,Pasta de maní King natural,1,Fruto Seco,15 gr,4 gr,2 gr,7 gr,1 gr,88 kcal,,,,,,,,,,,,,,,,,,,,,,,,,,,,,2.50,3.60,,,7.35,
,"Tue, Apr 28",21:20 ,Queso Unt. Finlandia Light,5,Lácteo,50 gr,5 gr,3 gr,7 gr,0 gr,95 kcal,,,,,,,,,,,,,,,,,,,,,,,,,,,,0.07,0.22,2.13,0.29,0.51,4.11,
,"Tue, Apr 28",21:55 ,Te,1,Infusión,0 gr,0 gr,0 gr,0 gr,0 gr,0 kcal,00:35,,,,,,,,,,,,,,,,,,,,,,,,,,,,,,,,,
,"Tue, Apr 28",21:55 ,Miel (1 cda),1,Carb,10 gr,0 gr,7 gr,0 gr,0 gr,28 kcal,,,,,,162 gr,249 gr,70 gr,28 gr,"2,274 kcal",1592 gr,,115 gr,100 gr,124 gr,35 gr,2000 kcal,1 gr,7 gr,21 gr,1 gr,1 gr,46 gr,0 gr,28 gr,48 gr,1:7,,,,,,,
,"Wed, Apr 29",11:10 ,Vitaminas,1,Complemento,0 gr,0 gr,0 gr,0 gr,0 gr,0 kcal,13:15,,,,,,,,,,,,,,,,,,,,,,,,,,,,,,,,,
,"Wed, Apr 29",11:10 ,Café,1,Infusión,0 gr,0 gr,0 gr,0 gr,0 gr,0 kcal,,,,,,,,,,,,,,,,,,,,,,,,,,,,,,,,,,
,"Wed, Apr 29",11:10 ,"Leche, Protein",0.5,Lácteo,50 gr,2 gr,2 gr,0 gr,0 gr,19 kcal,,,,,,,,,,,,,,,,,,,,,,,,,,,,,,,,,,
,"Wed, Apr 29",11:10 ,Miel (1 cda),1,Carb,10 gr,0 gr,7 gr,0 gr,0 gr,28 kcal,,,,,,,,,,,,,,,,,,,,,,,,,,,,,,,,,,
,"Wed, Apr 29",11:10 ,Pan integral Fargo,2,Grano,59 gr,8 gr,24 gr,2 gr,3 gr,143 kcal,,,,,,,,,,,,,,,,,,,,,,,,,,,,,,,,,,
,"Wed, Apr 29",11:10 ,Queso Unt. Finlandia Light,2,Lácteo,20 gr,2 gr,1 gr,3 gr,0 gr,38 kcal,,,,,,,,,,,,,,,,,,,,,,,,,,,,0.03,0.09,0.85,0.12,0.21,1.64,
,"Wed, Apr 29",11:10 ,Palta,0.2,Fruta,38 gr,1 gr,3 gr,6 gr,3 gr,61 kcal,,,,,,,,,,,,,,,,,,,,,,,,,,,,0.06,0.78,3.96,,,5.57,
,"Wed, Apr 29",11:10 ,Huevo,1,Proteína,65 gr,8 gr,0 gr,8 gr,0 gr,101 kcal,,,,,,,,,,,,,,,,,,,,,,,,,,,,0.15,1.23,2.91,,,7.67,
,"Wed, Apr 29",11:10 ,"Aceite de oliva El Gran Juicio (EV, 1 cda sop)",0.1,Grano,1 gr,0 gr,0 gr,1 gr,0 gr,11 kcal,,,,,,,,,,,,,,,,,,,,,,,,,,,,0.01,0.12,0.90,,,1.20,
,"Wed, Apr 29",11:10 ,"Limbus, cookies integrales (4 un)",1,Procesado,30 gr,4 gr,16 gr,3 gr,2 gr,113 kcal,,,,,,,,,,,,,,,,,,,,,,,,,,,,,,,,,,
,"Wed, Apr 29",11:10 ,"Chocolate, Águila 70% (1 barrita)",0.45,Carb,9 gr,1 gr,4 gr,4 gr,1 gr,53 kcal,,,,,,,,,,,,,,,,,,,,,,,,,,,,,0.12,1.31,,,3.97,
,"Wed, Apr 29",15:30 ,Pollo (1 pechuga),0.35,Proteína,100 gr,29 gr,0 gr,3 gr,0 gr,151 kcal,04:20,,,,,,,,,,,,,,,,,,,,,,,,,,,0.03,0.64,1.28,,,3.20,
,"Wed, Apr 29",15:30 ,"Aceite de oliva El Gran Juicio (EV, 1 cda sop)",0.4,Grano,5 gr,0 gr,0 gr,5 gr,0 gr,43 kcal,,,,,,,,,,,,,,,,,,,,,,,,,,,,0.05,0.48,3.60,,,4.80,
,"Wed, Apr 29",15:30 ,"Ensalada (lechuga, repollo b+m, zanahoria)",0.85,Verdura,102 gr,1 gr,4 gr,0 gr,2 gr,26 kcal,,,,,,,,,,,,,,,,,,,,,,,,,,,,,,,,,,
,"Wed, Apr 29",15:30 ,Queso Unt. Finlandia Light,4,Lácteo,40 gr,4 gr,2 gr,6 gr,0 gr,76 kcal,,,,,,,,,,,,,,,,,,,,,,,,,,,,0.06,0.18,1.70,0.23,0.41,3.29,
,"Wed, Apr 29",15:30 ,Rapiditas light,3,Carb,83 gr,8 gr,42 gr,4 gr,3 gr,234 kcal,,,,,,,,,,,,,,,,,,,,,,,,,,,,,,,,,,
,"Wed, Apr 29",15:30 ,Huevo,1,Proteína,65 gr,8 gr,0 gr,8 gr,0 gr,101 kcal,,,,,,,,,,,,,,,,,,,,,,,,,,,,0.15,1.23,2.91,,,7.67,
,"Wed, Apr 29",17:45 ,Manzana,1,Fruta,205 gr,1 gr,39 gr,0 gr,6 gr,148 kcal,02:15,,,,,,,,,,,,,,,,,,,,,,,,,,,,,,,,,
,"Wed, Apr 29",17:45 ,Banana,1,Fruta,107 gr,1 gr,25 gr,0 gr,3 gr,95 kcal,,,,,,,,,,,,,,,,,,,,,,,,,,,,,,,,,,
,"Wed, Apr 29",17:45 ,"Leche, Protein",0.6,Lácteo,60 gr,3 gr,3 gr,0 gr,0 gr,22 kcal,,,,,,,,,,,,,,,,,,,,,,,,,,,,,,,,,,
,"Wed, Apr 29",17:45 ,Creatina Monohidrato,0.5,Complemento,0 gr,0 gr,0 gr,0 gr,0 gr,0 kcal,,,,,,,,,,,,,,,,,,,,,,,,,,,,,,,,,,
,"Wed, Apr 29",19:50 ,Café,1,Infusión,0 gr,0 gr,0 gr,0 gr,0 gr,0 kcal,02:05,,,,,,,,,,,,,,,,,,,,,,,,,,,,,,,,,
,"Wed, Apr 29",19:50 ,"Leche, Protein",1,Lácteo,100 gr,5 gr,5 gr,0 gr,0 gr,37 kcal,,,,,,,,,,,,,,,,,,,,,,,,,,,,,,,,,,
,"Wed, Apr 29",19:50 ,Miel (1 cda),1,Carb,10 gr,0 gr,7 gr,0 gr,0 gr,28 kcal,,,,,,,,,,,,,,,,,,,,,,,,,,,,,,,,,,
,"Wed, Apr 29",19:50 ,Growsbar cookies & cream,1,Procesado,46 gr,14 gr,20 gr,6 gr,1 gr,186 kcal,,,,,,,,,,,,,,,,,,,,,,,,,,,,,,,,,,
,"Wed, Apr 29",19:50 ,Nuez (1),1,Fruto Seco,5 gr,1 gr,1 gr,3 gr,0 gr,34 kcal,,,,,,,,,,,,,,,,,,,,,,,,,,,,0.32,1.63,0.70,,,3.19,
,"Wed, Apr 29",19:50 ,Almendra (1),1,Fruto Seco,8 gr,2 gr,0 gr,4 gr,1 gr,46 kcal,,,,,,,,,,,,,,,,,,,,,,,,,,,,,0.77,3.12,,,4.28,
,"Wed, Apr 29",22:40 ,Yogurt Griego Yogusísimo (140g),1,Lácteo,140 gr,9 gr,12 gr,4 gr,0 gr,115 kcal,02:50,,,,,,,,,,,,,,,,,,,,,,,,,,,,,,,,,
,"Wed, Apr 29",22:40 ,Avena Granix Instnatánea (2 cdas),1,Grano,30 gr,4 gr,18 gr,2 gr,3 gr,107 kcal,,,,,,,,,,,,,,,,,,,,,,,,,,,,,,,,,,
,"Wed, Apr 29",22:40 ,"Limbus, cookies integrales (4 un)",1,Procesado,30 gr,4 gr,16 gr,3 gr,2 gr,113 kcal,,,,,,,,,,,,,,,,,,,,,,,,,,,,,,,,,,
,"Wed, Apr 29",23:10 ,Te,1,Infusión,0 gr,0 gr,0 gr,0 gr,0 gr,0 kcal,00:30,,,,,,,,,,,,,,,,,,,,,,,,,,,,,,,,,
,"Wed, Apr 29",23:10 ,Miel (1 cda),1,Carb,10 gr,0 gr,7 gr,0 gr,0 gr,28 kcal,,,,,,,,,,,,,,,,,,,,,,,,,,,,,,,,,,
,"Wed, Apr 29",23:10 ,"Leche, Protein",0.4,Lácteo,40 gr,2 gr,2 gr,0 gr,0 gr,15 kcal,,,,,,117 gr,259 gr,75 gr,28 gr,"2,171 kcal",1468 gr,,115 gr,100 gr,124 gr,35 gr,2000 kcal,1 gr,7 gr,23 gr,0 gr,1 gr,46 gr,0 gr,31 gr,47 gr,1:7,,,,,,,
,"Thu, Apr 30",8:35 ,Vitaminas,1,Complemento,0 gr,0 gr,0 gr,0 gr,0 gr,0 kcal,09:25,,,,,,,,,,,,,,,,,,,,,,,,,,,,,,,,,
,"Thu, Apr 30",8:35 ,Café,1,Infusión,0 gr,0 gr,0 gr,0 gr,0 gr,0 kcal,,,,,,,,,,,,,,,,,,,,,,,,,,,,,,,,,,
,"Thu, Apr 30",8:35 ,"Leche, Protein",0.5,Lácteo,50 gr,2 gr,2 gr,0 gr,0 gr,19 kcal,,,,,,,,,,,,,,,,,,,,,,,,,,,,,,,,,,
,"Thu, Apr 30",8:35 ,Pan de Salvado Fargo,2,Grano,78 gr,8 gr,32 gr,3 gr,4 gr,190 kcal,,,,,,,,,,,,,,,,,,,,,,,,,,,,,,,,,,
,"Thu, Apr 30",8:35 ,Queso Unt. Finlandia Light,2,Lácteo,20 gr,2 gr,1 gr,3 gr,0 gr,38 kcal,,,,,,,,,,,,,,,,,,,,,,,,,,,,0.03,0.09,0.85,0.12,0.21,1.64,
,"Thu, Apr 30",8:35 ,Palta,0.2,Fruta,32 gr,1 gr,3 gr,5 gr,2 gr,51 kcal,,,,,,,,,,,,,,,,,,,,,,,,,,,,0.05,0.66,3.33,,,4.69,
,"Thu, Apr 30",8:35 ,Huevo,1,Proteína,65 gr,8 gr,0 gr,8 gr,0 gr,101 kcal,,,,,,,,,,,,,,,,,,,,,,,,,,,,0.15,1.23,2.91,,,7.67,
,"Thu, Apr 30",12:15 ,Pollo (1 pechuga),0.6,Proteína,180 gr,51 gr,0 gr,6 gr,0 gr,272 kcal,03:40,,,,,,,,,,,,,,,,,,,,,,,,,,,0.06,1.15,2.30,,,5.76,
,"Thu, Apr 30",12:15 ,"Ensalada (lechuga, repollo b+m, zanahoria)",0.5,Verdura,53 gr,1 gr,2 gr,0 gr,1 gr,13 kcal,,,,,,,,,,,,,,,,,,,,,,,,,,,,,,,,,,
,"Thu, Apr 30",12:15 ,Tomate,1,Verdura,84 gr,1 gr,3 gr,0 gr,1 gr,15 kcal,,,,,,,,,,,,,,,,,,,,,,,,,,,,,,,,,,
,"Thu, Apr 30",12:15 ,Pan Integral D&D,2,Grano,50 gr,4 gr,24 gr,1 gr,3 gr,116 kcal,,,,,,,,,,,,,,,,,,,,,,,,,,,,,,,,,,
,"Thu, Apr 30",12:15 ,Queso Unt. Finlandia Light,4,Lácteo,40 gr,4 gr,2 gr,6 gr,0 gr,76 kcal,,,,,,,,,,,,,,,,,,,,,,,,,,,,0.06,0.18,1.70,0.23,0.41,3.29,
,"Thu, Apr 30",12:15 ,"Aceite de oliva El Gran Juicio (EV, 1 cda sop)",0.35,Grano,4 gr,0 gr,0 gr,4 gr,0 gr,38 kcal,,,,,,,,,,,,,,,,,,,,,,,,,,,,0.04,0.42,3.15,,,4.20,
,"Thu, Apr 30",12:15 ,Jardinera,0.5,Carb,134 gr,5 gr,17 gr,0 gr,5 gr,92 kcal,,,,,,,,,,,,,,,,,,,,,,,,,,,,,,,,,,
,"Thu, Apr 30",15:00 ,Manzana,1,Fruta,172 gr,1 gr,33 gr,0 gr,5 gr,124 kcal,02:45,,,,,,,,,,,,,,,,,,,,,,,,,,,,,,,,,
,"Thu, Apr 30",15:00 ,Banana,1,Fruta,127 gr,1 gr,29 gr,0 gr,3 gr,113 kcal,,,,,,,,,,,,,,,,,,,,,,,,,,,,,,,,,,
,"Thu, Apr 30",15:00 ,Creatina Monohidrato,0.5,Complemento,0 gr,0 gr,0 gr,0 gr,0 gr,0 kcal,,,,,,,,,,,,,,,,,,,,,,,,,,,,,,,,,,
,"Thu, Apr 30",15:00 ,"Leche, Protein",0.5,Lácteo,50 gr,2 gr,2 gr,0 gr,0 gr,19 kcal,,,,,,,,,,,,,,,,,,,,,,,,,,,,,,,,,,
,"Thu, Apr 30",18:35 ,Café,1,Infusión,0 gr,0 gr,0 gr,0 gr,0 gr,0 kcal,03:35,,,,,,,,,,,,,,,,,,,,,,,,,,,,,,,,,
,"Thu, Apr 30",18:35 ,"Leche, Protein",1,Lácteo,100 gr,5 gr,5 gr,0 gr,0 gr,37 kcal,,,,,,,,,,,,,,,,,,,,,,,,,,,,,,,,,,
,"Thu, Apr 30",18:35 ,Miel (1 cda),1,Carb,10 gr,0 gr,7 gr,0 gr,0 gr,28 kcal,,,,,,,,,,,,,,,,,,,,,,,,,,,,,,,,,,
,"Thu, Apr 30",18:35 ,Power Boost Protein Bar Pistacho,1,Procesado,46 gr,15 gr,15 gr,4 gr,2 gr,152 kcal,,,,,,,,,,,,,,,,,,,,,,,,,,,,,,,,,,
,"Thu, Apr 30",23:30 ,Pollo (1 pechuga),0.32,Proteína,96 gr,27 gr,0 gr,3 gr,0 gr,145 kcal,04:55,,,,,,,,,,,,,,,,,,,,,,,,,,,0.03,0.61,1.23,,,3.07,
,"Thu, Apr 30",23:30 ,Tomate,1,Verdura,88 gr,1 gr,3 gr,0 gr,1 gr,16 kcal,,,,,,,,,,,,,,,,,,,,,,,,,,,,,,,,,,
,"Thu, Apr 30",23:30 ,Pan Integral D&D,2,Grano,50 gr,4 gr,24 gr,1 gr,3 gr,116 kcal,,,,,,,,,,,,,,,,,,,,,,,,,,,,,,,,,,
,"Thu, Apr 30",23:30 ,Queso Unt. Finlandia Light,2,Lácteo,20 gr,2 gr,1 gr,3 gr,0 gr,38 kcal,,,,,,,,,,,,,,,,,,,,,,,,,,,,0.03,0.09,0.85,0.12,0.21,1.64,
,"Thu, Apr 30",23:59 ,Te,1,Infusión,0 gr,0 gr,0 gr,0 gr,0 gr,0 kcal,00:29,,,,,,,,,,,,,,,,,,,,,,,,,,,,,,,,,
,"Thu, Apr 30",23:59 ,Miel (1 cda),1,Carb,10 gr,0 gr,7 gr,0 gr,0 gr,28 kcal,,,,,,,,,,,,,,,,,,,,,,,,,,,,,,,,,,
,"Thu, Apr 30",23:59 ,"Galletas de avena, Cholex v1",2,Carb,60 gr,9 gr,21 gr,13 gr,4 gr,220 kcal,,,,,,,,,,,,,,,,,,,,,,,,,,,,,,,,,,
,"Thu, Apr 30",23:59 ,"Leche, Protein",0.4,Lácteo,40 gr,2 gr,2 gr,0 gr,0 gr,15 kcal,,,,,,155 gr,237 gr,60 gr,34 gr,"2,071 kcal",1659 gr,,115 gr,100 gr,124 gr,35 gr,2000 kcal,0 gr,4 gr,16 gr,0 gr,1 gr,32 gr,0 gr,21 gr,33 gr,0:4,,,,,,,
,"Fri, May 1",10:20 ,Vitaminas,1,Complemento,0 gr,0 gr,0 gr,0 gr,0 gr,0 kcal,10:21,,,,,,,,,,,,,,,,,,,,,,,,,,,,,,,,,
,"Fri, May 1",10:20 ,Café,1,Infusión,0 gr,0 gr,0 gr,0 gr,0 gr,0 kcal,,,,,,,,,,,,,,,,,,,,,,,,,,,,,,,,,,
,"Fri, May 1",10:20 ,"Leche, Protein",0.5,Lácteo,50 gr,2 gr,2 gr,0 gr,0 gr,19 kcal,,,,,,,,,,,,,,,,,,,,,,,,,,,,,,,,,,
,"Fri, May 1",10:20 ,Miel (1 cda),1,Carb,10 gr,0 gr,7 gr,0 gr,0 gr,28 kcal,,,,,,,,,,,,,,,,,,,,,,,,,,,,,,,,,,
,"Fri, May 1",10:20 ,Pan Integral D&D,2,Grano,50 gr,4 gr,24 gr,1 gr,3 gr,116 kcal,,,,,,,,,,,,,,,,,,,,,,,,,,,,,,,,,,
,"Fri, May 1",10:20 ,Palta,0.1,Fruta,22 gr,0 gr,2 gr,3 gr,1 gr,35 kcal,,,,,,,,,,,,,,,,,,,,,,,,,,,,0.03,0.45,2.29,,,3.23,
,"Fri, May 1",10:20 ,Queso Unt. Casancrem Light sin sal,2,Lácteo,20 gr,2 gr,2 gr,1 gr,0 gr,24 kcal,,,,,,,,,,,,,,,,,,,,,,,,,,,,0.01,0.03,0.33,0.05,0.08,0.63,
,"Fri, May 1",10:20 ,Huevo,1,Proteína,65 gr,8 gr,0 gr,8 gr,0 gr,101 kcal,,,,,,,,,,,,,,,,,,,,,,,,,,,,0.15,1.23,2.91,,,7.67,
,"Fri, May 1",10:20 ,"Galletas de avena, Cholex v1",2,Carb,60 gr,9 gr,21 gr,13 gr,4 gr,220 kcal,,,,,,,,,,,,,,,,,,,,,,,,,,,,,,,,,,
,"Fri, May 1",14:20 ,"Vaca, cuadril",1.6,Proteína,160 gr,35 gr,0 gr,11 gr,0 gr,240 kcal,04:00,,,,,,,,,,,,,,,,,,,,,,,,,,,0.11,0.45,4.70,,,5.60,
,"Fri, May 1",14:20 ,Arroz Integral,1,Grano,40 gr,1 gr,9 gr,0 gr,1 gr,44 kcal,,,,,,,,,,,,,,,,,,,,,,,,,,,,,,,,,,
,"Fri, May 1",14:20 ,Jardinera,0.6,Carb,123 gr,5 gr,16 gr,0 gr,4 gr,85 kcal,,,,,,,,,,,,,,,,,,,,,,,,,,,,,,,,,,
,"Fri, May 1",14:20 ,Pan Integral D&D,2,Grano,50 gr,4 gr,24 gr,1 gr,3 gr,116 kcal,,,,,,,,,,,,,,,,,,,,,,,,,,,,,,,,,,
,"Fri, May 1",14:20 ,Queso Unt. Casancrem Light sin sal,2,Lácteo,20 gr,2 gr,2 gr,1 gr,0 gr,24 kcal,,,,,,,,,,,,,,,,,,,,,,,,,,,,0.01,0.03,0.33,0.05,0.08,0.63,
,"Fri, May 1",14:20 ,"Aceite de oliva El Gran Juicio (EV, 1 cda sop)",0.1,Grano,1 gr,0 gr,0 gr,1 gr,0 gr,11 kcal,,,,,,,,,,,,,,,,,,,,,,,,,,,,0.01,0.12,0.90,,,1.20,
,"Fri, May 1",15:55 ,Manzana,1,Fruta,189 gr,1 gr,36 gr,0 gr,6 gr,136 kcal,01:35,,,,,,,,,,,,,,,,,,,,,,,,,,,,,,,,,
,"Fri, May 1",15:55 ,Banana,1,Fruta,115 gr,1 gr,26 gr,0 gr,3 gr,102 kcal,,,,,,,,,,,,,,,,,,,,,,,,,,,,,,,,,,
,"Fri, May 1",15:55 ,Creatina Monohidrato,0.5,Complemento,0 gr,0 gr,0 gr,0 gr,0 gr,0 kcal,,,,,,,,,,,,,,,,,,,,,,,,,,,,,,,,,,
,"Fri, May 1",15:55 ,"Leche, Protein",0.5,Lácteo,50 gr,2 gr,2 gr,0 gr,0 gr,19 kcal,,,,,,,,,,,,,,,,,,,,,,,,,,,,,,,,,,
,"Fri, May 1",19:25 ,Café,1,Infusión,0 gr,0 gr,0 gr,0 gr,0 gr,0 kcal,03:30,,,,,,,,,,,,,,,,,,,,,,,,,,,,,,,,,
,"Fri, May 1",19:25 ,"Leche, Protein",1,Lácteo,100 gr,5 gr,5 gr,0 gr,0 gr,37 kcal,,,,,,,,,,,,,,,,,,,,,,,,,,,,,,,,,,
,"Fri, May 1",19:25 ,Miel (1 cda),1,Carb,10 gr,0 gr,7 gr,0 gr,0 gr,28 kcal,,,,,,,,,,,,,,,,,,,,,,,,,,,,,,,,,,
,"Fri, May 1",19:25 ,"Galletas de avena, Cholex v1",1,Carb,36 gr,5 gr,13 gr,8 gr,3 gr,132 kcal,,,,,,,,,,,,,,,,,,,,,,,,,,,,,,,,,,
,"Fri, May 1",19:25 ,Growsbar cookies & cream,1,Procesado,46 gr,14 gr,20 gr,6 gr,1 gr,186 kcal,,,,,,,,,,,,,,,,,,,,,,,,,,,,,,,,,,
,"Fri, May 1",22:45 ,Atún (1 lata),1,Proteína,120 gr,31 gr,0 gr,1 gr,0 gr,139 kcal,03:20,,,,,,,,,,,,,,,,,,,,,,,,,,,0.14,0.02,0.08,,,0.98,
,"Fri, May 1",22:45 ,Huevo,1,Proteína,65 gr,8 gr,0 gr,8 gr,0 gr,101 kcal,,,,,,,,,,,,,,,,,,,,,,,,,,,,0.15,1.23,2.91,,,7.67,
,"Fri, May 1",22:45 ,Queso Unt. Casancrem Light sin sal,5,Lácteo,50 gr,4 gr,5 gr,3 gr,0 gr,60 kcal,,,,,,,,,,,,,,,,,,,,,,,,,,,,0.03,0.09,0.82,0.11,0.20,1.59,
,"Fri, May 1",22:45 ,Pan Integral D&D,3,Grano,75 gr,6 gr,36 gr,2 gr,4 gr,174 kcal,,,,,,,,,,,,,,,,,,,,,,,,,,,,,,,,,,
,"Fri, May 1",22:45 ,"Aceite de oliva El Gran Juicio (EV, 1 cda sop)",0.1,Grano,1 gr,0 gr,0 gr,1 gr,0 gr,11 kcal,,,,,,,,,,,,,,,,,,,,,,,,,,,,0.01,0.12,0.90,,,1.20,
,"Fri, May 1",23:10 ,Te,1,Infusión,0 gr,0 gr,0 gr,0 gr,0 gr,0 kcal,00:25,,,,,,,,,,,,,,,,,,,,,,,,,,,,,,,,,
,"Fri, May 1",23:10 ,Miel (1 cda),1,Carb,10 gr,0 gr,7 gr,0 gr,0 gr,28 kcal,,,,,,,,,,,,,,,,,,,,,,,,,,,,,,,,,,
,"Fri, May 1",23:10 ,"Galletas de avena, Cholex v1",1,Carb,42 gr,6 gr,15 gr,9 gr,3 gr,154 kcal,,,,,,155 gr,281 gr,79 gr,35 gr,"2,370 kcal",1580 gr,,115 gr,100 gr,124 gr,35 gr,2000 kcal,1 gr,4 gr,16 gr,0 gr,0 gr,30 gr,0 gr,21 gr,31 gr,1:4,,,,,,,
,"Sat, May 2",9:10 ,Vitaminas,1,Complemento,0 gr,0 gr,0 gr,0 gr,0 gr,0 kcal,10:00,,,,,,,,,,,,,,,,,,,,,,,,,,,,,,,,,
,"Sat, May 2",9:10 ,Café,1,Infusión,0 gr,0 gr,0 gr,0 gr,0 gr,0 kcal,,,,,,,,,,,,,,,,,,,,,,,,,,,,,,,,,,
,"Sat, May 2",9:10 ,Miel (1 cda),1,Carb,10 gr,0 gr,7 gr,0 gr,0 gr,28 kcal,,,,,,,,,,,,,,,,,,,,,,,,,,,,,,,,,,
,"Sat, May 2",9:10 ,"Leche, Protein",0.5,Lácteo,50 gr,2 gr,2 gr,0 gr,0 gr,19 kcal,,,,,,,,,,,,,,,,,,,,,,,,,,,,,,,,,,
,"Sat, May 2",9:10 ,"Galletas de avena, Cholex v1",1,Carb,46 gr,7 gr,16 gr,10 gr,3 gr,169 kcal,,,,,,,,,,,,,,,,,,,,,,,,,,,,,,,,,,
,"Sat, May 2",9:10 ,Pan Integral D&D,3,Grano,75 gr,6 gr,36 gr,2 gr,4 gr,174 kcal,,,,,,,,,,,,,,,,,,,,,,,,,,,,,,,,,,
,"Sat, May 2",9:10 ,Queso Unt. Casancrem Light sin sal,3,Lácteo,30 gr,2 gr,3 gr,2 gr,0 gr,36 kcal,,,,,,,,,,,,,,,,,,,,,,,,,,,,0.02,0.05,0.49,0.07,0.12,0.95,
,"Sat, May 2",9:10 ,Huevo,1.7,Proteína,111 gr,13 gr,0 gr,13 gr,0 gr,172 kcal,,,,,,,,,,,,,,,,,,,,,,,,,,,,0.26,2.09,4.95,,,13.04,
,"Sat, May 2",13:40 ,Arroz Integral,1,Grano,40 gr,1 gr,9 gr,0 gr,1 gr,44 kcal,04:30,,,,,,,,,,,,,,,,,,,,,,,,,,,,,,,,,
,"Sat, May 2",13:40 ,Pollo (1 pechuga),0.6,Proteína,180 gr,51 gr,0 gr,6 gr,0 gr,272 kcal,,,,,,,,,,,,,,,,,,,,,,,,,,,,0.06,1.15,2.30,,,5.76,
,"Sat, May 2",13:40 ,Jardinera,0.7,Carb,137 gr,6 gr,18 gr,0 gr,5 gr,94 kcal,,,,,,,,,,,,,,,,,,,,,,,,,,,,,,,,,,
,"Sat, May 2",13:40 ,"Aceite de oliva El Gran Juicio (EV, 1 cda sop)",0.2,Grano,2 gr,0 gr,0 gr,2 gr,0 gr,22 kcal,,,,,,,,,,,,,,,,,,,,,,,,,,,,0.02,0.24,1.80,,,2.40,
,"Sat, May 2",13:40 ,Pan Integral D&D,2,Grano,50 gr,4 gr,24 gr,1 gr,3 gr,116 kcal,,,,,,,,,,,,,,,,,,,,,,,,,,,,,,,,,,
,"Sat, May 2",13:40 ,Queso Unt. Casancrem Light sin sal,2,Lácteo,20 gr,2 gr,2 gr,1 gr,0 gr,24 kcal,,,,,,,,,,,,,,,,,,,,,,,,,,,,0.01,0.03,0.33,0.05,0.08,0.63,
,"Sat, May 2",16:00 ,Café,1,Infusión,0 gr,0 gr,0 gr,0 gr,0 gr,0 kcal,02:20,,,,,,,,,,,,,,,,,,,,,,,,,,,,,,,,,
,"Sat, May 2",16:00 ,Miel (1 cda),1,Carb,10 gr,0 gr,7 gr,0 gr,0 gr,28 kcal,,,,,,,,,,,,,,,,,,,,,,,,,,,,,,,,,,
,"Sat, May 2",16:00 ,"Dicomere, cacao amargo puro en polvo",0.1,Procesado,1 gr,0 gr,0 gr,0 gr,0 gr,3 kcal,,,,,,,,,,,,,,,,,,,,,,,,,,,,,,,,,,
,"Sat, May 2",16:00 ,"Leche, Protein",1,Lácteo,100 gr,5 gr,5 gr,0 gr,0 gr,37 kcal,,,,,,,,,,,,,,,,,,,,,,,,,,,,,,,,,,
,"Sat, May 2",16:00 ,"Galletas de avena, Cholex v1",2,Carb,60 gr,9 gr,21 gr,13 gr,4 gr,220 kcal,,,,,,,,,,,,,,,,,,,,,,,,,,,,,,,,,,
,"Sat, May 2",21:45 ,Hamburguesa BBQ Burger TGB,1,Elaborado,100 gr,41 gr,62 gr,42 gr,0 gr,789 kcal,05:45,,,,,,,,,,,,,,,,,,,,,,,,,,,0.42,1.66,17.45,,,20.77,
,"Sat, May 2",21:45 ,Papas Fritas,1,Elaborado,100 gr,3 gr,41 gr,15 gr,4 gr,312 kcal,,,,,,,,,,,,,,,,,,,,,,,,,,,,,10.20,3.00,,,15.00,
,"Sat, May 2",22:45 ,Te,1,Infusión,0 gr,0 gr,0 gr,0 gr,0 gr,0 kcal,01:00,,,,,,,,,,,,,,,,,,,,,,,,,,,,,,,,,
,"Sat, May 2",22:45 ,Miel (1 cda),1,Carb,10 gr,0 gr,7 gr,0 gr,0 gr,28 kcal,,,,,,,,,,,,,,,,,,,,,,,,,,,,,,,,,,
,"Sat, May 2",22:45 ,"Galletas de avena, Cholex v1",1,Carb,30 gr,5 gr,11 gr,6 gr,2 gr,110 kcal,,,,,,157 gr,271 gr,113 gr,26 gr,"2,696 kcal",1161 gr,,115 gr,100 gr,124 gr,35 gr,2000 kcal,1 gr,15 gr,30 gr,0 gr,0 gr,59 gr,0 gr,47 gr,59 gr,1:15,,,,,,,
,"Sun, May 3",12:00 ,Vitaminas,1,Complemento,0 gr,0 gr,0 gr,0 gr,0 gr,0 kcal,13:15,,,,,,,,,,,,,,,,,,,,,,,,,,,,,,,,,
,"Sun, May 3",12:00 ,Café,1,Infusión,0 gr,0 gr,0 gr,0 gr,0 gr,0 kcal,,,,,,,,,,,,,,,,,,,,,,,,,,,,,,,,,,
,"Sun, May 3",12:00 ,"Leche, Protein",0.5,Lácteo,50 gr,2 gr,2 gr,0 gr,0 gr,19 kcal,,,,,,,,,,,,,,,,,,,,,,,,,,,,,,,,,,
,"Sun, May 3",12:00 ,Pan Integral D&D,2,Grano,50 gr,4 gr,24 gr,1 gr,3 gr,116 kcal,,,,,,,,,,,,,,,,,,,,,,,,,,,,,,,,,,
,"Sun, May 3",12:00 ,Palta,0.1,Fruta,16 gr,0 gr,1 gr,2 gr,1 gr,26 kcal,,,,,,,,,,,,,,,,,,,,,,,,,,,,0.02,0.33,1.67,,,2.35,
,"Sun, May 3",12:00 ,Queso Unt. Casancrem Light sin sal,3,Lácteo,30 gr,2 gr,3 gr,2 gr,0 gr,36 kcal,,,,,,,,,,,,,,,,,,,,,,,,,,,,0.02,0.05,0.49,0.07,0.12,0.95,
,"Sun, May 3",12:00 ,Huevo,1,Proteína,65 gr,8 gr,0 gr,8 gr,0 gr,101 kcal,,,,,,,,,,,,,,,,,,,,,,,,,,,,0.15,1.23,2.91,,,7.67,
,"Sun, May 3",12:00 ,Vainillas Bimbo,2,Carb,24 gr,2 gr,18 gr,1 gr,0 gr,90 kcal,,,,,,,,,,,,,,,,,,,,,,,,,,,,,,,,,,
,"Sun, May 3",16:10 ,Pollo (1 pechuga),0.5,Proteína,152 gr,43 gr,0 gr,5 gr,0 gr,230 kcal,04:10,,,,,,,,,,,,,,,,,,,,,,,,,,,0.05,0.97,1.95,,,4.86,
,"Sun, May 3",16:10 ,Arroz Integral,1,Grano,40 gr,1 gr,9 gr,0 gr,1 gr,44 kcal,,,,,,,,,,,,,,,,,,,,,,,,,,,,,,,,,,
,"Sun, May 3",16:10 ,Pan Integral D&D,2,Grano,50 gr,4 gr,24 gr,1 gr,3 gr,116 kcal,,,,,,,,,,,,,,,,,,,,,,,,,,,,,,,,,,
,"Sun, May 3",16:10 ,Queso Unt. Casancrem Light sin sal,2,Lácteo,20 gr,2 gr,2 gr,1 gr,0 gr,24 kcal,,,,,,,,,,,,,,,,,,,,,,,,,,,,0.01,0.03,0.33,0.05,0.08,0.63,
,"Sun, May 3",16:10 ,Tomate,1,Verdura,250 gr,2 gr,10 gr,1 gr,3 gr,45 kcal,,,,,,,,,,,,,,,,,,,,,,,,,,,,,,,,,,
,"Sun, May 3",18:15 ,Banana,1,Fruta,116 gr,1 gr,27 gr,0 gr,3 gr,103 kcal,02:05,,,,,,,,,,,,,,,,,,,,,,,,,,,,,,,,,
,"Sun, May 3",18:15 ,Manzana,1,Fruta,174 gr,1 gr,33 gr,0 gr,5 gr,125 kcal,,,,,,,,,,,,,,,,,,,,,,,,,,,,,,,,,,
,"Sun, May 3",18:15 ,Creatina Monohidrato,0.5,Complemento,0 gr,0 gr,0 gr,0 gr,0 gr,0 kcal,,,,,,,,,,,,,,,,,,,,,,,,,,,,,,,,,,
,"Sun, May 3",18:15 ,"Leche, Protein",0.5,Lácteo,50 gr,2 gr,2 gr,0 gr,0 gr,19 kcal,,,,,,,,,,,,,,,,,,,,,,,,,,,,,,,,,,
,"Sun, May 3",21:45 ,Atún (1 lata),1,Proteína,120 gr,31 gr,0 gr,1 gr,0 gr,139 kcal,03:30,,,,,,,,,,,,,,,,,,,,,,,,,,,0.14,0.02,0.08,,,0.98,
,"Sun, May 3",21:45 ,Huevo,1,Proteína,65 gr,8 gr,0 gr,8 gr,0 gr,101 kcal,,,,,,,,,,,,,,,,,,,,,,,,,,,,0.15,1.23,2.91,,,7.67,
,"Sun, May 3",21:45 ,Queso Unt. Casancrem Light sin sal,2,Lácteo,20 gr,2 gr,2 gr,1 gr,0 gr,24 kcal,,,,,,,,,,,,,,,,,,,,,,,,,,,,0.01,0.03,0.33,0.05,0.08,0.63,
,"Sun, May 3",21:45 ,"Aceite de oliva El Gran Juicio (EV, 1 cda sop)",0.3,Grano,4 gr,0 gr,0 gr,4 gr,0 gr,32 kcal,,,,,,,,,,,,,,,,,,,,,,,,,,,,0.04,0.36,2.70,,,3.60,
,"Sun, May 3",21:45 ,Pan Integral D&D,3,Grano,75 gr,6 gr,36 gr,2 gr,4 gr,174 kcal,,,,,,,,,,,,,,,,,,,,,,,,,,,,,,,,,,
,"Sun, May 3",21:45 ,Queso Unt. Finlandia Light,3,Lácteo,30 gr,3 gr,2 gr,4 gr,0 gr,57 kcal,,,,,,,,,,,,,,,,,,,,,,,,,,,,0.04,0.13,1.28,0.18,0.31,2.46,
,"Sun, May 3",22:15 ,Te,1,Infusión,0 gr,0 gr,0 gr,0 gr,0 gr,0 kcal,00:30,,,,,,,,,,,,,,,,,,,,,,,,,,,,,,,,,
,"Sun, May 3",22:15 ,Miel (1 cda),1,Carb,10 gr,0 gr,7 gr,0 gr,0 gr,28 kcal,,,,,,,,,,,,,,,,,,,,,,,,,,,,,,,,,,
,"Sun, May 3",22:15 ,Power Pulver barra proteica,1,Procesado,60 gr,20 gr,32 gr,3 gr,0 gr,225 kcal,,,,,,,,,,,,,,,,,,,,,,,,,,,,,,,,,,
,"Sun, May 3",22:15 ,"Limbus, cookies integrales (4 un)",3,Procesado,90 gr,11 gr,48 gr,10 gr,5 gr,339 kcal,,,,,,155 gr,282 gr,56 gr,27 gr,"2,213 kcal",1561 gr,,115 gr,100 gr,124 gr,35 gr,2000 kcal,1 gr,4 gr,15 gr,0 gr,1 gr,32 gr,0 gr,20 gr,33 gr,1:4,,,,,,,
,"Mon, May 4",9:40 ,Vitaminas,1,Complemento,0 gr,0 gr,0 gr,0 gr,0 gr,0 kcal,11:25,,,,,,,,,,,,,,,,,,,,,,,,,,,,,,,,,
,"Mon, May 4",9:40 ,Café,1,Infusión,0 gr,0 gr,0 gr,0 gr,0 gr,0 kcal,,,,,,,,,,,,,,,,,,,,,,,,,,,,,,,,,,
,"Mon, May 4",9:40 ,Miel (1 cda),1,Carb,10 gr,0 gr,7 gr,0 gr,0 gr,28 kcal,,,,,,,,,,,,,,,,,,,,,,,,,,,,,,,,,,
,"Mon, May 4",9:40 ,"Leche, Protein",0.5,Lácteo,50 gr,2 gr,2 gr,0 gr,0 gr,19 kcal,,,,,,,,,,,,,,,,,,,,,,,,,,,,,,,,,,
,"Mon, May 4",9:40 ,Pan Integral D&D,2,Grano,50 gr,4 gr,24 gr,1 gr,3 gr,116 kcal,,,,,,,,,,,,,,,,,,,,,,,,,,,,,,,,,,
,"Mon, May 4",9:40 ,Palta,0.1,Fruta,17 gr,0 gr,1 gr,2 gr,1 gr,27 kcal,,,,,,,,,,,,,,,,,,,,,,,,,,,,0.02,0.35,1.77,,,2.49,
,"Mon, May 4",9:40 ,Queso Unt. Finlandia Light,2,Lácteo,20 gr,2 gr,1 gr,3 gr,0 gr,38 kcal,,,,,,,,,,,,,,,,,,,,,,,,,,,,0.03,0.09,0.85,0.12,0.21,1.64,
,"Mon, May 4",9:40 ,"Limbus, cookies integrales (4 un)",1,Procesado,30 gr,4 gr,16 gr,3 gr,2 gr,113 kcal,,,,,,,,,,,,,,,,,,,,,,,,,,,,,,,,,,
,"Mon, May 4",9:40 ,"Chocolate, Águila 70% (1 barrita)",0.35,Carb,7 gr,1 gr,3 gr,3 gr,1 gr,41 kcal,,,,,,,,,,,,,,,,,,,,,,,,,,,,,0.09,1.02,,,3.09,
,"Mon, May 4",13:50 ,Pollo (1 pechuga),0.5,Proteína,145 gr,41 gr,0 gr,5 gr,0 gr,219 kcal,04:10,,,,,,,,,,,,,,,,,,,,,,,,,,,0.05,0.93,1.86,,,4.64,
,"Mon, May 4",13:50 ,"Ensalada (lechuga, repollo b+m, zanahoria)",0.85,Verdura,102 gr,1 gr,4 gr,0 gr,2 gr,26 kcal,,,,,,,,,,,,,,,,,,,,,,,,,,,,,,,,,,
,"Mon, May 4",13:50 ,Queso Unt. Finlandia Light,5,Lácteo,50 gr,5 gr,3 gr,7 gr,0 gr,95 kcal,,,,,,,,,,,,,,,,,,,,,,,,,,,,0.07,0.22,2.13,0.29,0.51,4.11,
,"Mon, May 4",13:50 ,"Aceite de oliva El Gran Juicio (EV, 1 cda sop)",0.3,Grano,4 gr,0 gr,0 gr,4 gr,0 gr,32 kcal,,,,,,,,,,,,,,,,,,,,,,,,,,,,0.04,0.36,2.70,,,3.60,
,"Mon, May 4",13:50 ,Pan Integral D&D,2,Grano,50 gr,4 gr,24 gr,1 gr,3 gr,116 kcal,,,,,,,,,,,,,,,,,,,,,,,,,,,,,,,,,,
,"Mon, May 4",16:40 ,Manzana,1,Fruta,174 gr,1 gr,33 gr,0 gr,5 gr,125 kcal,02:50,,,,,,,,,,,,,,,,,,,,,,,,,,,,,,,,,
,"Mon, May 4",16:40 ,Banana,1,Fruta,134 gr,1 gr,31 gr,0 gr,3 gr,119 kcal,,,,,,,,,,,,,,,,,,,,,,,,,,,,,,,,,,
,"Mon, May 4",16:40 ,Creatina Monohidrato,0.5,Complemento,0 gr,0 gr,0 gr,0 gr,0 gr,0 kcal,,,,,,,,,,,,,,,,,,,,,,,,,,,,,,,,,,
,"Mon, May 4",18:40 ,Café,1,Infusión,50 gr,0 gr,0 gr,0 gr,0 gr,0 kcal,02:00,,,,,,,,,,,,,,,,,,,,,,,,,,,,,,,,,
,"Mon, May 4",18:40 ,"Leche, Protein",1.5,Lácteo,150 gr,7 gr,7 gr,0 gr,0 gr,56 kcal,,,,,,,,,,,,,,,,,,,,,,,,,,,,,,,,,,
,"Mon, May 4",18:40 ,Miel (1 cda),1,Carb,10 gr,0 gr,7 gr,0 gr,0 gr,28 kcal,,,,,,,,,,,,,,,,,,,,,,,,,,,,,,,,,,
,"Mon, May 4",18:40 ,Whey Protein Bar Chocolate,1,Procesado,65 gr,21 gr,24 gr,10 gr,1 gr,249 kcal,,,,,,,,,,,,,,,,,,,,,,,,,,,,,,,,,,
,"Mon, May 4",21:30 ,Atún (1 lata),1,Proteína,120 gr,31 gr,0 gr,1 gr,0 gr,139 kcal,02:50,,,,,,,,,,,,,,,,,,,,,,,,,,,0.14,0.02,0.08,,,0.98,
,"Mon, May 4",21:30 ,Huevo,1,Proteína,65 gr,8 gr,0 gr,8 gr,0 gr,101 kcal,,,,,,,,,,,,,,,,,,,,,,,,,,,,0.15,1.23,2.91,,,7.67,
,"Mon, May 4",21:30 ,Queso Unt. Finlandia Light,5,Lácteo,50 gr,5 gr,3 gr,7 gr,0 gr,95 kcal,,,,,,,,,,,,,,,,,,,,,,,,,,,,0.07,0.22,2.13,0.29,0.51,4.11,
,"Mon, May 4",21:30 ,"Aceite de oliva El Gran Juicio (EV, 1 cda sop)",0.2,Grano,2 gr,0 gr,0 gr,2 gr,0 gr,22 kcal,,,,,,,,,,,,,,,,,,,,,,,,,,,,0.02,0.24,1.80,,,2.40,
,"Mon, May 4",21:30 ,Pan Integral D&D,3,Grano,75 gr,6 gr,36 gr,2 gr,4 gr,174 kcal,,,,,,,,,,,,,,,,,,,,,,,,,,,,,,,,,,
,"Mon, May 4",22:30 ,Te,1,Infusión,0 gr,0 gr,0 gr,0 gr,0 gr,0 kcal,01:00,,,,,,,,,,,,,,,,,,,,,,,,,,,,,,,,,
,"Mon, May 4",22:30 ,Miel (1 cda),1,Carb,10 gr,0 gr,7 gr,0 gr,0 gr,28 kcal,,,,,,,,,,,,,,,,,,,,,,,,,,,,,,,,,,
,"Mon, May 4",22:30 ,"Limbus, cookies integrales (4 un)",1,Procesado,30 gr,4 gr,16 gr,3 gr,2 gr,113 kcal,,,,,,147 gr,249 gr,64 gr,25 gr,"2,119 kcal",1470 gr,,115 gr,100 gr,124 gr,35 gr,2000 kcal,1 gr,4 gr,17 gr,1 gr,1 gr,35 gr,0 gr,22 gr,37 gr,1:4,,,,,,,
,"Tue, May 5",9:50 ,Vitaminas,1,Complemento,0 gr,0 gr,0 gr,0 gr,0 gr,0 kcal,11:20,,,,,,,,,,,,,,,,,,,,,,,,,,,,,,,,,
,"Tue, May 5",9:50 ,Café,1,Infusión,0 gr,0 gr,0 gr,0 gr,0 gr,0 kcal,,,,,,,,,,,,,,,,,,,,,,,,,,,,,,,,,,
,"Tue, May 5",9:50 ,"Leche, Protein",0.5,Lácteo,50 gr,2 gr,2 gr,0 gr,0 gr,19 kcal,,,,,,,,,,,,,,,,,,,,,,,,,,,,,,,,,,
,"Tue, May 5",9:50 ,Miel (1 cda),1,Carb,10 gr,0 gr,7 gr,0 gr,0 gr,28 kcal,,,,,,,,,,,,,,,,,,,,,,,,,,,,,,,,,,
,"Tue, May 5",9:50 ,Pan Integral D&D,1.7,Grano,43 gr,3 gr,20 gr,1 gr,2 gr,99 kcal,,,,,,,,,,,,,,,,,,,,,,,,,,,,,,,,,,
,"Tue, May 5",9:50 ,Palta,0.2,Fruta,35 gr,1 gr,3 gr,5 gr,2 gr,56 kcal,,,,,,,,,,,,,,,,,,,,,,,,,,,,0.05,0.72,3.64,,,5.13,
,"Tue, May 5",9:50 ,Queso Unt. Finlandia Light,2,Lácteo,20 gr,2 gr,1 gr,3 gr,0 gr,38 kcal,,,,,,,,,,,,,,,,,,,,,,,,,,,,0.03,0.09,0.85,0.12,0.21,1.64,
,"Tue, May 5",9:50 ,Huevo,1,Proteína,65 gr,8 gr,0 gr,8 gr,0 gr,101 kcal,,,,,,,,,,,,,,,,,,,,,,,,,,,,0.15,1.23,2.91,,,7.67,
,"Tue, May 5",9:50 ,Vainillas Bimbo,2,Carb,24 gr,2 gr,18 gr,1 gr,0 gr,90 kcal,,,,,,,,,,,,,,,,,,,,,,,,,,,,,,,,,,
,"Tue, May 5",14:40 ,Pollo (1 pechuga),0.7,Proteína,215 gr,61 gr,0 gr,7 gr,0 gr,325 kcal,04:50,,,,,,,,,,,,,,,,,,,,,,,,,,,0.07,1.38,2.75,,,6.88,
,"Tue, May 5",14:40 ,"Ensalada (lechuga, repollo b+m, zanahoria)",0.85,Verdura,102 gr,1 gr,4 gr,0 gr,2 gr,26 kcal,,,,,,,,,,,,,,,,,,,,,,,,,,,,,,,,,,
,"Tue, May 5",14:40 ,Pan Integral D&D,3,Grano,75 gr,6 gr,36 gr,2 gr,4 gr,174 kcal,,,,,,,,,,,,,,,,,,,,,,,,,,,,,,,,,,
,"Tue, May 5",14:40 ,Queso Unt. Finlandia Light,5,Lácteo,50 gr,5 gr,3 gr,7 gr,0 gr,95 kcal,,,,,,,,,,,,,,,,,,,,,,,,,,,,0.07,0.22,2.13,0.29,0.51,4.11,
,"Tue, May 5",14:40 ,"Aceite de oliva El Gran Juicio (EV, 1 cda sop)",0.4,Grano,5 gr,0 gr,0 gr,5 gr,0 gr,43 kcal,,,,,,,,,,,,,,,,,,,,,,,,,,,,0.05,0.48,3.60,,,4.80,
,"Tue, May 5",17:05 ,Manzana,1,Fruta,172 gr,1 gr,33 gr,0 gr,5 gr,124 kcal,02:25,,,,,,,,,,,,,,,,,,,,,,,,,,,,,,,,,
,"Tue, May 5",17:05 ,Banana,1,Fruta,119 gr,1 gr,27 gr,0 gr,3 gr,106 kcal,,,,,,,,,,,,,,,,,,,,,,,,,,,,,,,,,,
,"Tue, May 5",17:05 ,Creatina Monohidrato,0.5,Complemento,0 gr,0 gr,0 gr,0 gr,0 gr,0 kcal,,,,,,,,,,,,,,,,,,,,,,,,,,,,,,,,,,
,"Tue, May 5",17:05 ,"Leche, Protein",0.7,Lácteo,70 gr,3 gr,3 gr,0 gr,0 gr,26 kcal,,,,,,,,,,,,,,,,,,,,,,,,,,,,,,,,,,
,"Tue, May 5",19:20 ,Café,1,Infusión,0 gr,0 gr,0 gr,0 gr,0 gr,0 kcal,02:15,,,,,,,,,,,,,,,,,,,,,,,,,,,,,,,,,
,"Tue, May 5",19:20 ,"Leche, Protein",1,Lácteo,100 gr,5 gr,5 gr,0 gr,0 gr,37 kcal,,,,,,,,,,,,,,,,,,,,,,,,,,,,,,,,,,
,"Tue, May 5",19:20 ,Miel (1 cda),1,Carb,10 gr,0 gr,7 gr,0 gr,0 gr,28 kcal,,,,,,,,,,,,,,,,,,,,,,,,,,,,,,,,,,
,"Tue, May 5",19:20 ,Power Pulver barra proteica,1,Procesado,60 gr,20 gr,32 gr,3 gr,0 gr,225 kcal,,,,,,,,,,,,,,,,,,,,,,,,,,,,,,,,,,
,"Tue, May 5",19:20 ,Vainillas Bimbo,1,Carb,12 gr,1 gr,9 gr,1 gr,0 gr,45 kcal,,,,,,,,,,,,,,,,,,,,,,,,,,,,,,,,,,
,"Tue, May 5",19:20 ,"Dicomere, cacao amargo puro en polvo",0.15,Procesado,2 gr,0 gr,0 gr,0 gr,1 gr,4 kcal,,,,,,,,,,,,,,,,,,,,,,,,,,,,,,,,,,
,"Tue, May 5",22:30 ,Yogurt Griego Yogusísimo (140g),1,Lácteo,140 gr,9 gr,12 gr,4 gr,0 gr,115 kcal,03:10,,,,,,,,,,,,,,,,,,,,,,,,,,,,,,,,,
,"Tue, May 5",22:30 ,Avena Granix Instnatánea (2 cdas),1.2,Grano,36 gr,5 gr,21 gr,3 gr,4 gr,128 kcal,,,,,,,,,,,,,,,,,,,,,,,,,,,,,,,,,,
,"Tue, May 5",22:30 ,Pasta de maní King natural,1,Fruto Seco,15 gr,4 gr,2 gr,7 gr,1 gr,88 kcal,,,,,,,,,,,,,,,,,,,,,,,,,,,,,2.50,3.60,,,7.35,
,"Tue, May 5",22:30 ,Vainillas Bimbo,2,Carb,24 gr,2 gr,18 gr,1 gr,0 gr,90 kcal,,,,,,,,,,,,,,,,,,,,,,,,,,,,,,,,,,
,"Tue, May 5",22:30 ,Nuez (1),1,Fruto Seco,4 gr,1 gr,0 gr,3 gr,0 gr,27 kcal,,,,,,,,,,,,,,,,,,,,,,,,,,,,0.26,1.30,0.56,,,2.55,
,"Tue, May 5",22:30 ,Queso Unt. Finlandia Light,3,Lácteo,30 gr,3 gr,2 gr,4 gr,0 gr,57 kcal,,,,,,144 gr,265 gr,66 gr,24 gr,"2,191 kcal",1487 gr,,115 gr,100 gr,124 gr,35 gr,2000 kcal,1 gr,8 gr,21 gr,1 gr,1 gr,43 gr,0 gr,30 gr,44 gr,1:8,0.04,0.13,1.28,0.18,0.31,2.46,
,"Wed, May 6",10:30 ,Vitaminas,1,Complemento,0 gr,0 gr,0 gr,0 gr,0 gr,0 kcal,12:00,,,,,,,,,,,,,,,,,,,,,,,,,,,,,,,,,
,"Wed, May 6",10:30 ,Pan Integral D&D,2.5,Grano,63 gr,5 gr,30 gr,2 gr,3 gr,145 kcal,,,,,,,,,,,,,,,,,,,,,,,,,,,,,,,,,,
,"Wed, May 6",10:30 ,Palta,0.2,Fruta,32 gr,1 gr,3 gr,5 gr,2 gr,51 kcal,,,,,,,,,,,,,,,,,,,,,,,,,,,,0.05,0.66,3.33,,,4.69,
,"Wed, May 6",10:30 ,Queso Unt. Finlandia Light,2,Lácteo,20 gr,2 gr,1 gr,3 gr,0 gr,38 kcal,,,,,,,,,,,,,,,,,,,,,,,,,,,,0.03,0.09,0.85,0.12,0.21,1.64,
,"Wed, May 6",10:30 ,Café,1,Infusión,0 gr,0 gr,0 gr,0 gr,0 gr,0 kcal,,,,,,,,,,,,,,,,,,,,,,,,,,,,,,,,,,
,"Wed, May 6",10:30 ,Miel (1 cda),1,Carb,10 gr,0 gr,7 gr,0 gr,0 gr,28 kcal,,,,,,,,,,,,,,,,,,,,,,,,,,,,,,,,,,
,"Wed, May 6",10:30 ,"Leche, Protein",0.5,Lácteo,50 gr,2 gr,2 gr,0 gr,0 gr,19 kcal,,,,,,,,,,,,,,,,,,,,,,,,,,,,,,,,,,
,"Wed, May 6",10:30 ,Whey Protein Bar Chocolate,1,Procesado,65 gr,21 gr,24 gr,10 gr,1 gr,249 kcal,,,,,,,,,,,,,,,,,,,,,,,,,,,,,,,,,,
,"Wed, May 6",14:40 ,"Vaca, cuadril",2,Proteína,200 gr,44 gr,0 gr,14 gr,0 gr,300 kcal,04:10,,,,,,,,,,,,,,,,,,,,,,,,,,,0.14,0.56,5.88,,,7.00,
,"Wed, May 6",14:40 ,"Ensalada (lechuga, repollo b+m, zanahoria)",0.85,Verdura,102 gr,1 gr,4 gr,0 gr,2 gr,26 kcal,,,,,,,,,,,,,,,,,,,,,,,,,,,,,,,,,,
,"Wed, May 6",14:40 ,"Aceite de oliva El Gran Juicio (EV, 1 cda sop)",0.3,Grano,4 gr,0 gr,0 gr,4 gr,0 gr,32 kcal,,,,,,,,,,,,,,,,,,,,,,,,,,,,0.04,0.36,2.70,,,3.60,
,"Wed, May 6",14:40 ,Queso Unt. Finlandia Light,5,Lácteo,50 gr,5 gr,3 gr,7 gr,0 gr,95 kcal,,,,,,,,,,,,,,,,,,,,,,,,,,,,0.07,0.22,2.13,0.29,0.51,4.11,
,"Wed, May 6",14:40 ,"Tortillas de trigo con salvado, Tibax",3,Carb,75 gr,6 gr,41 gr,5 gr,5 gr,236 kcal,,,,,,,,,,,,,,,,,,,,,,,,,,,,,,,,,,
,"Wed, May 6",14:40 ,Huevo,1,Proteína,65 gr,8 gr,0 gr,8 gr,0 gr,101 kcal,,,,,,,,,,,,,,,,,,,,,,,,,,,,0.15,1.23,2.91,,,7.67,
,"Wed, May 6",16:40 ,"Medallón de chocolate con menta, Benot",1,Procesado,14 gr,0 gr,10 gr,1 gr,1 gr,35 kcal,02:00,,,,,,,,,,,,,,,,,,,,,,,,,,,,0.04,0.42,,,1.26,
,"Wed, May 6",17:50 ,Manzana,1,Fruta,168 gr,1 gr,32 gr,0 gr,5 gr,121 kcal,01:10,,,,,,,,,,,,,,,,,,,,,,,,,,,,,,,,,
,"Wed, May 6",17:50 ,Banana,1,Fruta,143 gr,1 gr,33 gr,0 gr,4 gr,127 kcal,,,,,,,,,,,,,,,,,,,,,,,,,,,,,,,,,,
,"Wed, May 6",17:50 ,"Leche, Protein",0.5,Lácteo,50 gr,2 gr,2 gr,0 gr,0 gr,19 kcal,,,,,,,,,,,,,,,,,,,,,,,,,,,,,,,,,,
,"Wed, May 6",17:50 ,Creatina Monohidrato,0.5,Complemento,0 gr,0 gr,0 gr,0 gr,0 gr,0 kcal,,,,,,,,,,,,,,,,,,,,,,,,,,,,,,,,,,
,"Wed, May 6",22:15 ,Atún (1 lata),1,Proteína,120 gr,31 gr,0 gr,1 gr,0 gr,139 kcal,04:25,,,,,,,,,,,,,,,,,,,,,,,,,,,0.14,0.02,0.08,,,0.98,
,"Wed, May 6",22:15 ,Huevo,1,Proteína,65 gr,8 gr,0 gr,8 gr,0 gr,101 kcal,,,,,,,,,,,,,,,,,,,,,,,,,,,,0.15,1.23,2.91,,,7.67,
,"Wed, May 6",22:15 ,"Aceite de oliva El Gran Juicio (EV, 1 cda sop)",0.2,Grano,2 gr,0 gr,0 gr,2 gr,0 gr,22 kcal,,,,,,,,,,,,,,,,,,,,,,,,,,,,0.02,0.24,1.80,,,2.40,
,"Wed, May 6",22:15 ,Queso Unt. Finlandia Light,5,Lácteo,50 gr,5 gr,3 gr,7 gr,0 gr,95 kcal,,,,,,,,,,,,,,,,,,,,,,,,,,,,0.07,0.22,2.13,0.29,0.51,4.11,
,"Wed, May 6",22:15 ,Pan integral Fargo,3,Grano,89 gr,12 gr,36 gr,3 gr,5 gr,215 kcal,,,,,,,,,,,,,,,,,,,,,,,,,,,,,,,,,,
,"Wed, May 6",23:10 ,Te,1,Infusión,0 gr,0 gr,0 gr,0 gr,0 gr,0 kcal,00:55,,,,,,,,,,,,,,,,,,,,,,,,,,,,,,,,,
,"Wed, May 6",23:10 ,Miel (1 cda),1,Carb,10 gr,0 gr,7 gr,0 gr,0 gr,28 kcal,,,,,,,,,,,,,,,,,,,,,,,,,,,,,,,,,,
,"Wed, May 6",23:10 ,Vainillas Bimbo,2,Carb,24 gr,2 gr,18 gr,1 gr,0 gr,90 kcal,,,,,,155 gr,255 gr,82 gr,28 gr,"2,311 kcal",1470 gr,,115 gr,100 gr,124 gr,35 gr,2000 kcal,1 gr,5 gr,25 gr,1 gr,1 gr,45 gr,0 gr,31 gr,47 gr,1:5,,,,,,,
,"Thu, May 7",10:40 ,Vitaminas,1,Complemento,0 gr,0 gr,0 gr,0 gr,0 gr,0 kcal,11:30,,,,,,,,,,,,,,,,,,,,,,,,,,,,,,,,,
,"Thu, May 7",10:40 ,Café,1,Infusión,0 gr,0 gr,0 gr,0 gr,0 gr,0 kcal,,,,,,,,,,,,,,,,,,,,,,,,,,,,,,,,,,
,"Thu, May 7",10:40 ,Miel (1 cda),1,Carb,10 gr,0 gr,7 gr,0 gr,0 gr,28 kcal,,,,,,,,,,,,,,,,,,,,,,,,,,,,,,,,,,
,"Thu, May 7",10:40 ,"Leche, Protein",0.5,Lácteo,50 gr,2 gr,2 gr,0 gr,0 gr,19 kcal,,,,,,,,,,,,,,,,,,,,,,,,,,,,,,,,,,
,"Thu, May 7",10:40 ,Vainillas Bimbo,2,Carb,24 gr,2 gr,18 gr,1 gr,0 gr,90 kcal,,,,,,,,,,,,,,,,,,,,,,,,,,,,,,,,,,
,"Thu, May 7",10:40 ,Pan integral Fargo,2,Grano,59 gr,8 gr,24 gr,2 gr,3 gr,143 kcal,,,,,,,,,,,,,,,,,,,,,,,,,,,,,,,,,,
,"Thu, May 7",10:40 ,Queso Unt. Finlandia Light,2,Lácteo,20 gr,2 gr,1 gr,3 gr,0 gr,38 kcal,,,,,,,,,,,,,,,,,,,,,,,,,,,,0.03,0.09,0.85,0.12,0.21,1.64,
,"Thu, May 7",10:40 ,Palta,0.2,Fruta,32 gr,1 gr,3 gr,5 gr,2 gr,51 kcal,,,,,,,,,,,,,,,,,,,,,,,,,,,,0.05,0.66,3.33,,,4.69,
,"Thu, May 7",10:40 ,"Gullon, bio organic, 4 cereales con espelta (1 un)",1,Procesado,9 gr,1 gr,6 gr,2 gr,0 gr,41 kcal,,,,,,,,,,,,,,,,,,,,,,,,,,,,,,,,,,
,"Thu, May 7",14:50 ,Pollo (1 pechuga),0.7,Proteína,200 gr,57 gr,0 gr,6 gr,0 gr,302 kcal,04:10,,,,,,,,,,,,,,,,,,,,,,,,,,,0.06,1.28,2.56,,,6.40,
,"Thu, May 7",14:50 ,"Tortillas de trigo con salvado, Tibax",3,Carb,75 gr,6 gr,41 gr,5 gr,5 gr,236 kcal,,,,,,,,,,,,,,,,,,,,,,,,,,,,,,,,,,
,"Thu, May 7",14:50 ,"Ensalada (lechuga, repollo b+m, zanahoria)",0.85,Verdura,102 gr,1 gr,4 gr,0 gr,2 gr,26 kcal,,,,,,,,,,,,,,,,,,,,,,,,,,,,,,,,,,
,"Thu, May 7",14:50 ,Queso Unt. Finlandia Light,5,Lácteo,50 gr,5 gr,3 gr,7 gr,0 gr,95 kcal,,,,,,,,,,,,,,,,,,,,,,,,,,,,0.07,0.22,2.13,0.29,0.51,4.11,
,"Thu, May 7",15:30 ,"Medallón de chocolate con menta, Benot",1,Procesado,14 gr,0 gr,10 gr,1 gr,1 gr,35 kcal,00:40,,,,,,,,,,,,,,,,,,,,,,,,,,,,0.04,0.42,,,1.26,
,"Thu, May 7",16:50 ,Café,1,Infusión,0 gr,0 gr,0 gr,0 gr,0 gr,0 kcal,01:20,,,,,,,,,,,,,,,,,,,,,,,,,,,,,,,,,
,"Thu, May 7",16:50 ,Miel (1 cda),1,Carb,10 gr,0 gr,7 gr,0 gr,0 gr,28 kcal,,,,,,,,,,,,,,,,,,,,,,,,,,,,,,,,,,
,"Thu, May 7",16:50 ,"Leche, Protein",1,Lácteo,100 gr,5 gr,5 gr,0 gr,0 gr,37 kcal,,,,,,,,,,,,,,,,,,,,,,,,,,,,,,,,,,
,"Thu, May 7",16:50 ,"Gullon, bio organic, 4 cereales con espelta (1 un)",3,Procesado,27 gr,2 gr,18 gr,5 gr,1 gr,124 kcal,,,,,,,,,,,,,,,,,,,,,,,,,,,,,,,,,,
,"Thu, May 7",16:50 ,"Chocolate, Águila 70% (1 barrita)",0.48,Carb,10 gr,1 gr,4 gr,4 gr,1 gr,57 kcal,,,,,,,,,,,,,,,,,,,,,,,,,,,,,0.13,1.40,,,4.23,
,"Thu, May 7",16:50 ,Growsbar cookies & cream,1,Procesado,46 gr,14 gr,20 gr,6 gr,1 gr,186 kcal,,,,,,,,,,,,,,,,,,,,,,,,,,,,,,,,,,
,"Thu, May 7",19:30 ,Manzana,1,Fruta,169 gr,1 gr,32 gr,0 gr,5 gr,122 kcal,02:40,,,,,,,,,,,,,,,,,,,,,,,,,,,,,,,,,
,"Thu, May 7",19:30 ,Banana,1,Fruta,150 gr,2 gr,35 gr,0 gr,4 gr,134 kcal,,,,,,,,,,,,,,,,,,,,,,,,,,,,,,,,,,
,"Thu, May 7",19:30 ,Creatina Monohidrato,0.5,Complemento,0 gr,0 gr,0 gr,0 gr,0 gr,0 kcal,,,,,,,,,,,,,,,,,,,,,,,,,,,,,,,,,,
,"Thu, May 7",19:30 ,"Leche, Protein",0.5,Lácteo,50 gr,2 gr,2 gr,0 gr,0 gr,19 kcal,,,,,,,,,,,,,,,,,,,,,,,,,,,,,,,,,,
,"Thu, May 7",22:30 ,Yogurt Griego Yogusísimo (140g),1,Lácteo,140 gr,9 gr,12 gr,4 gr,0 gr,115 kcal,03:00,,,,,,,,,,,,,,,,,,,,,,,,,,,,,,,,,
,"Thu, May 7",22:30 ,Avena Granix Instnatánea (2 cdas),0.7,Grano,21 gr,3 gr,12 gr,2 gr,2 gr,75 kcal,,,,,,,,,,,,,,,,,,,,,,,,,,,,,,,,,,
,"Thu, May 7",22:30 ,Pasta de maní King natural,1,Fruto Seco,15 gr,4 gr,2 gr,7 gr,1 gr,88 kcal,,,,,,,,,,,,,,,,,,,,,,,,,,,,,2.50,3.60,,,7.35,
,"Thu, May 7",22:30 ,"Gullon, bio organic, 4 cereales con espelta (1 un)",3,Procesado,27 gr,2 gr,18 gr,5 gr,1 gr,124 kcal,,,,,,,,,,,,,,,,,,,,,,,,,,,,,,,,,,
,"Thu, May 7",22:30 ,Queso Unt. Finlandia Light,1,Lácteo,10 gr,1 gr,1 gr,1 gr,0 gr,19 kcal,,,,,,,,,,,,,,,,,,,,,,,,,,,,0.01,0.04,0.43,0.06,0.10,0.82,
,"Thu, May 7",23:00 ,Te,1,Infusión,0 gr,0 gr,0 gr,0 gr,0 gr,0 kcal,00:30,,,,,,,,,,,,,,,,,,,,,,,,,,,,,,,,,
,"Thu, May 7",23:00 ,Miel (1 cda),1,Carb,10 gr,0 gr,7 gr,0 gr,0 gr,28 kcal,,,,,,,,,,,,,,,,,,,,,,,,,,,,,,,,,,
,"Thu, May 7",23:00 ,"Leche, Protein",0.4,Lácteo,40 gr,2 gr,2 gr,0 gr,0 gr,15 kcal,,,,,,130 gr,294 gr,67 gr,29 gr,"2,272 kcal",1470 gr,,115 gr,100 gr,124 gr,35 gr,2000 kcal,0 gr,5 gr,15 gr,0 gr,1 gr,31 gr,0 gr,20 gr,32 gr,0:5,,,,,,,
,"Fri, May 8",9:25 ,Vitaminas,1,Complemento,0 gr,0 gr,0 gr,0 gr,0 gr,0 kcal,10:25,,,,,,,,,,,,,,,,,,,,,,,,,,,,,,,,,
,"Fri, May 8",9:25 ,Pan integral Fargo,2,Grano,59 gr,8 gr,24 gr,2 gr,3 gr,143 kcal,,,,,,,,,,,,,,,,,,,,,,,,,,,,,,,,,,
,"Fri, May 8",9:25 ,Palta,0.2,Fruta,32 gr,1 gr,3 gr,5 gr,2 gr,51 kcal,,,,,,,,,,,,,,,,,,,,,,,,,,,,0.05,0.66,3.33,,,4.69,
,"Fri, May 8",9:25 ,Queso Unt. Finlandia Light,2,Lácteo,20 gr,2 gr,1 gr,3 gr,0 gr,38 kcal,,,,,,,,,,,,,,,,,,,,,,,,,,,,0.03,0.09,0.85,0.12,0.21,1.64,
,"Fri, May 8",9:25 ,Huevo,1,Proteína,65 gr,8 gr,0 gr,8 gr,0 gr,101 kcal,,,,,,,,,,,,,,,,,,,,,,,,,,,,0.15,1.23,2.91,,,7.67,
,"Fri, May 8",9:25 ,Café,1,Infusión,0 gr,0 gr,0 gr,0 gr,0 gr,0 kcal,,,,,,,,,,,,,,,,,,,,,,,,,,,,,,,,,,
,"Fri, May 8",9:25 ,Miel (1 cda),1,Carb,10 gr,0 gr,7 gr,0 gr,0 gr,28 kcal,,,,,,,,,,,,,,,,,,,,,,,,,,,,,,,,,,
,"Fri, May 8",9:25 ,"Leche, Protein",0.5,Lácteo,50 gr,2 gr,2 gr,0 gr,0 gr,19 kcal,,,,,,,,,,,,,,,,,,,,,,,,,,,,,,,,,,
,"Fri, May 8",9:25 ,"Gullon, bio organic, 4 cereales con espelta (1 un)",3,Procesado,27 gr,2 gr,18 gr,5 gr,1 gr,124 kcal,,,,,,,,,,,,,,,,,,,,,,,,,,,,,,,,,,
,"Fri, May 8",9:25 ,"Chocolate Colonial, amargo dietético 70%",1.7,Carb,12 gr,1 gr,6 gr,4 gr,1 gr,59 kcal,,,,,,,,,,,,,,,,,,,,,,,,,,,,,0.12,1.34,,,4.05,
,"Fri, May 8",13:30 ,Pollo (1 pechuga),0.65,Proteína,203 gr,58 gr,0 gr,6 gr,0 gr,307 kcal,04:05,,,,,,,,,,,,,,,,,,,,,,,,,,,0.06,1.30,2.60,,,6.50,
,"Fri, May 8",13:30 ,"Ensalada (lechuga, repollo b+m, zanahoria)",0.8,Verdura,96 gr,1 gr,4 gr,0 gr,2 gr,24 kcal,,,,,,,,,,,,,,,,,,,,,,,,,,,,,,,,,,
,"Fri, May 8",13:30 ,"Aceite de oliva El Gran Juicio (EV, 1 cda sop)",0.3,Grano,4 gr,0 gr,0 gr,4 gr,0 gr,32 kcal,,,,,,,,,,,,,,,,,,,,,,,,,,,,0.04,0.36,2.70,,,3.60,
,"Fri, May 8",13:30 ,Queso Unt. Finlandia Light,3,Lácteo,30 gr,3 gr,2 gr,4 gr,0 gr,57 kcal,,,,,,,,,,,,,,,,,,,,,,,,,,,,0.04,0.13,1.28,0.18,0.31,2.46,
,"Fri, May 8",13:30 ,Tomate,1,Verdura,152 gr,1 gr,6 gr,0 gr,2 gr,27 kcal,,,,,,,,,,,,,,,,,,,,,,,,,,,,,,,,,,
,"Fri, May 8",13:30 ,"Tortillas de trigo con salvado, Tibax",3,Carb,75 gr,6 gr,41 gr,5 gr,5 gr,236 kcal,,,,,,,,,,,,,,,,,,,,,,,,,,,,,,,,,,
,"Fri, May 8",13:30 ,"Medallón de chocolate con menta, Benot",1,Procesado,14 gr,0 gr,10 gr,1 gr,1 gr,35 kcal,,,,,,,,,,,,,,,,,,,,,,,,,,,,,0.04,0.42,,,1.26,
,"Fri, May 8",16:20 ,Café,1,Infusión,0 gr,0 gr,0 gr,0 gr,0 gr,0 kcal,02:50,,,,,,,,,,,,,,,,,,,,,,,,,,,,,,,,,
,"Fri, May 8",16:20 ,Miel (1 cda),1,Carb,10 gr,0 gr,7 gr,0 gr,0 gr,28 kcal,,,,,,,,,,,,,,,,,,,,,,,,,,,,,,,,,,
,"Fri, May 8",16:20 ,"Leche, Protein",1,Lácteo,100 gr,5 gr,5 gr,0 gr,0 gr,37 kcal,,,,,,,,,,,,,,,,,,,,,,,,,,,,,,,,,,
,"Fri, May 8",16:20 ,Growsbar cookies & cream,1,Procesado,46 gr,14 gr,20 gr,6 gr,1 gr,186 kcal,,,,,,,,,,,,,,,,,,,,,,,,,,,,,,,,,,
,"Fri, May 8",16:20 ,"Dicomere, cacao amargo puro en polvo",0.15,Procesado,2 gr,0 gr,0 gr,0 gr,1 gr,4 kcal,,,,,,,,,,,,,,,,,,,,,,,,,,,,,,,,,,
,"Fri, May 8",16:20 ,Nuez (1),1.25,Fruto Seco,5 gr,1 gr,1 gr,3 gr,0 gr,34 kcal,,,,,,,,,,,,,,,,,,,,,,,,,,,,0.32,1.63,0.70,,,3.19,
,"Fri, May 8",19:35 ,Manzana,1,Fruta,161 gr,1 gr,31 gr,0 gr,5 gr,116 kcal,03:15,,,,,,,,,,,,,,,,,,,,,,,,,,,,,,,,,
,"Fri, May 8",19:35 ,Banana,1,Fruta,128 gr,1 gr,29 gr,0 gr,3 gr,114 kcal,,,,,,,,,,,,,,,,,,,,,,,,,,,,,,,,,,
,"Fri, May 8",19:35 ,"Leche, Protein",0.5,Lácteo,50 gr,2 gr,2 gr,0 gr,0 gr,19 kcal,,,,,,,,,,,,,,,,,,,,,,,,,,,,,,,,,,
,"Fri, May 8",19:35 ,Creatina Monohidrato,0.5,Complemento,0 gr,0 gr,0 gr,0 gr,0 gr,0 kcal,,,,,,,,,,,,,,,,,,,,,,,,,,,,,,,,,,
,"Fri, May 8",21:55 ,Te,1,Infusión,0 gr,0 gr,0 gr,0 gr,0 gr,0 kcal,02:20,,,,,,,,,,,,,,,,,,,,,,,,,,,,,,,,,
,"Fri, May 8",21:55 ,Miel (1 cda),1,Carb,10 gr,0 gr,7 gr,0 gr,0 gr,28 kcal,,,,,,,,,,,,,,,,,,,,,,,,,,,,,,,,,,
,"Fri, May 8",21:55 ,"Leche, Protein",0.4,Lácteo,40 gr,2 gr,2 gr,0 gr,0 gr,15 kcal,,,,,,,,,,,,,,,,,,,,,,,,,,,,,,,,,,
,"Fri, May 8",21:55 ,Whey Protein Bar Chocolate,1,Procesado,65 gr,21 gr,24 gr,10 gr,1 gr,249 kcal,,,,,,140 gr,251 gr,67 gr,28 gr,"2,110 kcal",1465 gr,,115 gr,100 gr,124 gr,35 gr,2000 kcal,1 gr,6 gr,16 gr,0 gr,1 gr,35 gr,0 gr,22 gr,36 gr,1:6,,,,,,,
,"Sat, May 9",9:20 ,Vitaminas,1,Complemento,0 gr,0 gr,0 gr,0 gr,0 gr,0 kcal,11:25,,,,,,,,,,,,,,,,,,,,,,,,,,,,,,,,,
,"Sat, May 9",9:20 ,Te,1,Infusión,0 gr,0 gr,0 gr,0 gr,0 gr,0 kcal,,,,,,,,,,,,,,,,,,,,,,,,,,,,,,,,,,
,"Sat, May 9",9:20 ,"Leche, Protein",0.5,Lácteo,50 gr,2 gr,2 gr,0 gr,0 gr,19 kcal,,,,,,,,,,,,,,,,,,,,,,,,,,,,,,,,,,
,"Sat, May 9",9:20 ,Tostadas de arroz Leiva,2,Procesado,20 gr,1 gr,17 gr,0 gr,0 gr,73 kcal,,,,,,,,,,,,,,,,,,,,,,,,,,,,,,,,,,
,"Sat, May 9",9:20 ,Queso Unt. Finlandia Light,2,Lácteo,20 gr,2 gr,1 gr,3 gr,0 gr,38 kcal,,,,,,,,,,,,,,,,,,,,,,,,,,,,0.03,0.09,0.85,0.12,0.21,1.64,
,"Sat, May 9",9:20 ,Galletitas frutos secos Doninas (5 un),1.4,Procesado,42 gr,2 gr,28 gr,7 gr,1 gr,186 kcal,,,,,,,,,,,,,,,,,,,,,,,,,,,,,,,,,,
,"Sat, May 9",9:20 ,Growsbar cookies & cream,1,Procesado,46 gr,14 gr,20 gr,6 gr,1 gr,186 kcal,,,,,,,,,,,,,,,,,,,,,,,,,,,,,,,,,,
,"Sat, May 9",12:30 ,Whey Protein Bar Chocolate,1,Procesado,65 gr,21 gr,24 gr,10 gr,1 gr,249 kcal,03:10,,,,,,,,,,,,,,,,,,,,,,,,,,,,,,,,,
,"Sat, May 9",12:30 ,Arroz Integral,1,Grano,40 gr,1 gr,9 gr,0 gr,1 gr,44 kcal,,,,,,,,,,,,,,,,,,,,,,,,,,,,,,,,,,
,"Sat, May 9",15:30 ,Pollo (1 pechuga),0.3,Proteína,90 gr,26 gr,0 gr,3 gr,0 gr,136 kcal,03:00,,,,,,,,,,,,,,,,,,,,,,,,,,,0.03,0.58,1.15,,,2.88,
,"Sat, May 9",15:30 ,Maní King Tostado Sin Piel Sin Sodio (1 cda sop),1,Fruto Seco,15 gr,4 gr,2 gr,8 gr,1 gr,89 kcal,,,,,,,,,,,,,,,,,,,,,,,,,,,,,2.55,3.68,,,7.50,
,"Sat, May 9",15:30 ,Cebolla,0.5,Verdura,92 gr,1 gr,9 gr,0 gr,1 gr,39 kcal,,,,,,,,,,,,,,,,,,,,,,,,,,,,,,,,,,
,"Sat, May 9",15:30 ,Zucchini,0.4,Verdura,117 gr,1 gr,4 gr,0 gr,1 gr,20 kcal,,,,,,,,,,,,,,,,,,,,,,,,,,,,,,,,,,
,"Sat, May 9",15:30 ,Pan integral Fargo,2,Grano,59 gr,8 gr,24 gr,2 gr,3 gr,143 kcal,,,,,,,,,,,,,,,,,,,,,,,,,,,,,,,,,,
,"Sat, May 9",15:30 ,Queso Unt. Finlandia Light,2,Lácteo,20 gr,2 gr,1 gr,3 gr,0 gr,38 kcal,,,,,,,,,,,,,,,,,,,,,,,,,,,,0.03,0.09,0.85,0.12,0.21,1.64,
,"Sat, May 9",15:30 ,Ají,0.4,Verdura,72 gr,1 gr,3 gr,0 gr,1 gr,13 kcal,,,,,,,,,,,,,,,,,,,,,,,,,,,,,,,,,,
,"Sat, May 9",15:30 ,Lentejas,0.6,Carb,92 gr,6 gr,15 gr,1 gr,4 gr,86 kcal,,,,,,,,,,,,,,,,,,,,,,,,,,,,,,,,,,
,"Sat, May 9",17:55 ,Café,1,Infusión,0 gr,0 gr,0 gr,0 gr,0 gr,0 kcal,02:25,,,,,,,,,,,,,,,,,,,,,,,,,,,,,,,,,
,"Sat, May 9",17:55 ,"Leche, Protein",1,Lácteo,100 gr,5 gr,5 gr,0 gr,0 gr,37 kcal,,,,,,,,,,,,,,,,,,,,,,,,,,,,,,,,,,
,"Sat, May 9",17:55 ,Miel (1 cda),1,Carb,10 gr,0 gr,7 gr,0 gr,0 gr,28 kcal,,,,,,,,,,,,,,,,,,,,,,,,,,,,,,,,,,
,"Sat, May 9",17:55 ,"Gullon, bio organic, 4 cereales con espelta (1 un)",4,Procesado,36 gr,3 gr,24 gr,6 gr,2 gr,166 kcal,,,,,,,,,,,,,,,,,,,,,,,,,,,,,,,,,,
,"Sat, May 9",17:55 ,"Chocolate Colonial, amargo dietético 70%",2,Carb,14 gr,2 gr,7 gr,5 gr,1 gr,69 kcal,,,,,,,,,,,,,,,,,,,,,,,,,,,,,0.14,1.57,,,4.76,
,"Sat, May 9",17:55 ,Almendra (1),1,Fruto Seco,7 gr,1 gr,0 gr,4 gr,1 gr,40 kcal,,,,,,,,,,,,,,,,,,,,,,,,,,,,,0.67,2.73,,,3.75,
,"Sat, May 9",23:00 ,Atún (1 lata),1,Proteína,120 gr,31 gr,0 gr,1 gr,0 gr,139 kcal,05:05,,,,,,,,,,,,,,,,,,,,,,,,,,,0.14,0.02,0.08,,,0.98,
,"Sat, May 9",23:00 ,Huevo,0.7,Proteína,46 gr,5 gr,0 gr,5 gr,0 gr,71 kcal,,,,,,,,,,,,,,,,,,,,,,,,,,,,0.11,0.86,2.04,,,5.37,
,"Sat, May 9",23:00 ,Pan integral Fargo,3,Grano,89 gr,12 gr,36 gr,3 gr,5 gr,215 kcal,,,,,,,,,,,,,,,,,,,,,,,,,,,,,,,,,,
,"Sat, May 9",23:00 ,"Aceite de oliva El Gran Juicio (EV, 1 cda sop)",0.2,Grano,2 gr,0 gr,0 gr,2 gr,0 gr,22 kcal,,,,,,,,,,,,,,,,,,,,,,,,,,,,0.02,0.24,1.80,,,2.40,
,"Sat, May 9",23:00 ,Pasta de maní King natural,1.25,Fruto Seco,19 gr,5 gr,2 gr,9 gr,2 gr,110 kcal,,,,,,,,,,,,,,,,,,,,,,,,,,,,,3.12,4.50,,,9.19,
,"Sat, May 9",23:00 ,Queso Unt. Finlandia Light,5,Lácteo,50 gr,5 gr,3 gr,7 gr,0 gr,95 kcal,,,,,,,,,,,,,,,,,,,,,,,,,,,,0.07,0.22,2.13,0.29,0.51,4.11,
,"Sat, May 9",23:35 ,Te,1,Infusión,0 gr,0 gr,0 gr,0 gr,0 gr,0 kcal,00:35,,,,,,,,,,,,,,,,,,,,,,,,,,,,,,,,,
,"Sat, May 9",23:35 ,Miel (1 cda),1,Carb,10 gr,0 gr,7 gr,0 gr,0 gr,28 kcal,,,,,,,,,,,,,,,,,,,,,,,,,,,,,,,,,,
,"Sat, May 9",23:35 ,"Medallón de chocolate con menta, Benot",1,Procesado,14 gr,0 gr,10 gr,1 gr,1 gr,35 kcal,,,,,,159 gr,259 gr,86 gr,27 gr,"2,413 kcal",1356 gr,,115 gr,100 gr,124 gr,35 gr,2000 kcal,0 gr,9 gr,22 gr,1 gr,1 gr,45 gr,0 gr,31 gr,47 gr,0:9,,0.04,0.42,,,1.26,
,"Sun, May 10",10:20 ,Vitaminas,1,Complemento,0 gr,0 gr,0 gr,0 gr,0 gr,0 kcal,10:45,,,,,,,,,,,,,,,,,,,,,,,,,,,,,,,,,
,"Sun, May 10",10:20 ,Pan integral Fargo,2,Grano,50 gr,7 gr,20 gr,2 gr,3 gr,121 kcal,,,,,,,,,,,,,,,,,,,,,,,,,,,,,,,,,,
,"Sun, May 10",10:20 ,Queso Unt. Finlandia Light,2,Lácteo,20 gr,2 gr,1 gr,3 gr,0 gr,38 kcal,,,,,,,,,,,,,,,,,,,,,,,,,,,,0.03,0.09,0.85,0.12,0.21,1.64,
,"Sun, May 10",10:20 ,Huevo,1,Proteína,45 gr,5 gr,0 gr,5 gr,0 gr,70 kcal,,,,,,,,,,,,,,,,,,,,,,,,,,,,0.11,0.85,2.02,,,5.31,
,"Sun, May 10",10:20 ,Café,1,Infusión,0 gr,0 gr,0 gr,0 gr,0 gr,0 kcal,,,,,,,,,,,,,,,,,,,,,,,,,,,,,,,,,,
,"Sun, May 10",10:20 ,Miel (1 cda),1,Carb,10 gr,0 gr,7 gr,0 gr,0 gr,28 kcal,,,,,,,,,,,,,,,,,,,,,,,,,,,,,,,,,,
,"Sun, May 10",10:20 ,"Leche, Protein",0.5,Lácteo,50 gr,2 gr,2 gr,0 gr,0 gr,19 kcal,,,,,,,,,,,,,,,,,,,,,,,,,,,,,,,,,,
,"Sun, May 10",10:20 ,"Chocolate Colonial, amargo dietético 70%",2,Carb,14 gr,2 gr,7 gr,5 gr,1 gr,69 kcal,,,,,,,,,,,,,,,,,,,,,,,,,,,,,0.14,1.57,,,4.76,
,"Sun, May 10",10:20 ,"Gullon, bio organic, 4 cereales con espelta (1 un)",3,Procesado,27 gr,2 gr,18 gr,5 gr,1 gr,124 kcal,,,,,,,,,,,,,,,,,,,,,,,,,,,,,,,,,,
,"Sun, May 10",10:20 ,Nuez (1),1.2,Fruto Seco,5 gr,1 gr,1 gr,3 gr,0 gr,32 kcal,,,,,,,,,,,,,,,,,,,,,,,,,,,,0.31,1.56,0.67,,,3.06,
,"Sun, May 10",10:20 ,Almendra (1),1,Fruto Seco,7 gr,1 gr,0 gr,4 gr,1 gr,40 kcal,,,,,,,,,,,,,,,,,,,,,,,,,,,,,0.67,2.73,,,3.75,
,"Sun, May 10",14:15 ,Pizza de Mozzarella,1,Elaborado,56 gr,6 gr,16 gr,4 gr,1 gr,123 kcal,03:55,,,,,,,,,,,,,,,,,,,,,,,,,,,0.04,0.12,1.16,0.16,0.28,2.24,
,"Sun, May 10",14:15 ,Empanada de Carne,2,Elaborado,180 gr,13 gr,40 gr,35 gr,2 gr,526 kcal,,,,,,,,,,,,,,,,,,,,,,,,,,,,0.35,1.38,14.49,,,17.25,
,"Sun, May 10",14:15 ,Empanada de Jamón y Queso,1,Elaborado,90 gr,9 gr,21 gr,16 gr,1 gr,267 kcal,,,,,,,,,,,,,,,,,,,,,,,,,,,,0.16,0.49,4.77,0.66,1.15,9.22,
,"Sun, May 10",16:45 ,Manzana,1,Fruta,175 gr,1 gr,33 gr,0 gr,5 gr,126 kcal,02:30,,,,,,,,,,,,,,,,,,,,,,,,,,,,,,,,,
,"Sun, May 10",16:45 ,Banana,1,Fruta,137 gr,1 gr,32 gr,0 gr,4 gr,122 kcal,,,,,,,,,,,,,,,,,,,,,,,,,,,,,,,,,,
,"Sun, May 10",16:45 ,"Leche, Protein",0.5,Lácteo,50 gr,2 gr,2 gr,0 gr,0 gr,19 kcal,,,,,,,,,,,,,,,,,,,,,,,,,,,,,,,,,,
,"Sun, May 10",16:45 ,Creatina Monohidrato,0.5,Complemento,0 gr,0 gr,0 gr,0 gr,0 gr,0 kcal,,,,,,,,,,,,,,,,,,,,,,,,,,,,,,,,,,
,"Sun, May 10",20:20 ,Café,1,Infusión,0 gr,0 gr,0 gr,0 gr,0 gr,0 kcal,03:35,,,,,,,,,,,,,,,,,,,,,,,,,,,,,,,,,
,"Sun, May 10",20:20 ,Miel (1 cda),1,Carb,10 gr,0 gr,7 gr,0 gr,0 gr,28 kcal,,,,,,,,,,,,,,,,,,,,,,,,,,,,,,,,,,
,"Sun, May 10",20:20 ,"Leche, Protein",1,Lácteo,100 gr,5 gr,5 gr,0 gr,0 gr,37 kcal,,,,,,,,,,,,,,,,,,,,,,,,,,,,,,,,,,
,"Sun, May 10",20:20 ,Whey Protein Bar Chocolate,1,Procesado,65 gr,21 gr,24 gr,10 gr,1 gr,249 kcal,,,,,,,,,,,,,,,,,,,,,,,,,,,,,,,,,,
,"Sun, May 10",23:15 ,Atún (1 lata),1,Proteína,120 gr,31 gr,0 gr,1 gr,0 gr,139 kcal,02:55,,,,,,,,,,,,,,,,,,,,,,,,,,,0.14,0.02,0.08,,,0.98,
,"Sun, May 10",23:15 ,Huevo,1,Proteína,50 gr,6 gr,0 gr,6 gr,0 gr,78 kcal,,,,,,,,,,,,,,,,,,,,,,,,,,,,0.12,0.94,2.24,,,5.90,
,"Sun, May 10",23:15 ,Queso Unt. Finlandia Light,5,Lácteo,50 gr,5 gr,3 gr,7 gr,0 gr,95 kcal,,,,,,,,,,,,,,,,,,,,,,,,,,,,0.07,0.22,2.13,0.29,0.51,4.11,
,"Sun, May 10",23:15 ,Lentejas,0.6,Carb,111 gr,7 gr,18 gr,1 gr,5 gr,103 kcal,,,,,,,,,,,,,,,,,,,,,,,,,,,,,,,,,,
,"Sun, May 10",23:15 ,Pan integral Fargo,3,Grano,89 gr,12 gr,36 gr,3 gr,5 gr,215 kcal,,,,,,,,,,,,,,,,,,,,,,,,,,,,,,,,,,
,"Sun, May 10",23:45 ,"Medallón de chocolate con menta, Benot",1,Procesado,14 gr,0 gr,10 gr,1 gr,1 gr,35 kcal,00:30,,,,,139 gr,303 gr,111 gr,31 gr,"2,704 kcal",1524 gr,,115 gr,100 gr,124 gr,35 gr,2000 kcal,1 gr,7 gr,33 gr,1 gr,2 gr,59 gr,0 gr,41 gr,63 gr,1:7,,0.04,0.42,,,1.26,
,"Mon, May 11",9:30 ,Vitaminas,1,Complemento,0 gr,0 gr,0 gr,0 gr,0 gr,0 kcal,09:45,,,,,,,,,,,,,,,,,,,,,,,,,,,,,,,,,
,"Mon, May 11",9:30 ,Café,1,Infusión,0 gr,0 gr,0 gr,0 gr,0 gr,0 kcal,,,,,,,,,,,,,,,,,,,,,,,,,,,,,,,,,,
,"Mon, May 11",9:30 ,Miel (1 cda),1,Carb,10 gr,0 gr,7 gr,0 gr,0 gr,28 kcal,,,,,,,,,,,,,,,,,,,,,,,,,,,,,,,,,,
,"Mon, May 11",9:30 ,"Leche, Protein",0.5,Lácteo,50 gr,2 gr,2 gr,0 gr,0 gr,19 kcal,,,,,,,,,,,,,,,,,,,,,,,,,,,,,,,,,,
,"Mon, May 11",9:30 ,"Gullon, bio organic, 4 cereales con espelta (1 un)",3,Procesado,27 gr,2 gr,18 gr,5 gr,1 gr,124 kcal,,,,,,,,,,,,,,,,,,,,,,,,,,,,,,,,,,
,"Mon, May 11",9:30 ,Nuez (1),1.25,Fruto Seco,5 gr,1 gr,1 gr,3 gr,0 gr,34 kcal,,,,,,,,,,,,,,,,,,,,,,,,,,,,0.32,1.63,0.70,,,3.19,
,"Mon, May 11",9:30 ,Almendra (1),1,Fruto Seco,7 gr,1 gr,0 gr,4 gr,1 gr,40 kcal,,,,,,,,,,,,,,,,,,,,,,,,,,,,,0.67,2.73,,,3.75,
,"Mon, May 11",9:30 ,"Chocolate Colonial, amargo dietético 70%",2,Carb,14 gr,2 gr,7 gr,5 gr,1 gr,69 kcal,,,,,,,,,,,,,,,,,,,,,,,,,,,,,0.14,1.57,,,4.76,
,"Mon, May 11",9:30 ,Pan integral Fargo,2,Grano,59 gr,8 gr,24 gr,2 gr,3 gr,143 kcal,,,,,,,,,,,,,,,,,,,,,,,,,,,,,,,,,,
,"Mon, May 11",9:30 ,Queso Unt. Finlandia Light,1,Lácteo,10 gr,1 gr,1 gr,1 gr,0 gr,19 kcal,,,,,,,,,,,,,,,,,,,,,,,,,,,,0.01,0.04,0.43,0.06,0.10,0.82,
,"Mon, May 11",14:20 ,Huevo,0.62,Proteína,40 gr,5 gr,0 gr,5 gr,0 gr,63 kcal,04:50,,,,,,,,,,,,,,,,,,,,,,,,,,,0.10,0.76,1.81,,,4.76,
,"Mon, May 11",14:20 ,Ají,0.5,Verdura,80 gr,1 gr,3 gr,0 gr,1 gr,14 kcal,,,,,,,,,,,,,,,,,,,,,,,,,,,,,,,,,,
,"Mon, May 11",14:20 ,Cebolla,0.5,Verdura,124 gr,1 gr,12 gr,0 gr,2 gr,52 kcal,,,,,,,,,,,,,,,,,,,,,,,,,,,,,,,,,,
,"Mon, May 11",14:20 ,Zucchini,0.5,Verdura,170 gr,2 gr,6 gr,0 gr,2 gr,29 kcal,,,,,,,,,,,,,,,,,,,,,,,,,,,,,,,,,,
,"Mon, May 11",14:20 ,Lentejas,0.5,Carb,82 gr,5 gr,13 gr,1 gr,4 gr,76 kcal,,,,,,,,,,,,,,,,,,,,,,,,,,,,,,,,,,
,"Mon, May 11",14:20 ,Pollo (1 pechuga),0.6,Proteína,172 gr,49 gr,0 gr,6 gr,0 gr,260 kcal,,,,,,,,,,,,,,,,,,,,,,,,,,,,0.06,1.10,2.20,,,5.50,
,"Mon, May 11",15:00 ,"Medallón de chocolate con menta, Benot",1,Procesado,14 gr,0 gr,10 gr,1 gr,1 gr,35 kcal,00:40,,,,,,,,,,,,,,,,,,,,,,,,,,,,0.04,0.42,,,1.26,
,"Mon, May 11",17:00,Power Pulver barra proteica,1,Procesado,60 gr,20 gr,32 gr,3 gr,0 gr,225 kcal,02:00,,,,,,,,,,,,,,,,,,,,,,,,,,,,,,,,,
,"Mon, May 11",18:00 ,Galletitas frutos secos Doninas (5 un),0.5,Procesado,15 gr,1 gr,10 gr,3 gr,1 gr,67 kcal,01:00,,,,,,,,,,,,,,,,,,,,,,,,,,,,,,,,,
,"Mon, May 11",21:00 ,Atún (1 lata),1,Proteína,120 gr,31 gr,0 gr,1 gr,0 gr,139 kcal,03:00,,,,,,,,,,,,,,,,,,,,,,,,,,,0.14,0.02,0.08,,,0.98,
,"Mon, May 11",21:00 ,Huevo,1,Proteína,45 gr,5 gr,0 gr,5 gr,0 gr,70 kcal,,,,,,,,,,,,,,,,,,,,,,,,,,,,0.11,0.85,2.02,,,5.31,
,"Mon, May 11",21:00 ,Queso Unt. Finlandia Light,5,Lácteo,50 gr,5 gr,3 gr,7 gr,0 gr,95 kcal,,,,,,,,,,,,,,,,,,,,,,,,,,,,0.07,0.22,2.13,0.29,0.51,4.11,
,"Mon, May 11",21:00 ,Pan integral Fargo,3,Grano,89 gr,12 gr,36 gr,3 gr,5 gr,215 kcal,,,,,,,,,,,,,,,,,,,,,,,,,,,,,,,,,,
,"Mon, May 11",23:30 ,Te,1,Infusión,0 gr,0 gr,0 gr,0 gr,0 gr,0 kcal,02:30,,,,,,,,,,,,,,,,,,,,,,,,,,,,,,,,,
,"Mon, May 11",23:30 ,Miel (1 cda),1,Carb,10 gr,0 gr,7 gr,0 gr,0 gr,28 kcal,,,,,,,,,,,,,,,,,,,,,,,,,,,,,,,,,,
,"Mon, May 11",23:30 ,Creatina Monohidrato,0.5,Complemento,0 gr,0 gr,0 gr,0 gr,0 gr,0 kcal,,,,,,,,,,,,,,,,,,,,,,,,,,,,,,,,,,
,"Mon, May 11",23:30 ,Galletitas frutos secos Doninas (5 un),1,Procesado,30 gr,2 gr,20 gr,5 gr,1 gr,133 kcal,,,,,,154 gr,212 gr,59 gr,22 gr,"1,977 kcal",1283 gr,,115 gr,100 gr,124 gr,35 gr,2000 kcal,1 gr,5 gr,14 gr,0 gr,1 gr,34 gr,0 gr,20 gr,35 gr,1:5,,,,,,,
,"Tue, May 12",9:25 ,Vitaminas,1,Complemento,0 gr,0 gr,0 gr,0 gr,0 gr,0 kcal,09:55,,,,,,,,,,,,,,,,,,,,,,,,,,,,,,,,,
,"Tue, May 12",9:25 ,"Galletitas Integra, maní & almendras (1 un)",3,Carb,36 gr,5 gr,20 gr,5 gr,5 gr,141 kcal,,,,,,,,,,,,,,,,,,,,,,,,,,,,,,,,,,
,"Tue, May 12",9:25 ,"Chocolate Colonial, amargo dietético 70%",2,Carb,14 gr,2 gr,7 gr,5 gr,1 gr,69 kcal,,,,,,,,,,,,,,,,,,,,,,,,,,,,,0.14,1.57,,,4.76,
,"Tue, May 12",9:25 ,Café,1,Infusión,0 gr,0 gr,0 gr,0 gr,0 gr,0 kcal,,,,,,,,,,,,,,,,,,,,,,,,,,,,,,,,,,
,"Tue, May 12",9:25 ,Miel (1 cda),1,Carb,10 gr,0 gr,7 gr,0 gr,0 gr,28 kcal,,,,,,,,,,,,,,,,,,,,,,,,,,,,,,,,,,
,"Tue, May 12",9:25 ,"Leche, Protein",0.5,Lácteo,50 gr,2 gr,2 gr,0 gr,0 gr,19 kcal,,,,,,,,,,,,,,,,,,,,,,,,,,,,,,,,,,
,"Tue, May 12",12:30 ,"Vaca, cuadril",2,Proteína,200 gr,44 gr,0 gr,14 gr,0 gr,300 kcal,03:05,,,,,,,,,,,,,,,,,,,,,,,,,,,0.14,0.56,5.88,,,7.00,
,"Tue, May 12",12:30 ,"Ensalada (lechuga, repollo b+m, zanahoria)",0.9,Verdura,108 gr,1 gr,5 gr,0 gr,2 gr,27 kcal,,,,,,,,,,,,,,,,,,,,,,,,,,,,,,,,,,
,"Tue, May 12",12:30 ,Rapiditas light,3,Carb,83 gr,8 gr,42 gr,4 gr,3 gr,234 kcal,,,,,,,,,,,,,,,,,,,,,,,,,,,,,,,,,,
,"Tue, May 12",12:30 ,Queso Unt. Finlandia Light,5,Lácteo,50 gr,5 gr,3 gr,7 gr,0 gr,95 kcal,,,,,,,,,,,,,,,,,,,,,,,,,,,,0.07,0.22,2.13,0.29,0.51,4.11,
,"Tue, May 12",16:00 ,Café,1,Infusión,0 gr,0 gr,0 gr,0 gr,0 gr,0 kcal,03:30,,,,,,,,,,,,,,,,,,,,,,,,,,,,,,,,,
,"Tue, May 12",16:00 ,Miel (1 cda),1,Carb,10 gr,0 gr,7 gr,0 gr,0 gr,28 kcal,,,,,,,,,,,,,,,,,,,,,,,,,,,,,,,,,,
,"Tue, May 12",16:00 ,"Leche, Protein",1.5,Lácteo,150 gr,7 gr,7 gr,0 gr,0 gr,56 kcal,,,,,,,,,,,,,,,,,,,,,,,,,,,,,,,,,,
,"Tue, May 12",16:00 ,"Dicomere, cacao amargo puro en polvo",0.1,Procesado,1 gr,0 gr,0 gr,0 gr,0 gr,3 kcal,,,,,,,,,,,,,,,,,,,,,,,,,,,,,,,,,,
,"Tue, May 12",16:00 ,Growsbar cookies & cream,1,Procesado,46 gr,14 gr,20 gr,6 gr,1 gr,186 kcal,,,,,,,,,,,,,,,,,,,,,,,,,,,,,,,,,,
,"Tue, May 12",18:10 ,Manzana,1,Fruta,180 gr,1 gr,34 gr,0 gr,5 gr,130 kcal,02:10,,,,,,,,,,,,,,,,,,,,,,,,,,,,,,,,,
,"Tue, May 12",18:10 ,Banana,1,Fruta,130 gr,1 gr,30 gr,0 gr,3 gr,116 kcal,,,,,,,,,,,,,,,,,,,,,,,,,,,,,,,,,,
,"Tue, May 12",18:10 ,"Leche, Protein",0.5,Lácteo,50 gr,2 gr,2 gr,0 gr,0 gr,19 kcal,,,,,,,,,,,,,,,,,,,,,,,,,,,,,,,,,,
,"Tue, May 12",18:10 ,Creatina Monohidrato,0.5,Complemento,0 gr,0 gr,0 gr,0 gr,0 gr,0 kcal,,,,,,,,,,,,,,,,,,,,,,,,,,,,,,,,,,
,"Tue, May 12",18:10 ,"Galletitas Integra, maní & almendras (1 un)",2,Carb,24 gr,3 gr,13 gr,3 gr,3 gr,94 kcal,,,,,,,,,,,,,,,,,,,,,,,,,,,,,,,,,,
,"Tue, May 12",21:15 ,Pollo (1 pechuga),0.55,Proteína,160 gr,46 gr,0 gr,5 gr,0 gr,242 kcal,03:05,,,,,,,,,,,,,,,,,,,,,,,,,,,0.05,1.02,2.05,,,5.12,
,"Tue, May 12",21:15 ,"Ensalada (lechuga, repollo b+m, zanahoria)",0.9,Verdura,108 gr,1 gr,5 gr,0 gr,2 gr,27 kcal,,,,,,,,,,,,,,,,,,,,,,,,,,,,,,,,,,
,"Tue, May 12",21:15 ,Rapiditas light,3,Carb,83 gr,8 gr,42 gr,4 gr,3 gr,234 kcal,,,,,,,,,,,,,,,,,,,,,,,,,,,,,,,,,,
,"Tue, May 12",21:15 ,Queso Unt. Finlandia Light,5,Lácteo,50 gr,5 gr,3 gr,7 gr,0 gr,95 kcal,,,,,,,,,,,,,,,,,,,,,,,,,,,,0.07,0.22,2.13,0.29,0.51,4.11,
,"Tue, May 12",21:15 ,"Aceite de oliva El Gran Juicio (EV, 1 cda sop)",0.3,Grano,4 gr,0 gr,0 gr,4 gr,0 gr,32 kcal,,,,,,,,,,,,,,,,,,,,,,,,,,,,0.04,0.36,2.70,,,3.60,
,"Tue, May 12",21:40 ,"Medallón de chocolate con menta, Benot",1,Procesado,14 gr,0 gr,10 gr,1 gr,1 gr,35 kcal,00:25,,,,,154 gr,258 gr,66 gr,29 gr,"2,208 kcal",1560 gr,,115 gr,100 gr,124 gr,35 gr,2000 kcal,0 gr,3 gr,17 gr,1 gr,1 gr,30 gr,0 gr,20 gr,32 gr,0:3,,0.04,0.42,,,1.26,
,"Wed, May 13",8:25 ,Vitaminas,1,Complemento,0 gr,0 gr,0 gr,0 gr,0 gr,0 kcal,10:45,,,,,,,,,,,,,,,,,,,,,,,,,,,,,,,,,
,"Wed, May 13",8:25 ,Café,1,Infusión,0 gr,0 gr,0 gr,0 gr,0 gr,0 kcal,,,,,,,,,,,,,,,,,,,,,,,,,,,,,,,,,,
,"Wed, May 13",8:25 ,Miel (1 cda),1,Carb,10 gr,0 gr,7 gr,0 gr,0 gr,28 kcal,,,,,,,,,,,,,,,,,,,,,,,,,,,,,,,,,,
,"Wed, May 13",8:25 ,"Leche, Protein",0.5,Lácteo,50 gr,2 gr,2 gr,0 gr,0 gr,19 kcal,,,,,,,,,,,,,,,,,,,,,,,,,,,,,,,,,,
,"Wed, May 13",8:25 ,"Galletitas Integra, maní & almendras (1 un)",3.3,Carb,40 gr,6 gr,22 gr,5 gr,6 gr,155 kcal,,,,,,,,,,,,,,,,,,,,,,,,,,,,,,,,,,
,"Wed, May 13",8:25 ,"Chocolate Colonial, amargo dietético 70%",2,Carb,14 gr,2 gr,7 gr,5 gr,1 gr,69 kcal,,,,,,,,,,,,,,,,,,,,,,,,,,,,,0.14,1.57,,,4.76,
,"Wed, May 13",8:25 ,Nuez (1),1,Fruto Seco,4 gr,1 gr,0 gr,3 gr,0 gr,27 kcal,,,,,,,,,,,,,,,,,,,,,,,,,,,,0.26,1.30,0.56,,,2.55,
,"Wed, May 13",8:25 ,Almendra (1),1,Fruto Seco,7 gr,1 gr,0 gr,4 gr,1 gr,40 kcal,,,,,,,,,,,,,,,,,,,,,,,,,,,,,0.67,2.73,,,3.75,
,"Wed, May 13",13:00 ,Pollo (1 pechuga),0.65,Proteína,195 gr,56 gr,0 gr,6 gr,0 gr,294 kcal,04:35,,,,,,,,,,,,,,,,,,,,,,,,,,,0.06,1.25,2.50,,,6.24,
,"Wed, May 13",13:00 ,"Ensalada (lechuga, repollo b+m, zanahoria)",1,Verdura,120 gr,2 gr,5 gr,0 gr,2 gr,30 kcal,,,,,,,,,,,,,,,,,,,,,,,,,,,,,,,,,,
,"Wed, May 13",13:00 ,Rapiditas light,3,Carb,83 gr,8 gr,42 gr,4 gr,3 gr,234 kcal,,,,,,,,,,,,,,,,,,,,,,,,,,,,,,,,,,
,"Wed, May 13",13:00 ,Queso Unt. Finlandia Light,5,Lácteo,50 gr,5 gr,3 gr,7 gr,0 gr,95 kcal,,,,,,,,,,,,,,,,,,,,,,,,,,,,0.07,0.22,2.13,0.29,0.51,4.11,
,"Wed, May 13",13:00 ,"Aceite de oliva El Gran Juicio (EV, 1 cda sop)",0.3,Grano,4 gr,0 gr,0 gr,4 gr,0 gr,32 kcal,,,,,,,,,,,,,,,,,,,,,,,,,,,,0.04,0.36,2.70,,,3.60,
,"Wed, May 13",14:50 ,Café,1,Infusión,0 gr,0 gr,0 gr,0 gr,0 gr,0 kcal,01:50,,,,,,,,,,,,,,,,,,,,,,,,,,,,,,,,,
,"Wed, May 13",14:50 ,Miel (1 cda),1,Carb,10 gr,0 gr,7 gr,0 gr,0 gr,28 kcal,,,,,,,,,,,,,,,,,,,,,,,,,,,,,,,,,,
,"Wed, May 13",14:50 ,"Leche, Protein",1,Lácteo,100 gr,5 gr,5 gr,0 gr,0 gr,37 kcal,,,,,,,,,,,,,,,,,,,,,,,,,,,,,,,,,,
,"Wed, May 13",14:50 ,Growsbar cookies & cream,1,Procesado,46 gr,14 gr,20 gr,6 gr,1 gr,186 kcal,,,,,,,,,,,,,,,,,,,,,,,,,,,,,,,,,,
,"Wed, May 13",18:45 ,Manzana,1,Fruta,174 gr,1 gr,33 gr,0 gr,5 gr,125 kcal,03:55,,,,,,,,,,,,,,,,,,,,,,,,,,,,,,,,,
,"Wed, May 13",18:45 ,Banana,1,Fruta,150 gr,2 gr,35 gr,0 gr,4 gr,134 kcal,,,,,,,,,,,,,,,,,,,,,,,,,,,,,,,,,,
,"Wed, May 13",18:45 ,"Leche, Protein",0.5,Lácteo,50 gr,2 gr,2 gr,0 gr,0 gr,19 kcal,,,,,,,,,,,,,,,,,,,,,,,,,,,,,,,,,,
,"Wed, May 13",18:45 ,Creatina Monohidrato,0.5,Complemento,0 gr,0 gr,0 gr,0 gr,0 gr,0 kcal,,,,,,,,,,,,,,,,,,,,,,,,,,,,,,,,,,
,"Wed, May 13",18:45 ,"Galletitas Integra, maní & almendras (1 un)",2,Carb,24 gr,3 gr,13 gr,3 gr,3 gr,94 kcal,,,,,,,,,,,,,,,,,,,,,,,,,,,,,,,,,,
,"Wed, May 13",21:00 ,"Vaca, cuadril",1.7,Proteína,170 gr,37 gr,0 gr,12 gr,0 gr,255 kcal,02:15,,,,,,,,,,,,,,,,,,,,,,,,,,,0.12,0.48,5.00,,,5.95,
,"Wed, May 13",21:00 ,"Ensalada (lechuga, repollo b+m, zanahoria)",0.4,Verdura,48 gr,1 gr,2 gr,0 gr,1 gr,12 kcal,,,,,,,,,,,,,,,,,,,,,,,,,,,,,,,,,,
,"Wed, May 13",21:00 ,Queso Unt. Finlandia Light,1,Lácteo,10 gr,1 gr,1 gr,1 gr,0 gr,19 kcal,,,,,,,,,,,,,,,,,,,,,,,,,,,,0.01,0.04,0.43,0.06,0.10,0.82,
,"Wed, May 13",21:00 ,Rapiditas light,2,Carb,55 gr,5 gr,28 gr,3 gr,2 gr,156 kcal,,,,,,,,,,,,,,,,,,,,,,,,,,,,,,,,,,
,"Wed, May 13",21:00 ,"Aceite de oliva El Gran Juicio (EV, 1 cda sop)",0.1,Grano,1 gr,0 gr,0 gr,1 gr,0 gr,11 kcal,,,,,,,,,,,,,,,,,,,,,,,,,,,,0.01,0.12,0.90,,,1.20,
,"Wed, May 13",21:00 ,Morcilla,0.9,Proteína,90 gr,11 gr,3 gr,18 gr,0 gr,252 kcal,,,,,,,,,,,,,,,,,,,,,,,,,,,,0.18,1.80,8.10,,,18.00,
,"Wed, May 13",21:50 ,"Yogurt, Ser",1,Lácteo,190 gr,9 gr,11 gr,0 gr,0 gr,80 kcal,00:50,,,,,171 gr,248 gr,82 gr,29 gr,"2,431 kcal",1694 gr,,115 gr,100 gr,124 gr,35 gr,2000 kcal,1 gr,6 gr,27 gr,0 gr,1 gr,51 gr,0 gr,34 gr,52 gr,1:6,,,,,,,
,"Thu, May 14",9:50 ,Vitaminas,1,Complemento,0 gr,0 gr,0 gr,0 gr,0 gr,0 kcal,12:00,,,,,,,,,,,,,,,,,,,,,,,,,,,,,,,,,
,"Thu, May 14",9:50 ,Café,1,Infusión,0 gr,0 gr,0 gr,0 gr,0 gr,0 kcal,,,,,,,,,,,,,,,,,,,,,,,,,,,,,,,,,,
,"Thu, May 14",9:50 ,Miel (1 cda),1,Carb,10 gr,0 gr,7 gr,0 gr,0 gr,28 kcal,,,,,,,,,,,,,,,,,,,,,,,,,,,,,,,,,,
,"Thu, May 14",9:50 ,Pan integral Fargo,2,Grano,52 gr,7 gr,21 gr,2 gr,3 gr,126 kcal,,,,,,,,,,,,,,,,,,,,,,,,,,,,,,,,,,
,"Thu, May 14",9:50 ,Queso Unt. Finlandia Light,2,Lácteo,20 gr,2 gr,1 gr,3 gr,0 gr,38 kcal,,,,,,,,,,,,,,,,,,,,,,,,,,,,0.03,0.09,0.85,0.12,0.21,1.64,
,"Thu, May 14",9:50 ,Huevo,1,Proteína,38 gr,5 gr,0 gr,4 gr,0 gr,59 kcal,,,,,,,,,,,,,,,,,,,,,,,,,,,,0.09,0.72,1.70,,,4.48,
,"Thu, May 14",14:15 ,Pollo (1 pechuga),0.6,Proteína,180 gr,51 gr,0 gr,6 gr,0 gr,272 kcal,04:25,,,,,,,,,,,,,,,,,,,,,,,,,,,0.06,1.15,2.30,,,5.76,
,"Thu, May 14",14:15 ,Arroz Integral,1,Grano,40 gr,1 gr,9 gr,0 gr,1 gr,44 kcal,,,,,,,,,,,,,,,,,,,,,,,,,,,,,,,,,,
,"Thu, May 14",14:15 ,Pan Integral D&D,2,Grano,47 gr,4 gr,23 gr,1 gr,2 gr,109 kcal,,,,,,,,,,,,,,,,,,,,,,,,,,,,,,,,,,
,"Thu, May 14",14:15 ,Queso Unt. Finlandia Light,2,Lácteo,20 gr,2 gr,1 gr,3 gr,0 gr,38 kcal,,,,,,,,,,,,,,,,,,,,,,,,,,,,0.03,0.09,0.85,0.12,0.21,1.64,
,"Thu, May 14",14:15 ,Porotos Alubia,0.5,Carb,103 gr,23 gr,63 gr,1 gr,18 gr,349 kcal,,,,,,,,,,,,,,,,,,,,,,,,,,,,,,,,,,
,"Thu, May 14",14:15 ,Tomate,1,Verdura,153 gr,1 gr,6 gr,0 gr,2 gr,28 kcal,,,,,,,,,,,,,,,,,,,,,,,,,,,,,,,,,,
,"Thu, May 14",14:15 ,Pan integral Fargo,0.8,Grano,24 gr,3 gr,10 gr,1 gr,1 gr,57 kcal,,,,,,,,,,,,,,,,,,,,,,,,,,,,,,,,,,
,"Thu, May 14",14:15 ,"Aceite de oliva El Gran Juicio (EV, 1 cda sop)",0.2,Grano,2 gr,0 gr,0 gr,2 gr,0 gr,22 kcal,,,,,,,,,,,,,,,,,,,,,,,,,,,,0.02,0.24,1.80,,,2.40,
,"Thu, May 14",14:15 ,Maní King Tostado Sin Piel Sin Sodio (1 cda sop),1,Fruto Seco,15 gr,4 gr,2 gr,8 gr,1 gr,89 kcal,,,,,,,,,,,,,,,,,,,,,,,,,,,,,2.55,3.68,,,7.50,
,"Thu, May 14",14:50 ,"Medallón de chocolate con menta, Benot",1,Procesado,14 gr,0 gr,10 gr,1 gr,1 gr,35 kcal,00:35,,,,,,,,,,,,,,,,,,,,,,,,,,,,0.04,0.42,,,1.26,
,"Thu, May 14",17:50 ,Café,1,Infusión,0 gr,0 gr,0 gr,0 gr,0 gr,0 kcal,03:00,,,,,,,,,,,,,,,,,,,,,,,,,,,,,,,,,
,"Thu, May 14",17:50 ,Miel (1 cda),1,Carb,10 gr,0 gr,7 gr,0 gr,0 gr,28 kcal,,,,,,,,,,,,,,,,,,,,,,,,,,,,,,,,,,
,"Thu, May 14",17:50 ,"Leche, Protein",1,Lácteo,100 gr,5 gr,5 gr,0 gr,0 gr,37 kcal,,,,,,,,,,,,,,,,,,,,,,,,,,,,,,,,,,
,"Thu, May 14",17:50 ,Power Pulver barra proteica,1,Procesado,60 gr,20 gr,32 gr,3 gr,0 gr,225 kcal,,,,,,,,,,,,,,,,,,,,,,,,,,,,,,,,,,
,"Thu, May 14",17:50 ,"Dicomere, cacao amargo puro en polvo",0.1,Procesado,1 gr,0 gr,0 gr,0 gr,0 gr,3 kcal,,,,,,,,,,,,,,,,,,,,,,,,,,,,,,,,,,
,"Thu, May 14",17:50 ,"Galletitas Integra, maní & almendras (1 un)",1,Carb,12 gr,2 gr,7 gr,2 gr,2 gr,47 kcal,,,,,,,,,,,,,,,,,,,,,,,,,,,,,,,,,,
,"Thu, May 14",20:10 ,Te,1,Infusión,0 gr,0 gr,0 gr,0 gr,0 gr,0 kcal,02:20,,,,,,,,,,,,,,,,,,,,,,,,,,,,,,,,,
,"Thu, May 14",20:10 ,"Leche, Protein",0.5,Lácteo,50 gr,2 gr,2 gr,0 gr,0 gr,19 kcal,,,,,,,,,,,,,,,,,,,,,,,,,,,,,,,,,,
,"Thu, May 14",20:10 ,Creatina Monohidrato,0.5,Complemento,0 gr,0 gr,0 gr,0 gr,0 gr,0 kcal,,,,,,,,,,,,,,,,,,,,,,,,,,,,,,,,,,
,"Thu, May 14",20:10 ,"Galletitas Integra, maní & almendras (1 un)",3,Carb,36 gr,5 gr,20 gr,5 gr,5 gr,141 kcal,,,,,,,,,,,,,,,,,,,,,,,,,,,,,,,,,,
,"Thu, May 14",21:50 ,Pollo (1 pechuga),0.15,Proteína,45 gr,13 gr,0 gr,1 gr,0 gr,68 kcal,01:40,,,,,,,,,,,,,,,,,,,,,,,,,,,0.01,0.29,0.58,,,1.44,
,"Thu, May 14",21:50 ,Lentejas,0.3,Carb,45 gr,3 gr,7 gr,0 gr,2 gr,42 kcal,,,,,,,,,,,,,,,,,,,,,,,,,,,,,,,,,,
,"Thu, May 14",21:50 ,Salsa tipo casera Pomarola,0.3,Verdura,24 gr,0 gr,1 gr,0 gr,0 gr,8 kcal,,,,,,,,,,,,,,,,,,,,,,,,,,,,,,,,,,
,"Thu, May 14",21:50 ,Champiñones,0.2,Proteína,20 gr,1 gr,1 gr,0 gr,0 gr,6 kcal,,,,,,,,,,,,,,,,,,,,,,,,,,,,,,,,,,
,"Thu, May 14",22:15 ,Yogurt Griego Yogusísimo (140g),1,Lácteo,140 gr,9 gr,12 gr,4 gr,0 gr,115 kcal,00:25,,,,,162 gr,245 gr,48 gr,39 gr,"2,032 kcal",1261 gr,,115 gr,100 gr,124 gr,35 gr,2000 kcal,0 gr,5 gr,12 gr,0 gr,0 gr,26 gr,0 gr,18 gr,27 gr,0:5,,,,,,,
,"Fri, May 15",9:40 ,Vitaminas,1,Complemento,0 gr,0 gr,0 gr,0 gr,0 gr,0 kcal,11:25,,,,,,,,,,,,,,,,,,,,,,,,,,,,,,,,,
,"Fri, May 15",9:40 ,Café,1,Infusión,0 gr,0 gr,0 gr,0 gr,0 gr,0 kcal,,,,,,,,,,,,,,,,,,,,,,,,,,,,,,,,,,
,"Fri, May 15",9:40 ,Miel (1 cda),1,Carb,10 gr,0 gr,7 gr,0 gr,0 gr,28 kcal,,,,,,,,,,,,,,,,,,,,,,,,,,,,,,,,,,
,"Fri, May 15",9:40 ,"Leche, Protein",0.5,Lácteo,50 gr,2 gr,2 gr,0 gr,0 gr,19 kcal,,,,,,,,,,,,,,,,,,,,,,,,,,,,,,,,,,
,"Fri, May 15",9:40 ,"Frutigran, Salvado",3,Procesado,45 gr,4 gr,29 gr,6 gr,4 gr,182 kcal,,,,,,,,,,,,,,,,,,,,,,,,,,,,,,,,,,
,"Fri, May 15",9:40 ,"Chocolate Colonial, amargo dietético 70%",1,Carb,7 gr,1 gr,3 gr,2 gr,1 gr,35 kcal,,,,,,,,,,,,,,,,,,,,,,,,,,,,,0.07,0.79,,,2.38,
,"Fri, May 15",14:25 ,Pollo (1 pechuga),0.6,Proteína,167 gr,48 gr,0 gr,5 gr,0 gr,252 kcal,04:45,,,,,,,,,,,,,,,,,,,,,,,,,,,0.05,1.07,2.14,,,5.34,
,"Fri, May 15",14:25 ,Arroz Integral,1,Grano,40 gr,1 gr,9 gr,0 gr,1 gr,44 kcal,,,,,,,,,,,,,,,,,,,,,,,,,,,,,,,,,,
,"Fri, May 15",14:25 ,Porotos Alubia,0.1,Carb,55 gr,12 gr,34 gr,1 gr,10 gr,187 kcal,,,,,,,,,,,,,,,,,,,,,,,,,,,,,,,,,,
,"Fri, May 15",14:25 ,Jardinera,0.4,Carb,95 gr,4 gr,12 gr,0 gr,3 gr,66 kcal,,,,,,,,,,,,,,,,,,,,,,,,,,,,,,,,,,
,"Fri, May 15",14:25 ,Pan Integral D&D,2,Grano,50 gr,4 gr,24 gr,1 gr,3 gr,116 kcal,,,,,,,,,,,,,,,,,,,,,,,,,,,,,,,,,,
,"Fri, May 15",14:25 ,Queso Unt. Finlandia Light,2,Lácteo,20 gr,2 gr,1 gr,3 gr,0 gr,38 kcal,,,,,,,,,,,,,,,,,,,,,,,,,,,,0.03,0.09,0.85,0.12,0.21,1.64,
,"Fri, May 15",14:25 ,Maní King Tostado Sin Piel Sin Sodio (1 cda sop),1,Fruto Seco,15 gr,4 gr,2 gr,8 gr,1 gr,89 kcal,,,,,,,,,,,,,,,,,,,,,,,,,,,,,2.55,3.68,,,7.50,
,"Fri, May 15",14:25 ,"Aceite de oliva El Gran Juicio (EV, 1 cda sop)",0.2,Grano,2 gr,0 gr,0 gr,2 gr,0 gr,22 kcal,,,,,,,,,,,,,,,,,,,,,,,,,,,,0.02,0.24,1.80,,,2.40,
,"Fri, May 15",16:50 ,Banana,1,Fruta,130 gr,1 gr,30 gr,0 gr,3 gr,116 kcal,02:25,,,,,,,,,,,,,,,,,,,,,,,,,,,,,,,,,
,"Fri, May 15",16:50 ,Yogurt Griego Yogusísimo (140g),1,Lácteo,110 gr,7 gr,9 gr,3 gr,0 gr,90 kcal,,,,,,,,,,,,,,,,,,,,,,,,,,,,,,,,,,
,"Fri, May 15",16:50 ,Queso Unt. Finlandia Light,2,Lácteo,24 gr,2 gr,1 gr,4 gr,0 gr,46 kcal,,,,,,,,,,,,,,,,,,,,,,,,,,,,0.04,0.11,1.02,0.14,0.25,1.97,
,"Fri, May 15",16:50 ,"Frutigran, Salvado",1,Procesado,15 gr,1 gr,10 gr,2 gr,1 gr,61 kcal,,,,,,,,,,,,,,,,,,,,,,,,,,,,,,,,,,
,"Fri, May 15",19:05 ,Café,1,Infusión,0 gr,0 gr,0 gr,0 gr,0 gr,0 kcal,02:15,,,,,,,,,,,,,,,,,,,,,,,,,,,,,,,,,
,"Fri, May 15",19:05 ,Miel (1 cda),1,Carb,10 gr,0 gr,7 gr,0 gr,0 gr,28 kcal,,,,,,,,,,,,,,,,,,,,,,,,,,,,,,,,,,
,"Fri, May 15",19:05 ,"Leche, Protein",1,Lácteo,100 gr,5 gr,5 gr,0 gr,0 gr,37 kcal,,,,,,,,,,,,,,,,,,,,,,,,,,,,,,,,,,
,"Fri, May 15",19:05 ,Power Pulver barra proteica,1,Procesado,60 gr,20 gr,32 gr,3 gr,0 gr,225 kcal,,,,,,,,,,,,,,,,,,,,,,,,,,,,,,,,,,
,"Fri, May 15",22:00 ,Pan Integral D&D,2,Grano,50 gr,4 gr,24 gr,1 gr,3 gr,116 kcal,02:55,,,,,,,,,,,,,,,,,,,,,,,,,,,,,,,,,
,"Fri, May 15",22:00 ,Queso Unt. Finlandia Light,2,Lácteo,20 gr,2 gr,1 gr,3 gr,0 gr,38 kcal,,,,,,,,,,,,,,,,,,,,,,,,,,,,0.03,0.09,0.85,0.12,0.21,1.64,
,"Fri, May 15",22:00 ,Arroz Integral,0.2,Grano,8 gr,0 gr,2 gr,0 gr,0 gr,9 kcal,,,,,,,,,,,,,,,,,,,,,,,,,,,,,,,,,,
,"Fri, May 15",22:00 ,Lentejas,0.1,Carb,15 gr,1 gr,2 gr,0 gr,1 gr,14 kcal,,,,,,,,,,,,,,,,,,,,,,,,,,,,,,,,,,
,"Fri, May 15",22:00 ,Pollo (1 pechuga),0.1,Proteína,30 gr,9 gr,0 gr,1 gr,0 gr,45 kcal,,,,,,,,,,,,,,,,,,,,,,,,,,,,0.01,0.19,0.38,,,0.96,
,"Fri, May 15",22:00 ,Champiñones,0.1,Proteína,10 gr,0 gr,0 gr,0 gr,0 gr,3 kcal,,,,,,,,,,,,,,,,,,,,,,,,,,,,,,,,,,
,"Fri, May 15",22:00 ,Porotos Alubia,0.1,Carb,10 gr,2 gr,6 gr,0 gr,2 gr,34 kcal,,,,,,,,,,,,,,,,,,,,,,,,,,,,,,,,,,
,"Fri, May 15",22:00 ,Huevo,1,Proteína,65 gr,8 gr,0 gr,8 gr,0 gr,101 kcal,,,,,,,,,,,,,,,,,,,,,,,,,,,,0.15,1.23,2.91,,,7.67,
,"Fri, May 15",22:25 ,Te,1,Infusión,0 gr,0 gr,0 gr,0 gr,0 gr,0 kcal,00:25,,,,,,,,,,,,,,,,,,,,,,,,,,,,,,,,,
,"Fri, May 15",22:25 ,Miel (1 cda),1,Carb,10 gr,0 gr,7 gr,0 gr,0 gr,28 kcal,,,,,,,,,,,,,,,,,,,,,,,,,,,,,,,,,,
,"Fri, May 15",22:25 ,"Frutigran, Salvado",2,Procesado,30 gr,2 gr,19 gr,4 gr,3 gr,122 kcal,,,,,,146 gr,279 gr,58 gr,35 gr,"2,190 kcal",1253 gr,,115 gr,100 gr,124 gr,35 gr,2000 kcal,0 gr,6 gr,14 gr,0 gr,1 gr,32 gr,0 gr,20 gr,33 gr,0:6,,,,,,,
,"Sat, May 16",9:30 ,Vitaminas,1,Complemento,0 gr,0 gr,0 gr,0 gr,0 gr,0 kcal,11:05,,,,,,,,,,,,,,,,,,,,,,,,,,,,,,,,,
,"Sat, May 16",9:30 ,Tostadas de arroz Leiva,2,Procesado,20 gr,1 gr,17 gr,0 gr,0 gr,73 kcal,,,,,,,,,,,,,,,,,,,,,,,,,,,,,,,,,,
,"Sat, May 16",9:30 ,Queso Unt. Finlandia Light,1,Lácteo,10 gr,1 gr,1 gr,1 gr,0 gr,19 kcal,,,,,,,,,,,,,,,,,,,,,,,,,,,,0.01,0.04,0.43,0.06,0.10,0.82,
,"Sat, May 16",9:30 ,Galletitas frutos secos Doninas (5 un),2,Procesado,60 gr,3 gr,40 gr,10 gr,2 gr,266 kcal,,,,,,,,,,,,,,,,,,,,,,,,,,,,,,,,,,
,"Sat, May 16",9:30 ,Te,1,Infusión,0 gr,0 gr,0 gr,0 gr,0 gr,0 kcal,,,,,,,,,,,,,,,,,,,,,,,,,,,,,,,,,,
,"Sat, May 16",9:30 ,Miel (1 cda),1,Carb,10 gr,0 gr,7 gr,0 gr,0 gr,28 kcal,,,,,,,,,,,,,,,,,,,,,,,,,,,,,,,,,,
,"Sat, May 16",9:30 ,"Leche, Protein",0.5,Lácteo,50 gr,2 gr,2 gr,0 gr,0 gr,19 kcal,,,,,,,,,,,,,,,,,,,,,,,,,,,,,,,,,,
,"Sat, May 16",12:00 ,Growsbar cookies & cream,1,Procesado,46 gr,14 gr,20 gr,6 gr,1 gr,186 kcal,02:30,,,,,,,,,,,,,,,,,,,,,,,,,,,,,,,,,
,"Sat, May 16",14:45 ,Pollo (1 pechuga),0.6,Proteína,198 gr,56 gr,0 gr,6 gr,0 gr,299 kcal,02:45,,,,,,,,,,,,,,,,,,,,,,,,,,,0.06,1.27,2.53,,,6.34,
,"Sat, May 16",14:45 ,Tomate,1,Verdura,117 gr,1 gr,5 gr,0 gr,1 gr,21 kcal,,,,,,,,,,,,,,,,,,,,,,,,,,,,,,,,,,
,"Sat, May 16",14:45 ,Pan Integral D&D,2,Grano,50 gr,4 gr,24 gr,1 gr,3 gr,116 kcal,,,,,,,,,,,,,,,,,,,,,,,,,,,,,,,,,,
,"Sat, May 16",14:45 ,Queso Unt. Finlandia Light,2,Lácteo,20 gr,2 gr,1 gr,3 gr,0 gr,38 kcal,,,,,,,,,,,,,,,,,,,,,,,,,,,,0.03,0.09,0.85,0.12,0.21,1.64,
,"Sat, May 16",16:05 ,Café,1,Infusión,0 gr,0 gr,0 gr,0 gr,0 gr,0 kcal,01:20,,,,,,,,,,,,,,,,,,,,,,,,,,,,,,,,,
,"Sat, May 16",16:05 ,Miel (1 cda),1,Carb,10 gr,0 gr,7 gr,0 gr,0 gr,28 kcal,,,,,,,,,,,,,,,,,,,,,,,,,,,,,,,,,,
,"Sat, May 16",16:05 ,"Leche, Protein",1,Lácteo,100 gr,5 gr,5 gr,0 gr,0 gr,37 kcal,,,,,,,,,,,,,,,,,,,,,,,,,,,,,,,,,,
,"Sat, May 16",16:05 ,Growsbar cookies & cream,1,Procesado,46 gr,14 gr,20 gr,6 gr,1 gr,186 kcal,,,,,,,,,,,,,,,,,,,,,,,,,,,,,,,,,,
,"Sat, May 16",16:05 ,"Chocolate Colonial, amargo dietético 70%",1.5,Carb,11 gr,1 gr,5 gr,4 gr,1 gr,52 kcal,,,,,,,,,,,,,,,,,,,,,,,,,,,,,0.11,1.18,,,3.57,
,"Sat, May 16",19:00 ,Manzana,1,Fruta,180 gr,1 gr,34 gr,0 gr,5 gr,130 kcal,02:55,,,,,,,,,,,,,,,,,,,,,,,,,,,,,,,,,
,"Sat, May 16",19:00 ,Banana,1,Fruta,138 gr,1 gr,32 gr,0 gr,4 gr,123 kcal,,,,,,,,,,,,,,,,,,,,,,,,,,,,,,,,,,
,"Sat, May 16",19:00 ,"Leche, Protein",0.5,Lácteo,50 gr,2 gr,2 gr,0 gr,0 gr,19 kcal,,,,,,,,,,,,,,,,,,,,,,,,,,,,,,,,,,
,"Sat, May 16",19:00 ,Creatina Monohidrato,0.5,Complemento,0 gr,0 gr,0 gr,0 gr,0 gr,0 kcal,,,,,,,,,,,,,,,,,,,,,,,,,,,,,,,,,,
,"Sat, May 16",21:45 ,"Vaca, entraña",1.5,Proteína,127 gr,29 gr,0 gr,13 gr,0 gr,279 kcal,02:45,,,,,,,,,,,,,,,,,,,,,,,,,,,0.13,0.51,5.33,,,6.35,
,"Sat, May 16",21:45 ,Tomate,1,Verdura,112 gr,1 gr,4 gr,0 gr,1 gr,20 kcal,,,,,,,,,,,,,,,,,,,,,,,,,,,,,,,,,,
,"Sat, May 16",21:45 ,Pan Integral D&D,2,Grano,50 gr,4 gr,24 gr,1 gr,3 gr,116 kcal,,,,,,,,,,,,,,,,,,,,,,,,,,,,,,,,,,
,"Sat, May 16",21:45 ,Queso Unt. Finlandia Light,2,Lácteo,20 gr,2 gr,1 gr,3 gr,0 gr,38 kcal,,,,,,,,,,,,,,,,,,,,,,,,,,,,0.03,0.09,0.85,0.12,0.21,1.64,
,"Sat, May 16",22:00,"Medallón de chocolate con menta, Benot",1,Procesado,14 gr,0 gr,10 gr,1 gr,1 gr,35 kcal,00:15,,,,,145 gr,260 gr,56 gr,22 gr,"2,127 kcal",1439 gr,,115 gr,100 gr,124 gr,35 gr,2000 kcal,0 gr,2 gr,12 gr,0 gr,1 gr,22 gr,0 gr,14 gr,22 gr,0:2,,0.04,0.42,,,1.26,
,"Sun, May 17",11:50 ,Vitaminas,1,Complemento,0 gr,0 gr,0 gr,0 gr,0 gr,0 kcal,13:50,,,,,,,,,,,,,,,,,,,,,,,,,,,,,,,,,
,"Sun, May 17",11:50 ,Café,1,Infusión,0 gr,0 gr,0 gr,0 gr,0 gr,0 kcal,,,,,,,,,,,,,,,,,,,,,,,,,,,,,,,,,,
,"Sun, May 17",11:50 ,Miel (1 cda),1,Carb,10 gr,0 gr,7 gr,0 gr,0 gr,28 kcal,,,,,,,,,,,,,,,,,,,,,,,,,,,,,,,,,,
,"Sun, May 17",11:50 ,"Leche, Protein",0.5,Lácteo,50 gr,2 gr,2 gr,0 gr,0 gr,19 kcal,,,,,,,,,,,,,,,,,,,,,,,,,,,,,,,,,,
,"Sun, May 17",11:50 ,Pan Integral D&D,2,Grano,50 gr,4 gr,24 gr,1 gr,3 gr,116 kcal,,,,,,,,,,,,,,,,,,,,,,,,,,,,,,,,,,
,"Sun, May 17",11:50 ,Queso Unt. Finlandia Light,2,Lácteo,20 gr,2 gr,1 gr,3 gr,0 gr,38 kcal,,,,,,,,,,,,,,,,,,,,,,,,,,,,0.03,0.09,0.85,0.12,0.21,1.64,
,"Sun, May 17",11:50 ,Huevo,1,Proteína,55 gr,7 gr,0 gr,6 gr,0 gr,86 kcal,,,,,,,,,,,,,,,,,,,,,,,,,,,,0.13,1.04,2.47,,,6.49,
,"Sun, May 17",11:50 ,"Frutigran, Salvado",2,Procesado,30 gr,2 gr,19 gr,4 gr,3 gr,122 kcal,,,,,,,,,,,,,,,,,,,,,,,,,,,,,,,,,,
,"Sun, May 17",11:50 ,"Chocolate Colonial, amargo dietético 70%",1.5,Carb,11 gr,1 gr,5 gr,4 gr,1 gr,52 kcal,,,,,,,,,,,,,,,,,,,,,,,,,,,,,0.11,1.18,,,3.57,
,"Sun, May 17",14:15 ,Arroz Integral,1,Grano,40 gr,1 gr,9 gr,0 gr,1 gr,44 kcal,02:25,,,,,,,,,,,,,,,,,,,,,,,,,,,,,,,,,
,"Sun, May 17",14:15 ,Jardinera,0.7,Carb,148 gr,6 gr,19 gr,0 gr,5 gr,102 kcal,,,,,,,,,,,,,,,,,,,,,,,,,,,,,,,,,,
,"Sun, May 17",14:15 ,Pollo (1 pechuga),0.5,Proteína,95 gr,27 gr,0 gr,3 gr,0 gr,143 kcal,,,,,,,,,,,,,,,,,,,,,,,,,,,,0.03,0.61,1.22,,,3.04,
,"Sun, May 17",14:15 ,Pan Integral D&D,2,Grano,50 gr,4 gr,24 gr,1 gr,3 gr,116 kcal,,,,,,,,,,,,,,,,,,,,,,,,,,,,,,,,,,
,"Sun, May 17",14:15 ,Queso Unt. Finlandia Light,2,Lácteo,20 gr,2 gr,1 gr,3 gr,0 gr,38 kcal,,,,,,,,,,,,,,,,,,,,,,,,,,,,0.03,0.09,0.85,0.12,0.21,1.64,
,"Sun, May 17",14:15 ,"Aceite de oliva El Gran Juicio (EV, 1 cda sop)",0.2,Grano,2 gr,0 gr,0 gr,2 gr,0 gr,22 kcal,,,,,,,,,,,,,,,,,,,,,,,,,,,,0.02,0.24,1.80,,,2.40,
,"Sun, May 17",14:15 ,Maní King Tostado Sin Piel Sin Sodio (1 cda sop),1,Fruto Seco,15 gr,4 gr,2 gr,8 gr,1 gr,89 kcal,,,,,,,,,,,,,,,,,,,,,,,,,,,,,2.55,3.68,,,7.50,
,"Sun, May 17",14:35 ,"Medallón de chocolate con menta, Benot",1,Procesado,14 gr,0 gr,10 gr,1 gr,1 gr,35 kcal,00:20,,,,,,,,,,,,,,,,,,,,,,,,,,,,0.04,0.42,,,1.26,
,"Sun, May 17",16:00 ,Manzana,1,Fruta,192 gr,1 gr,36 gr,0 gr,6 gr,138 kcal,01:25,,,,,,,,,,,,,,,,,,,,,,,,,,,,,,,,,
,"Sun, May 17",16:00 ,Banana,1,Fruta,141 gr,1 gr,32 gr,0 gr,4 gr,125 kcal,,,,,,,,,,,,,,,,,,,,,,,,,,,,,,,,,,
,"Sun, May 17",16:00 ,"Leche, Protein",0.5,Lácteo,50 gr,2 gr,2 gr,0 gr,0 gr,19 kcal,,,,,,,,,,,,,,,,,,,,,,,,,,,,,,,,,,
,"Sun, May 17",16:00 ,Creatina Monohidrato,0.5,Complemento,0 gr,0 gr,0 gr,0 gr,0 gr,0 kcal,,,,,,,,,,,,,,,,,,,,,,,,,,,,,,,,,,
,"Sun, May 17",19:30 ,Café,1,Infusión,0 gr,0 gr,0 gr,0 gr,0 gr,0 kcal,03:30,,,,,,,,,,,,,,,,,,,,,,,,,,,,,,,,,
,"Sun, May 17",19:30 ,Miel (1 cda),1,Carb,10 gr,0 gr,7 gr,0 gr,0 gr,28 kcal,,,,,,,,,,,,,,,,,,,,,,,,,,,,,,,,,,
,"Sun, May 17",19:30 ,"Leche, Protein",1,Lácteo,100 gr,5 gr,5 gr,0 gr,0 gr,37 kcal,,,,,,,,,,,,,,,,,,,,,,,,,,,,,,,,,,
,"Sun, May 17",19:30 ,Power Pulver barra proteica,1,Procesado,60 gr,20 gr,32 gr,3 gr,0 gr,225 kcal,,,,,,,,,,,,,,,,,,,,,,,,,,,,,,,,,,
,"Sun, May 17",19:30 ,"Frutigran, Salvado",2,Procesado,30 gr,2 gr,19 gr,4 gr,3 gr,122 kcal,,,,,,,,,,,,,,,,,,,,,,,,,,,,,,,,,,
,"Sun, May 17",21:20 ,Rapiditas light,1,Carb,28 gr,3 gr,14 gr,1 gr,1 gr,78 kcal,01:50,,,,,,,,,,,,,,,,,,,,,,,,,,,,,,,,,
,"Sun, May 17",21:20 ,Queso Tregar Portsalut,1,Lácteo,30 gr,9 gr,0 gr,4 gr,0 gr,70 kcal,,,,,,,,,,,,,,,,,,,,,,,,,,,,0.04,0.12,1.13,0.16,0.27,2.18,
,"Sun, May 17",21:20 ,Hamburguesa con Queso,0.5,Elaborado,54 gr,9 gr,14 gr,7 gr,1 gr,159 kcal,,,,,,113 gr,285 gr,57 gr,31 gr,"2,050 kcal",1304 gr,,115 gr,100 gr,124 gr,35 gr,2000 kcal,0 gr,5 gr,17 gr,0 gr,1 gr,33 gr,0 gr,22 gr,34 gr,0:5,0.07,0.29,3.06,,,3.64,
,"Mon, May 18",10:00 ,Vitaminas,1,Complemento,0 gr,0 gr,0 gr,0 gr,0 gr,0 kcal,12:40,,,,,,,,,,,,,,,,,,,,,,,,,,,,,,,,,
,"Mon, May 18",10:00 ,Café,1,Infusión,0 gr,0 gr,0 gr,0 gr,0 gr,0 kcal,,,,,,,,,,,,,,,,,,,,,,,,,,,,,,,,,,
,"Mon, May 18",10:00 ,Miel (1 cda),1,Carb,10 gr,0 gr,7 gr,0 gr,0 gr,28 kcal,,,,,,,,,,,,,,,,,,,,,,,,,,,,,,,,,,
,"Mon, May 18",10:00 ,"Leche, Protein",0.5,Lácteo,50 gr,2 gr,2 gr,0 gr,0 gr,19 kcal,,,,,,,,,,,,,,,,,,,,,,,,,,,,,,,,,,
,"Mon, May 18",10:00 ,Pan Integral D&D,2,Grano,50 gr,4 gr,24 gr,1 gr,3 gr,116 kcal,,,,,,,,,,,,,,,,,,,,,,,,,,,,,,,,,,
,"Mon, May 18",10:00 ,Huevo,1,Proteína,65 gr,8 gr,0 gr,8 gr,0 gr,101 kcal,,,,,,,,,,,,,,,,,,,,,,,,,,,,0.15,1.23,2.91,,,7.67,
,"Mon, May 18",10:00 ,"Frutigran, Salvado",2,Procesado,30 gr,2 gr,19 gr,4 gr,3 gr,122 kcal,,,,,,,,,,,,,,,,,,,,,,,,,,,,,,,,,,
,"Mon, May 18",10:00 ,"Chocolate Colonial, amargo dietético 70%",1,Carb,7 gr,1 gr,3 gr,2 gr,1 gr,35 kcal,,,,,,,,,,,,,,,,,,,,,,,,,,,,,0.07,0.79,,,2.38,
,"Mon, May 18",10:00 ,Nuez (1),1,Fruto Seco,4 gr,1 gr,0 gr,3 gr,0 gr,27 kcal,,,,,,,,,,,,,,,,,,,,,,,,,,,,0.26,1.30,0.56,,,2.55,
,"Mon, May 18",14:40 ,Pollo (1 pechuga),0.75,Proteína,225 gr,64 gr,0 gr,7 gr,0 gr,340 kcal,04:40,,,,,,,,,,,,,,,,,,,,,,,,,,,0.07,1.44,2.88,,,7.20,
,"Mon, May 18",14:40 ,Arroz Integral,1,Grano,40 gr,1 gr,9 gr,0 gr,1 gr,44 kcal,,,,,,,,,,,,,,,,,,,,,,,,,,,,,,,,,,
,"Mon, May 18",14:40 ,Lentejas,0.7,Carb,100 gr,7 gr,16 gr,1 gr,5 gr,93 kcal,,,,,,,,,,,,,,,,,,,,,,,,,,,,,,,,,,
,"Mon, May 18",14:40 ,Pan Integral D&D,2,Grano,50 gr,4 gr,24 gr,1 gr,3 gr,116 kcal,,,,,,,,,,,,,,,,,,,,,,,,,,,,,,,,,,
,"Mon, May 18",14:40 ,Queso Unt. Finlandia Light,2,Lácteo,20 gr,2 gr,1 gr,3 gr,0 gr,38 kcal,,,,,,,,,,,,,,,,,,,,,,,,,,,,0.03,0.09,0.85,0.12,0.21,1.64,
,"Mon, May 18",14:40 ,"Aceite de oliva (EV, PPF)",1,Grano,2 gr,0 gr,0 gr,2 gr,0 gr,18 kcal,,,,,,,,,,,,,,,,,,,,,,,,,,,,0.02,0.20,1.50,,,2.00,
,"Mon, May 18",15:20 ,"Medallón de chocolate con menta, Benot",1,Procesado,14 gr,0 gr,10 gr,1 gr,1 gr,35 kcal,00:40,,,,,,,,,,,,,,,,,,,,,,,,,,,,0.04,0.42,,,1.26,
,"Mon, May 18",16:50 ,Manzana,1,Fruta,210 gr,1 gr,40 gr,0 gr,6 gr,151 kcal,01:30,,,,,,,,,,,,,,,,,,,,,,,,,,,,,,,,,
,"Mon, May 18",16:50 ,Banana,1,Fruta,148 gr,1 gr,34 gr,0 gr,4 gr,132 kcal,,,,,,,,,,,,,,,,,,,,,,,,,,,,,,,,,,
,"Mon, May 18",16:50 ,"Leche, Protein",0.5,Lácteo,50 gr,2 gr,2 gr,0 gr,0 gr,19 kcal,,,,,,,,,,,,,,,,,,,,,,,,,,,,,,,,,,
,"Mon, May 18",16:50 ,Creatina Monohidrato,0.5,Complemento,0 gr,0 gr,0 gr,0 gr,0 gr,0 kcal,,,,,,,,,,,,,,,,,,,,,,,,,,,,,,,,,,
,"Mon, May 18",19:30 ,Café,1,Infusión,0 gr,0 gr,0 gr,0 gr,0 gr,0 kcal,02:40,,,,,,,,,,,,,,,,,,,,,,,,,,,,,,,,,
,"Mon, May 18",19:30 ,Miel (1 cda),1,Carb,10 gr,0 gr,7 gr,0 gr,0 gr,28 kcal,,,,,,,,,,,,,,,,,,,,,,,,,,,,,,,,,,
,"Mon, May 18",19:30 ,"Leche, Protein",1,Lácteo,100 gr,5 gr,5 gr,0 gr,0 gr,37 kcal,,,,,,,,,,,,,,,,,,,,,,,,,,,,,,,,,,
,"Mon, May 18",19:30 ,"Gentech, Ironbar, chocolate",1,Procesado,46 gr,15 gr,18 gr,7 gr,2 gr,180 kcal,,,,,,,,,,,,,,,,,,,,,,,,,,,,,,,,,,
,"Mon, May 18",23:10 ,Huevo,1,Proteína,65 gr,8 gr,0 gr,8 gr,0 gr,101 kcal,03:40,,,,,,,,,,,,,,,,,,,,,,,,,,,0.15,1.23,2.91,,,7.67,
,"Mon, May 18",23:15 ,Pan Integral D&D,2,Grano,50 gr,4 gr,24 gr,1 gr,3 gr,116 kcal,00:05,,,,,,,,,,,,,,,,,,,,,,,,,,,,,,,,,
,"Mon, May 18",23:15 ,Queso Unt. Finlandia Light,2,Lácteo,20 gr,2 gr,1 gr,3 gr,0 gr,38 kcal,,,,,,,,,,,,,,,,,,,,,,,,,,,,0.03,0.09,0.85,0.12,0.21,1.64,
,"Mon, May 18",23:15 ,Te,1,Infusión,0 gr,0 gr,0 gr,0 gr,0 gr,0 kcal,,,,,,,,,,,,,,,,,,,,,,,,,,,,,,,,,,
,"Mon, May 18",23:15 ,Miel (1 cda),1,Carb,10 gr,0 gr,7 gr,0 gr,0 gr,28 kcal,,,,,,,,,,,,,,,,,,,,,,,,,,,,,,,,,,
,"Mon, May 18",23:15 ,"Leche, Protein",0.5,Lácteo,50 gr,2 gr,2 gr,0 gr,0 gr,19 kcal,,,,,,,,,,,,,,,,,,,,,,,,,,,,,,,,,,
,"Mon, May 18",23:15 ,"Frutigran, Salvado",1,Procesado,15 gr,1 gr,10 gr,2 gr,1 gr,61 kcal,,,,,,137 gr,266 gr,56 gr,31 gr,"2,040 kcal",1441 gr,,115 gr,100 gr,124 gr,35 gr,2000 kcal,1 gr,6 gr,14 gr,0 gr,0 gr,34 gr,0 gr,20 gr,35 gr,1:6,,,,,,,
,"Tue, May 19",9:10 ,Vitaminas,1,Complemento,0 gr,0 gr,0 gr,0 gr,0 gr,0 kcal,09:55,,,,,,,,,,,,,,,,,,,,,,,,,,,,,,,,,
,"Tue, May 19",9:10 ,Café,1,Infusión,0 gr,0 gr,0 gr,0 gr,0 gr,0 kcal,,,,,,,,,,,,,,,,,,,,,,,,,,,,,,,,,,
,"Tue, May 19",9:10 ,Miel (1 cda),1,Carb,10 gr,0 gr,7 gr,0 gr,0 gr,28 kcal,,,,,,,,,,,,,,,,,,,,,,,,,,,,,,,,,,
,"Tue, May 19",9:10 ,"Leche, Protein",0.5,Lácteo,50 gr,2 gr,2 gr,0 gr,0 gr,19 kcal,,,,,,,,,,,,,,,,,,,,,,,,,,,,,,,,,,
,"Tue, May 19",9:10 ,Pan Integral D&D,2,Grano,50 gr,4 gr,24 gr,1 gr,3 gr,116 kcal,,,,,,,,,,,,,,,,,,,,,,,,,,,,,,,,,,
,"Tue, May 19",9:10 ,Queso Unt. Finlandia Light,2,Lácteo,20 gr,2 gr,1 gr,3 gr,0 gr,38 kcal,,,,,,,,,,,,,,,,,,,,,,,,,,,,0.03,0.09,0.85,0.12,0.21,1.64,
,"Tue, May 19",9:10 ,Huevo,1,Proteína,65 gr,8 gr,0 gr,8 gr,0 gr,101 kcal,,,,,,,,,,,,,,,,,,,,,,,,,,,,0.15,1.23,2.91,,,7.67,
,"Tue, May 19",9:10 ,"Frutigran, Salvado",3,Procesado,45 gr,4 gr,29 gr,6 gr,4 gr,182 kcal,,,,,,,,,,,,,,,,,,,,,,,,,,,,,,,,,,
,"Tue, May 19",9:10 ,"Chocolate Colonial, amargo dietético 70%",1.5,Carb,11 gr,1 gr,5 gr,4 gr,1 gr,52 kcal,,,,,,,,,,,,,,,,,,,,,,,,,,,,,0.11,1.18,,,3.57,
,"Tue, May 19",14:20 ,Pollo (1 pechuga),0.6,Proteína,174 gr,50 gr,0 gr,6 gr,0 gr,263 kcal,05:10,,,,,,,,,,,,,,,,,,,,,,,,,,,0.06,1.11,2.23,,,5.57,
,"Tue, May 19",14:20 ,"Ensalada (lechuga, repollo b+m, zanahoria)",0.9,Verdura,108 gr,1 gr,5 gr,0 gr,2 gr,27 kcal,,,,,,,,,,,,,,,,,,,,,,,,,,,,,,,,,,
,"Tue, May 19",14:20 ,Rapiditas light,2,Carb,55 gr,5 gr,28 gr,3 gr,2 gr,156 kcal,,,,,,,,,,,,,,,,,,,,,,,,,,,,,,,,,,
,"Tue, May 19",14:20 ,Queso Unt. Finlandia Light,5,Lácteo,50 gr,5 gr,3 gr,7 gr,0 gr,95 kcal,,,,,,,,,,,,,,,,,,,,,,,,,,,,0.07,0.22,2.13,0.29,0.51,4.11,
,"Tue, May 19",14:20 ,"Aceite de oliva (EV, PPF)",2,Grano,4 gr,0 gr,0 gr,4 gr,0 gr,36 kcal,,,,,,,,,,,,,,,,,,,,,,,,,,,,0.04,0.40,3.00,,,4.00,
,"Tue, May 19",14:20 ,"Medallón de chocolate con menta, Benot",1,Procesado,14 gr,0 gr,10 gr,1 gr,1 gr,35 kcal,,,,,,,,,,,,,,,,,,,,,,,,,,,,,0.04,0.42,,,1.26,
,"Tue, May 19",15:40,Manzana,1,Fruta,209 gr,1 gr,40 gr,0 gr,6 gr,150 kcal,01:20,,,,,,,,,,,,,,,,,,,,,,,,,,,,,,,,,
,"Tue, May 19",15:40 ,Banana,1,Fruta,148 gr,1 gr,34 gr,0 gr,4 gr,132 kcal,,,,,,,,,,,,,,,,,,,,,,,,,,,,,,,,,,
,"Tue, May 19",15:40 ,"Leche, Protein",0.5,Lácteo,50 gr,2 gr,2 gr,0 gr,0 gr,19 kcal,,,,,,,,,,,,,,,,,,,,,,,,,,,,,,,,,,
,"Tue, May 19",15:40 ,Creatina Monohidrato,0.5,Complemento,0 gr,0 gr,0 gr,0 gr,0 gr,0 kcal,,,,,,,,,,,,,,,,,,,,,,,,,,,,,,,,,,
,"Tue, May 19",18:20 ,Café,1,Infusión,0 gr,0 gr,0 gr,0 gr,0 gr,0 kcal,02:40,,,,,,,,,,,,,,,,,,,,,,,,,,,,,,,,,
,"Tue, May 19",18:20 ,Miel (1 cda),1,Carb,10 gr,0 gr,7 gr,0 gr,0 gr,28 kcal,,,,,,,,,,,,,,,,,,,,,,,,,,,,,,,,,,
,"Tue, May 19",18:20 ,"Leche, Protein",1,Lácteo,100 gr,5 gr,5 gr,0 gr,0 gr,37 kcal,,,,,,,,,,,,,,,,,,,,,,,,,,,,,,,,,,
,"Tue, May 19",18:20 ,Growsbar cookies & cream,1,Procesado,46 gr,14 gr,20 gr,6 gr,1 gr,186 kcal,,,,,,,,,,,,,,,,,,,,,,,,,,,,,,,,,,
,"Tue, May 19",18:20 ,"Dicomere, cacao amargo puro en polvo",0.1,Procesado,1 gr,0 gr,0 gr,0 gr,0 gr,3 kcal,,,,,,,,,,,,,,,,,,,,,,,,,,,,,,,,,,
,"Tue, May 19",21:40 ,Atún (1 lata),1,Proteína,120 gr,31 gr,0 gr,1 gr,0 gr,139 kcal,03:20,,,,,,,,,,,,,,,,,,,,,,,,,,,0.14,0.02,0.08,,,0.98,
,"Tue, May 19",21:40 ,Huevo,1,Proteína,65 gr,8 gr,0 gr,8 gr,0 gr,101 kcal,,,,,,,,,,,,,,,,,,,,,,,,,,,,0.15,1.23,2.91,,,7.67,
,"Tue, May 19",21:40 ,Queso Unt. Finlandia Light,5,Lácteo,50 gr,5 gr,3 gr,7 gr,0 gr,95 kcal,,,,,,,,,,,,,,,,,,,,,,,,,,,,0.07,0.22,2.13,0.29,0.51,4.11,
,"Tue, May 19",21:40 ,Pan Integral D&D,3,Grano,75 gr,6 gr,36 gr,2 gr,4 gr,174 kcal,,,,,,,,,,,,,,,,,,,,,,,,,,,,,,,,,,
,"Tue, May 19",22:10 ,Te,1,Infusión,0 gr,0 gr,0 gr,0 gr,0 gr,0 kcal,00:30,,,,,,,,,,,,,,,,,,,,,,,,,,,,,,,,,
,"Tue, May 19",22:10 ,Miel (1 cda),1,Carb,10 gr,0 gr,7 gr,0 gr,0 gr,28 kcal,,,,,,153 gr,267 gr,67 gr,27 gr,"2,240 kcal",1540 gr,,115 gr,100 gr,124 gr,35 gr,2000 kcal,1 gr,5 gr,18 gr,1 gr,1 gr,41 gr,0 gr,23 gr,43 gr,1:5,,,,,,,
,"Wed, May 20",9:40 ,Vitaminas,1,Complemento,0 gr,0 gr,0 gr,0 gr,0 gr,0 kcal,11:30,,,,,,,,,,,,,,,,,,,,,,,,,,,,,,,,,
,"Wed, May 20",9:40 ,Café,1,Infusión,0 gr,0 gr,0 gr,0 gr,0 gr,0 kcal,,,,,,,,,,,,,,,,,,,,,,,,,,,,,,,,,,
,"Wed, May 20",9:40 ,"Leche, Protein",0.6,Lácteo,60 gr,3 gr,3 gr,0 gr,0 gr,22 kcal,,,,,,,,,,,,,,,,,,,,,,,,,,,,,,,,,,
,"Wed, May 20",9:40 ,Miel (1 cda),1,Carb,10 gr,0 gr,7 gr,0 gr,0 gr,28 kcal,,,,,,,,,,,,,,,,,,,,,,,,,,,,,,,,,,
,"Wed, May 20",9:40 ,"Frutigran, Salvado",2,Procesado,30 gr,2 gr,19 gr,4 gr,3 gr,122 kcal,,,,,,,,,,,,,,,,,,,,,,,,,,,,,,,,,,
,"Wed, May 20",9:40 ,Nuez (1),1,Fruto Seco,4 gr,1 gr,0 gr,3 gr,0 gr,27 kcal,,,,,,,,,,,,,,,,,,,,,,,,,,,,0.26,1.30,0.56,,,2.55,
,"Wed, May 20",9:40 ,Almendra (1),1,Fruto Seco,7 gr,1 gr,0 gr,4 gr,1 gr,40 kcal,,,,,,,,,,,,,,,,,,,,,,,,,,,,,0.67,2.73,,,3.75,
,"Wed, May 20",9:40 ,"Chocolate Colonial, amargo dietético 70%",1,Carb,7 gr,1 gr,3 gr,2 gr,1 gr,35 kcal,,,,,,,,,,,,,,,,,,,,,,,,,,,,,0.07,0.79,,,2.38,
,"Wed, May 20",13:00 ,"Vaca, cuadril",1.2,Proteína,120 gr,26 gr,0 gr,8 gr,0 gr,180 kcal,03:20,,,,,,,,,,,,,,,,,,,,,,,,,,,0.08,0.34,3.53,,,4.20,
,"Wed, May 20",13:00 ,"Ensalada (lechuga, repollo b+m, zanahoria)",0.9,Verdura,108 gr,1 gr,5 gr,0 gr,2 gr,27 kcal,,,,,,,,,,,,,,,,,,,,,,,,,,,,,,,,,,
,"Wed, May 20",13:00 ,Queso Unt. Finlandia Light,5,Lácteo,50 gr,5 gr,3 gr,7 gr,0 gr,95 kcal,,,,,,,,,,,,,,,,,,,,,,,,,,,,0.07,0.22,2.13,0.29,0.51,4.11,
,"Wed, May 20",13:00 ,"Aceite de oliva (EV, PPF)",2,Grano,4 gr,0 gr,0 gr,4 gr,0 gr,36 kcal,,,,,,,,,,,,,,,,,,,,,,,,,,,,0.04,0.40,3.00,,,4.00,
,"Wed, May 20",13:00 ,"Rapiditas integrales, tortillas",3,Carb,83 gr,7 gr,39 gr,5 gr,6 gr,231 kcal,,,,,,,,,,,,,,,,,,,,,,,,,,,,,,,,,,
,"Wed, May 20",16:00 ,Café,1,Infusión,0 gr,0 gr,0 gr,0 gr,0 gr,0 kcal,03:00,,,,,,,,,,,,,,,,,,,,,,,,,,,,,,,,,
,"Wed, May 20",16:00 ,Miel (1 cda),1,Carb,10 gr,0 gr,7 gr,0 gr,0 gr,28 kcal,,,,,,,,,,,,,,,,,,,,,,,,,,,,,,,,,,
,"Wed, May 20",16:00 ,"Leche, Protein",1,Lácteo,100 gr,5 gr,5 gr,0 gr,0 gr,37 kcal,,,,,,,,,,,,,,,,,,,,,,,,,,,,,,,,,,
,"Wed, May 20",16:00 ,"Gentech, Ironbar, chocolate",1,Procesado,46 gr,15 gr,18 gr,7 gr,2 gr,180 kcal,,,,,,,,,,,,,,,,,,,,,,,,,,,,,,,,,,
,"Wed, May 20",18:30 ,Manzana,1,Fruta,203 gr,1 gr,39 gr,0 gr,6 gr,146 kcal,02:30,,,,,,,,,,,,,,,,,,,,,,,,,,,,,,,,,
,"Wed, May 20",18:30 ,Banana,1,Fruta,142 gr,1 gr,33 gr,0 gr,4 gr,126 kcal,,,,,,,,,,,,,,,,,,,,,,,,,,,,,,,,,,
,"Wed, May 20",18:30 ,"Leche, Protein",0.5,Lácteo,50 gr,2 gr,2 gr,0 gr,0 gr,19 kcal,,,,,,,,,,,,,,,,,,,,,,,,,,,,,,,,,,
,"Wed, May 20",18:30 ,Creatina Monohidrato,0.5,Complemento,0 gr,0 gr,0 gr,0 gr,0 gr,0 kcal,,,,,,,,,,,,,,,,,,,,,,,,,,,,,,,,,,
,"Wed, May 20",19:55 ,Café,1,Infusión,0 gr,0 gr,0 gr,0 gr,0 gr,0 kcal,01:25,,,,,,,,,,,,,,,,,,,,,,,,,,,,,,,,,
,"Wed, May 20",19:55 ,Miel (1 cda),1,Carb,10 gr,0 gr,7 gr,0 gr,0 gr,28 kcal,,,,,,,,,,,,,,,,,,,,,,,,,,,,,,,,,,
,"Wed, May 20",19:55 ,"Leche, Protein",1,Lácteo,100 gr,5 gr,5 gr,0 gr,0 gr,37 kcal,,,,,,,,,,,,,,,,,,,,,,,,,,,,,,,,,,
,"Wed, May 20",19:55 ,"Ena Protein Bar, Banana Split",1,Procesado,46 gr,12 gr,27 gr,5 gr,1 gr,204 kcal,,,,,,,,,,,,,,,,,,,,,,,,,,,,,,,,,,
,"Wed, May 20",22:25 ,Atún (1 lata),1,Proteína,120 gr,31 gr,0 gr,1 gr,0 gr,139 kcal,02:30,,,,,,,,,,,,,,,,,,,,,,,,,,,0.14,0.02,0.08,,,0.98,
,"Wed, May 20",22:25 ,Huevo,1,Proteína,65 gr,8 gr,0 gr,8 gr,0 gr,101 kcal,,,,,,,,,,,,,,,,,,,,,,,,,,,,0.15,1.23,2.91,,,7.67,
,"Wed, May 20",22:25 ,Queso Unt. Casancrem Light sin sal,5,Lácteo,50 gr,4 gr,5 gr,3 gr,0 gr,60 kcal,,,,,,,,,,,,,,,,,,,,,,,,,,,,0.03,0.09,0.82,0.11,0.20,1.59,
,"Wed, May 20",22:25 ,Pasta de maní King natural,1.5,Fruto Seco,23 gr,6 gr,2 gr,11 gr,2 gr,132 kcal,,,,,,,,,,,,,,,,,,,,,,,,,,,,,3.75,5.40,,,11.03,
,"Wed, May 20",22:25 ,"Medallón de chocolate con menta, Benot",1,Procesado,14 gr,0 gr,10 gr,1 gr,1 gr,35 kcal,,,,,,136 gr,238 gr,74 gr,28 gr,"2,115 kcal",1461 gr,,115 gr,100 gr,124 gr,35 gr,2000 kcal,1 gr,8 gr,22 gr,0 gr,1 gr,44 gr,0 gr,31 gr,45 gr,1:8,,0.04,0.42,,,1.26,
,"Thu, May 21",9:30 ,Vitaminas,1,Complemento,0 gr,0 gr,0 gr,0 gr,0 gr,0 kcal,11:05,,,,,,,,,,,,,,,,,,,,,,,,,,,,,,,,,
,"Thu, May 21",9:30 ,Café,1,Infusión,0 gr,0 gr,0 gr,0 gr,0 gr,0 kcal,,,,,,,,,,,,,,,,,,,,,,,,,,,,,,,,,,
,"Thu, May 21",9:30 ,Miel (1 cda),1,Carb,10 gr,0 gr,7 gr,0 gr,0 gr,28 kcal,,,,,,,,,,,,,,,,,,,,,,,,,,,,,,,,,,
,"Thu, May 21",9:30 ,"Leche, Protein",0.5,Lácteo,50 gr,2 gr,2 gr,0 gr,0 gr,19 kcal,,,,,,,,,,,,,,,,,,,,,,,,,,,,,,,,,,
,"Thu, May 21",9:30 ,Pont Protein Bar,1,Procesado,55 gr,18 gr,21 gr,4 gr,7 gr,188 kcal,,,,,,,,,,,,,,,,,,,,,,,,,,,,,,,,,,
,"Thu, May 21",9:45 ,Pan Integral D&D,2,Grano,50 gr,4 gr,24 gr,1 gr,3 gr,116 kcal,00:15,,,,,,,,,,,,,,,,,,,,,,,,,,,,,,,,,
,"Thu, May 21",9:45 ,Palta,0.2,Fruta,32 gr,1 gr,3 gr,5 gr,2 gr,51 kcal,,,,,,,,,,,,,,,,,,,,,,,,,,,,0.05,0.66,3.33,,,4.69,
,"Thu, May 21",9:45 ,Queso Unt. Casancrem Light sin sal,2,Lácteo,20 gr,2 gr,2 gr,1 gr,0 gr,24 kcal,,,,,,,,,,,,,,,,,,,,,,,,,,,,0.01,0.03,0.33,0.05,0.08,0.63,
,"Thu, May 21",9:45 ,Huevo,1,Proteína,65 gr,8 gr,0 gr,8 gr,0 gr,101 kcal,,,,,,,,,,,,,,,,,,,,,,,,,,,,0.15,1.23,2.91,,,7.67,
,"Thu, May 21",14:20 ,Atún (1 lata),1,Proteína,120 gr,31 gr,0 gr,1 gr,0 gr,139 kcal,04:35,,,,,,,,,,,,,,,,,,,,,,,,,,,0.14,0.02,0.08,,,0.98,
,"Thu, May 21",14:20 ,"Ensalada (lechuga, repollo b+m, zanahoria)",0.9,Verdura,108 gr,1 gr,5 gr,0 gr,2 gr,27 kcal,,,,,,,,,,,,,,,,,,,,,,,,,,,,,,,,,,
,"Thu, May 21",14:20 ,"Rapiditas integrales, tortillas",3,Carb,83 gr,7 gr,39 gr,5 gr,6 gr,231 kcal,,,,,,,,,,,,,,,,,,,,,,,,,,,,,,,,,,
,"Thu, May 21",14:20 ,Queso Unt. Casancrem Light sin sal,5,Lácteo,50 gr,4 gr,5 gr,3 gr,0 gr,60 kcal,,,,,,,,,,,,,,,,,,,,,,,,,,,,0.03,0.09,0.82,0.11,0.20,1.59,
,"Thu, May 21",14:20 ,"Aceite de oliva (EV, PPF)",4,Grano,8 gr,0 gr,0 gr,8 gr,0 gr,72 kcal,,,,,,,,,,,,,,,,,,,,,,,,,,,,0.08,0.80,6.00,,,8.00,
,"Thu, May 21",14:20 ,Huevo,1,Proteína,65 gr,8 gr,0 gr,8 gr,0 gr,101 kcal,,,,,,,,,,,,,,,,,,,,,,,,,,,,0.15,1.23,2.91,,,7.67,
,"Thu, May 21",14:20 ,"Medallón de chocolate con menta, Benot",1,Procesado,14 gr,0 gr,10 gr,1 gr,1 gr,35 kcal,,,,,,,,,,,,,,,,,,,,,,,,,,,,,0.04,0.42,,,1.26,
,"Thu, May 21",16:20 ,Café,1,Infusión,0 gr,0 gr,0 gr,0 gr,0 gr,0 kcal,02:00,,,,,,,,,,,,,,,,,,,,,,,,,,,,,,,,,
,"Thu, May 21",16:20 ,Miel (1 cda),1,Carb,10 gr,0 gr,7 gr,0 gr,0 gr,28 kcal,,,,,,,,,,,,,,,,,,,,,,,,,,,,,,,,,,
,"Thu, May 21",16:20 ,"Leche, Protein",1,Lácteo,100 gr,5 gr,5 gr,0 gr,0 gr,37 kcal,,,,,,,,,,,,,,,,,,,,,,,,,,,,,,,,,,
,"Thu, May 21",16:20 ,Growsbar cookies & cream,1,Procesado,46 gr,14 gr,20 gr,6 gr,1 gr,186 kcal,,,,,,,,,,,,,,,,,,,,,,,,,,,,,,,,,,
,"Thu, May 21",19:25 ,Manzana,1,Fruta,188 gr,1 gr,36 gr,0 gr,6 gr,135 kcal,03:05,,,,,,,,,,,,,,,,,,,,,,,,,,,,,,,,,
,"Thu, May 21",19:25 ,Banana,1,Fruta,150 gr,2 gr,35 gr,0 gr,4 gr,134 kcal,,,,,,,,,,,,,,,,,,,,,,,,,,,,,,,,,,
,"Thu, May 21",19:25 ,"Leche, Protein",0.5,Lácteo,50 gr,2 gr,2 gr,0 gr,0 gr,19 kcal,,,,,,,,,,,,,,,,,,,,,,,,,,,,,,,,,,
,"Thu, May 21",19:25 ,Creatina Monohidrato,0.5,Complemento,0 gr,0 gr,0 gr,0 gr,0 gr,0 kcal,,,,,,,,,,,,,,,,,,,,,,,,,,,,,,,,,,
,"Thu, May 21",20:40 ,Te,1,Infusión,0 gr,0 gr,0 gr,0 gr,0 gr,0 kcal,01:15,,,,,,,,,,,,,,,,,,,,,,,,,,,,,,,,,
,"Thu, May 21",20:40 ,Miel (1 cda),1,Carb,10 gr,0 gr,7 gr,0 gr,0 gr,28 kcal,,,,,,,,,,,,,,,,,,,,,,,,,,,,,,,,,,
,"Thu, May 21",20:40 ,Vainillas Bimbo,2,Carb,24 gr,2 gr,18 gr,1 gr,0 gr,90 kcal,,,,,,,,,,,,,,,,,,,,,,,,,,,,,,,,,,
,"Thu, May 21",21:25 ,Growsbar cookies & cream,1,Procesado,46 gr,14 gr,20 gr,6 gr,1 gr,186 kcal,00:45,,,,,124 gr,266 gr,58 gr,31 gr,"2,035 kcal",1354 gr,,115 gr,100 gr,124 gr,35 gr,2000 kcal,1 gr,4 gr,17 gr,0 gr,0 gr,32 gr,0 gr,22 gr,33 gr,1:4,,,,,,,
,"Fri, May 22",9:00 ,Vitaminas,1,Complemento,0 gr,0 gr,0 gr,0 gr,0 gr,0 kcal,11:35,,,,,,,,,,,,,,,,,,,,,,,,,,,,,,,,,
,"Fri, May 22",9:00 ,Café,1,Infusión,0 gr,0 gr,0 gr,0 gr,0 gr,0 kcal,,,,,,,,,,,,,,,,,,,,,,,,,,,,,,,,,,
,"Fri, May 22",9:00 ,Miel (1 cda),1,Carb,10 gr,0 gr,7 gr,0 gr,0 gr,28 kcal,,,,,,,,,,,,,,,,,,,,,,,,,,,,,,,,,,
,"Fri, May 22",9:00 ,"Leche, Protein",1,Lácteo,100 gr,5 gr,5 gr,0 gr,0 gr,37 kcal,,,,,,,,,,,,,,,,,,,,,,,,,,,,,,,,,,
,"Fri, May 22",9:00 ,Pan Integral D&D,2,Grano,50 gr,4 gr,24 gr,1 gr,3 gr,116 kcal,,,,,,,,,,,,,,,,,,,,,,,,,,,,,,,,,,
,"Fri, May 22",9:00 ,Palta,0.2,Fruta,32 gr,1 gr,3 gr,5 gr,2 gr,51 kcal,,,,,,,,,,,,,,,,,,,,,,,,,,,,0.05,0.66,3.33,,,4.69,
,"Fri, May 22",9:00 ,Queso Unt. Casancrem Light sin sal,2,Lácteo,20 gr,2 gr,2 gr,1 gr,0 gr,24 kcal,,,,,,,,,,,,,,,,,,,,,,,,,,,,0.01,0.03,0.33,0.05,0.08,0.63,
,"Fri, May 22",9:00 ,Huevo,1,Proteína,65 gr,8 gr,0 gr,8 gr,0 gr,101 kcal,,,,,,,,,,,,,,,,,,,,,,,,,,,,0.15,1.23,2.91,,,7.67,
,"Fri, May 22",9:00 ,Vainillas Bimbo,2,Carb,24 gr,2 gr,18 gr,1 gr,0 gr,90 kcal,,,,,,,,,,,,,,,,,,,,,,,,,,,,,,,,,,
,"Fri, May 22",9:00 ,"Medallón de chocolate con menta, Benot",1,Procesado,14 gr,0 gr,10 gr,1 gr,1 gr,35 kcal,,,,,,,,,,,,,,,,,,,,,,,,,,,,,0.04,0.42,,,1.26,
,"Fri, May 22",13:30 ,Milanesa Napolitana,1,Elaborado,300 gr,34 gr,41 gr,19 gr,2 gr,480 kcal,04:30,,,,,,,,,,,,,,,,,,,,,,,,,,,,,,,,,
,"Fri, May 22",13:30 ,Papas Fritas,1,Elaborado,100 gr,3 gr,41 gr,15 gr,4 gr,312 kcal,,,,,,,,,,,,,,,,,,,,,,,,,,,,,10.20,3.00,,,15.00,
,"Fri, May 22",13:30 ,Croisant de Jamón y Queso,0.5,Elaborado,50 gr,4 gr,24 gr,4 gr,1 gr,219 kcal,,,,,,,,,,,,,,,,,,,,,,,,,,,,,,,,,,
,"Fri, May 22",13:30 ,Pan Francés,1,Grano,60 gr,7 gr,31 gr,2 gr,2 gr,163 kcal,,,,,,,,,,,,,,,,,,,,,,,,,,,,,,,,,,
,"Fri, May 22",16:20 ,Café,1,Infusión,0 gr,0 gr,0 gr,0 gr,0 gr,0 kcal,02:50,,,,,,,,,,,,,,,,,,,,,,,,,,,,,,,,,
,"Fri, May 22",16:20 ,"Leche, Protein",1,Lácteo,100 gr,5 gr,5 gr,0 gr,0 gr,37 kcal,,,,,,,,,,,,,,,,,,,,,,,,,,,,,,,,,,
,"Fri, May 22",16:20 ,Miel (1 cda),1,Carb,10 gr,0 gr,7 gr,0 gr,0 gr,28 kcal,,,,,,,,,,,,,,,,,,,,,,,,,,,,,,,,,,
,"Fri, May 22",16:20 ,"Gentech, Ironbar, banana",1,Procesado,46 gr,15 gr,18 gr,7 gr,2 gr,180 kcal,,,,,,,,,,,,,,,,,,,,,,,,,,,,,,,,,,
,"Fri, May 22",19:00 ,Manzana,1,Fruta,188 gr,1 gr,36 gr,0 gr,6 gr,135 kcal,02:40,,,,,,,,,,,,,,,,,,,,,,,,,,,,,,,,,
,"Fri, May 22",19:00 ,Banana,1,Fruta,114 gr,1 gr,26 gr,0 gr,3 gr,101 kcal,,,,,,,,,,,,,,,,,,,,,,,,,,,,,,,,,,
,"Fri, May 22",19:00 ,"Leche, Protein",0.5,Lácteo,50 gr,2 gr,2 gr,0 gr,0 gr,19 kcal,,,,,,,,,,,,,,,,,,,,,,,,,,,,,,,,,,
,"Fri, May 22",19:00 ,Creatina Monohidrato,0.5,Complemento,0 gr,0 gr,0 gr,0 gr,0 gr,0 kcal,,,,,,,,,,,,,,,,,,,,,,,,,,,,,,,,,,
,"Fri, May 22",22:00 ,Atún (1 lata),1,Proteína,120 gr,31 gr,0 gr,1 gr,0 gr,139 kcal,03:00,,,,,,,,,,,,,,,,,,,,,,,,,,,0.14,0.02,0.08,,,0.98,
,"Fri, May 22",22:00 ,Queso Unt. Finlandia Light,5,Lácteo,50 gr,5 gr,3 gr,7 gr,0 gr,95 kcal,,,,,,,,,,,,,,,,,,,,,,,,,,,,0.07,0.22,2.13,0.29,0.51,4.11,
,"Fri, May 22",22:00 ,Pan Integral D&D,2,Grano,50 gr,4 gr,24 gr,1 gr,3 gr,116 kcal,,,,,,,,,,,,,,,,,,,,,,,,,,,,,,,,,,
,"Fri, May 22",22:00 ,Lentejas,0.5,Carb,120 gr,8 gr,19 gr,1 gr,6 gr,112 kcal,,,,,,,,,,,,,,,,,,,,,,,,,,,,,,,,,,
,"Fri, May 22",22:00 ,Palta,0.1,Fruta,16 gr,0 gr,1 gr,2 gr,1 gr,26 kcal,,,,,,,,,,,,,,,,,,,,,,,,,,,,0.02,0.33,1.67,,,2.35,
,"Fri, May 22",22:00 ,Huevo,0.2,Proteína,13 gr,2 gr,0 gr,2 gr,0 gr,20 kcal,,,,,,,,,,,,,,,,,,,,,,,,,,,,0.03,0.25,0.58,,,1.53,
,"Fri, May 22",22:00 ,"Medallón de chocolate con menta, Benot",1,Procesado,14 gr,0 gr,10 gr,1 gr,1 gr,35 kcal,,,,,,141 gr,355 gr,80 gr,35 gr,"2,699 kcal",1716 gr,,115 gr,100 gr,124 gr,35 gr,2000 kcal,0 gr,13 gr,15 gr,0 gr,1 gr,39 gr,0 gr,28 gr,40 gr,0:13,,0.04,0.42,,,1.26,
,"Sat, May 23",9:30 ,Vitaminas,1,Complemento,0 gr,0 gr,0 gr,0 gr,0 gr,0 kcal,11:30,,,,,,,,,,,,,,,,,,,,,,,,,,,,,,,,,
,"Sat, May 23",9:30 ,Café,1,Infusión,0 gr,0 gr,0 gr,0 gr,0 gr,0 kcal,,,,,,,,,,,,,,,,,,,,,,,,,,,,,,,,,,
,"Sat, May 23",9:30 ,Miel (1 cda),1,Carb,10 gr,0 gr,7 gr,0 gr,0 gr,28 kcal,,,,,,,,,,,,,,,,,,,,,,,,,,,,,,,,,,
,"Sat, May 23",9:30 ,"Leche, Protein",0.5,Lácteo,50 gr,2 gr,2 gr,0 gr,0 gr,19 kcal,,,,,,,,,,,,,,,,,,,,,,,,,,,,,,,,,,
,"Sat, May 23",9:30 ,"Ena Protein Bar, Chocolate Brownie",1,Procesado,46 gr,12 gr,27 gr,5 gr,1 gr,200 kcal,,,,,,,,,,,,,,,,,,,,,,,,,,,,,,,,,,
,"Sat, May 23",9:30 ,Vainillas Bimbo,2,Carb,24 gr,2 gr,18 gr,1 gr,0 gr,90 kcal,,,,,,,,,,,,,,,,,,,,,,,,,,,,,,,,,,
,"Sat, May 23",9:30 ,Tostadas de arroz Leiva,2,Procesado,20 gr,1 gr,17 gr,0 gr,0 gr,73 kcal,,,,,,,,,,,,,,,,,,,,,,,,,,,,,,,,,,
,"Sat, May 23",9:30 ,Queso Unt. Finlandia Light,2,Lácteo,20 gr,2 gr,1 gr,3 gr,0 gr,38 kcal,,,,,,,,,,,,,,,,,,,,,,,,,,,,0.03,0.09,0.85,0.12,0.21,1.64,
,"Sat, May 23",9:30 ,"Medallón de chocolate con menta, Benot",1,Procesado,14 gr,0 gr,10 gr,1 gr,1 gr,35 kcal,,,,,,,,,,,,,,,,,,,,,,,,,,,,,0.04,0.42,,,1.26,
,"Sat, May 23",12:00 ,Growsbar cookies & cream,1,Procesado,46 gr,14 gr,20 gr,6 gr,1 gr,186 kcal,02:30,,,,,,,,,,,,,,,,,,,,,,,,,,,,,,,,,
,"Sat, May 23",15:00 ,"Vaca, cuadril",1.6,Proteína,160 gr,35 gr,0 gr,11 gr,0 gr,240 kcal,03:00,,,,,,,,,,,,,,,,,,,,,,,,,,,0.11,0.45,4.70,,,5.60,
,"Sat, May 23",15:00 ,Arroz Integral,1,Grano,40 gr,1 gr,9 gr,0 gr,1 gr,44 kcal,,,,,,,,,,,,,,,,,,,,,,,,,,,,,,,,,,
,"Sat, May 23",15:00 ,Lentejas,0.65,Carb,98 gr,6 gr,16 gr,1 gr,5 gr,91 kcal,,,,,,,,,,,,,,,,,,,,,,,,,,,,,,,,,,
,"Sat, May 23",15:00 ,"Ensalada (lechuga, repollo b+m, zanahoria)",0.5,Verdura,60 gr,1 gr,3 gr,0 gr,1 gr,15 kcal,,,,,,,,,,,,,,,,,,,,,,,,,,,,,,,,,,
,"Sat, May 23",15:00 ,Queso Unt. Finlandia Light,3,Lácteo,30 gr,3 gr,2 gr,4 gr,0 gr,57 kcal,,,,,,,,,,,,,,,,,,,,,,,,,,,,0.04,0.13,1.28,0.18,0.31,2.46,
,"Sat, May 23",15:00 ,"Aceite de oliva (EV, PPF)",1,Grano,2 gr,0 gr,0 gr,2 gr,0 gr,18 kcal,,,,,,,,,,,,,,,,,,,,,,,,,,,,0.02,0.20,1.50,,,2.00,
,"Sat, May 23",15:00 ,"Oralitas, tortillas",2.2,Carb,79 gr,5 gr,40 gr,7 gr,2 gr,238 kcal,,,,,,,,,,,,,,,,,,,,,,,,,,,,,,,,,,
,"Sat, May 23",17:50 ,Yogurt Griego Yogusísimo (140g),1.35,Lácteo,189 gr,12 gr,16 gr,5 gr,0 gr,155 kcal,02:50,,,,,,,,,,,,,,,,,,,,,,,,,,,,,,,,,
,"Sat, May 23",17:50 ,Banana,1,Fruta,150 gr,2 gr,35 gr,0 gr,4 gr,134 kcal,,,,,,,,,,,,,,,,,,,,,,,,,,,,,,,,,,
,"Sat, May 23",17:50 ,Creatina Monohidrato,0.5,Complemento,0 gr,0 gr,0 gr,0 gr,0 gr,0 kcal,,,,,,,,,,,,,,,,,,,,,,,,,,,,,,,,,,
,"Sat, May 23",17:50 ,Almendra (1),1,Fruto Seco,7 gr,1 gr,0 gr,4 gr,1 gr,40 kcal,,,,,,,,,,,,,,,,,,,,,,,,,,,,,0.67,2.73,,,3.75,
,"Sat, May 23",17:50 ,Nuez (1),1,Fruto Seco,4 gr,1 gr,0 gr,3 gr,0 gr,27 kcal,,,,,,,,,,,,,,,,,,,,,,,,,,,,0.26,1.30,0.56,,,2.55,
,"Sat, May 23",19:10 ,Café,1,Infusión,0 gr,0 gr,0 gr,0 gr,0 gr,0 kcal,01:20,,,,,,,,,,,,,,,,,,,,,,,,,,,,,,,,,
,"Sat, May 23",19:10 ,Miel (1 cda),1,Carb,10 gr,0 gr,7 gr,0 gr,0 gr,28 kcal,,,,,,,,,,,,,,,,,,,,,,,,,,,,,,,,,,
,"Sat, May 23",19:10 ,"Leche, Protein",1,Lácteo,100 gr,5 gr,5 gr,0 gr,0 gr,37 kcal,,,,,,,,,,,,,,,,,,,,,,,,,,,,,,,,,,
,"Sat, May 23",19:10 ,Vainillas Bimbo,2,Carb,24 gr,2 gr,18 gr,1 gr,0 gr,90 kcal,,,,,,,,,,,,,,,,,,,,,,,,,,,,,,,,,,
,"Sat, May 23",19:10 ,"Chocolate Colonial, amargo dietético 70%",1,Carb,7 gr,1 gr,3 gr,2 gr,1 gr,35 kcal,,,,,,106 gr,254 gr,57 gr,17 gr,"1,915 kcal",1190 gr,,115 gr,100 gr,124 gr,35 gr,2000 kcal,0 gr,3 gr,13 gr,0 gr,1 gr,22 gr,0 gr,16 gr,22 gr,0:3,,0.07,0.79,,,2.38,
,"Sun, May 24",10:25 ,Vitaminas,1,Complemento,0 gr,0 gr,0 gr,0 gr,0 gr,0 kcal,15:15,,,,,,,,,,,,,,,,,,,,,,,,,,,,,,,,,
,"Sun, May 24",10:25 ,Café,1,Infusión,0 gr,0 gr,0 gr,0 gr,0 gr,0 kcal,,,,,,,,,,,,,,,,,,,,,,,,,,,,,,,,,,
,"Sun, May 24",10:25 ,Miel (1 cda),1,Carb,10 gr,0 gr,7 gr,0 gr,0 gr,28 kcal,,,,,,,,,,,,,,,,,,,,,,,,,,,,,,,,,,
,"Sun, May 24",10:25 ,"Leche, Protein",0.5,Lácteo,50 gr,2 gr,2 gr,0 gr,0 gr,19 kcal,,,,,,,,,,,,,,,,,,,,,,,,,,,,,,,,,,
,"Sun, May 24",10:25 ,Pan Integral D&D,2,Grano,50 gr,4 gr,24 gr,1 gr,3 gr,116 kcal,,,,,,,,,,,,,,,,,,,,,,,,,,,,,,,,,,
,"Sun, May 24",10:25 ,Palta,0.2,Fruta,32 gr,1 gr,3 gr,5 gr,2 gr,51 kcal,,,,,,,,,,,,,,,,,,,,,,,,,,,,0.05,0.66,3.33,,,4.69,
,"Sun, May 24",10:25 ,Queso Unt. Finlandia Light,2,Lácteo,20 gr,2 gr,1 gr,3 gr,0 gr,38 kcal,,,,,,,,,,,,,,,,,,,,,,,,,,,,0.03,0.09,0.85,0.12,0.21,1.64,
,"Sun, May 24",10:25 ,Huevo,1,Proteína,65 gr,8 gr,0 gr,8 gr,0 gr,101 kcal,,,,,,,,,,,,,,,,,,,,,,,,,,,,0.15,1.23,2.91,,,7.67,
,"Sun, May 24",10:25 ,Vainillas Bimbo,3,Carb,36 gr,2 gr,26 gr,2 gr,0 gr,134 kcal,,,,,,,,,,,,,,,,,,,,,,,,,,,,,,,,,,
,"Sun, May 24",13:00 ,Cerdo (1 corte),0.3,Proteína,90 gr,25 gr,0 gr,15 gr,0 gr,244 kcal,02:35,,,,,,,,,,,,,,,,,,,,,,,,,,,0.15,1.53,6.89,,,15.30,
,"Sun, May 24",13:00 ,"Vaca, Vacío (1 corte)",0.3,Proteína,90 gr,16 gr,0 gr,15 gr,0 gr,216 kcal,,,,,,,,,,,,,,,,,,,,,,,,,,,,0.15,0.61,6.43,,,7.65,
,"Sun, May 24",13:00 ,Chorizo,0.6,Proteína,90 gr,12 gr,3 gr,26 gr,0 gr,300 kcal,,,,,,,,,,,,,,,,,,,,,,,,,,,,0.26,2.61,11.75,,,26.10,
,"Sun, May 24",13:00 ,Pan Francés,1,Grano,60 gr,7 gr,31 gr,2 gr,2 gr,163 kcal,,,,,,,,,,,,,,,,,,,,,,,,,,,,,,,,,,
,"Sun, May 24",14:00 ,Café,1,Infusión,0 gr,0 gr,0 gr,0 gr,0 gr,0 kcal,01:00,,,,,,,,,,,,,,,,,,,,,,,,,,,,,,,,,
,"Sun, May 24",14:00 ,Miel (1 cda),1,Carb,10 gr,0 gr,7 gr,0 gr,0 gr,28 kcal,,,,,,,,,,,,,,,,,,,,,,,,,,,,,,,,,,
,"Sun, May 24",14:00 ,Whey Protein Bar Chocolate,1,Procesado,65 gr,21 gr,24 gr,10 gr,1 gr,249 kcal,,,,,,,,,,,,,,,,,,,,,,,,,,,,,,,,,,
,"Sun, May 24",17:00 ,Café,1,Infusión,0 gr,0 gr,0 gr,0 gr,0 gr,0 kcal,03:00,,,,,,,,,,,,,,,,,,,,,,,,,,,,,,,,,
,"Sun, May 24",17:00 ,Miel (1 cda),1,Carb,10 gr,0 gr,7 gr,0 gr,0 gr,28 kcal,,,,,,,,,,,,,,,,,,,,,,,,,,,,,,,,,,
,"Sun, May 24",18:45 ,Banana,1,Fruta,131 gr,1 gr,30 gr,0 gr,3 gr,117 kcal,01:45,,,,,,,,,,,,,,,,,,,,,,,,,,,,,,,,,
,"Sun, May 24",18:45 ,"Leche, Protein",1.5,Lácteo,150 gr,7 gr,7 gr,0 gr,0 gr,56 kcal,,,,,,,,,,,,,,,,,,,,,,,,,,,,,,,,,,
,"Sun, May 24",18:45 ,Creatina Monohidrato,0.5,Complemento,0 gr,0 gr,0 gr,0 gr,0 gr,0 kcal,,,,,,,,,,,,,,,,,,,,,,,,,,,,,,,,,,
,"Sun, May 24",18:45 ,"Medallón de chocolate con menta, Benot",1,Procesado,14 gr,0 gr,10 gr,1 gr,1 gr,35 kcal,,,,,,108 gr,182 gr,88 gr,12 gr,"1,922 kcal",973 gr,,115 gr,100 gr,124 gr,35 gr,2000 kcal,1 gr,7 gr,33 gr,0 gr,0 gr,64 gr,0 gr,40 gr,65 gr,1:7,,0.04,0.42,,,1.26,
,"Mon, May 25",9:00 ,Vitaminas,1,Complemento,0 gr,0 gr,0 gr,0 gr,0 gr,0 kcal,14:15,,,,,,,,,,,,,,,,,,,,,,,,,,,,,,,,,
,"Mon, May 25",9:00 ,Café,1,Infusión,0 gr,0 gr,0 gr,0 gr,0 gr,0 kcal,,,,,,,,,,,,,,,,,,,,,,,,,,,,,,,,,,
,"Mon, May 25",9:00 ,Miel (1 cda),1,Carb,10 gr,0 gr,7 gr,0 gr,0 gr,28 kcal,,,,,,,,,,,,,,,,,,,,,,,,,,,,,,,,,,
,"Mon, May 25",9:00 ,"Leche, Protein",0.5,Lácteo,50 gr,2 gr,2 gr,0 gr,0 gr,19 kcal,,,,,,,,,,,,,,,,,,,,,,,,,,,,,,,,,,
,"Mon, May 25",9:00 ,Pan Integral D&D,2,Grano,50 gr,4 gr,24 gr,1 gr,3 gr,116 kcal,,,,,,,,,,,,,,,,,,,,,,,,,,,,,,,,,,
,"Mon, May 25",9:00 ,Huevo,0.7,Proteína,46 gr,5 gr,0 gr,5 gr,0 gr,71 kcal,,,,,,,,,,,,,,,,,,,,,,,,,,,,0.11,0.86,2.04,,,5.37,
,"Mon, May 25",9:00 ,Queso Unt. Finlandia Light,2,Lácteo,20 gr,2 gr,1 gr,3 gr,0 gr,38 kcal,,,,,,,,,,,,,,,,,,,,,,,,,,,,0.03,0.09,0.85,0.12,0.21,1.64,
,"Mon, May 25",9:00 ,Vainillas Bimbo,2,Carb,24 gr,2 gr,18 gr,1 gr,0 gr,90 kcal,,,,,,,,,,,,,,,,,,,,,,,,,,,,,,,,,,
,"Mon, May 25",9:00 ,"Chocolate Colonial, amargo dietético 70%",1,Carb,7 gr,1 gr,3 gr,2 gr,1 gr,35 kcal,,,,,,,,,,,,,,,,,,,,,,,,,,,,,0.07,0.79,,,2.38,
,"Mon, May 25",11:45 ,Croisant de Jamón y Queso,1,Elaborado,100 gr,8 gr,47 gr,7 gr,2 gr,437 kcal,02:45,,,,,,,,,,,,,,,,,,,,,,,,,,,,,,,,,
,"Mon, May 25",11:45 ,Café,1,Infusión,0 gr,0 gr,0 gr,0 gr,0 gr,0 kcal,,,,,,,,,,,,,,,,,,,,,,,,,,,,,,,,,,
,"Mon, May 25",11:45 ,Azúcar (1 cda),2,Carb,40 gr,0 gr,40 gr,0 gr,0 gr,155 kcal,,,,,,,,,,,,,,,,,,,,,,,,,,,,,,,,,,
,"Mon, May 25",12:45 ,Croisant de Jamón y Queso,1,Elaborado,100 gr,8 gr,47 gr,7 gr,2 gr,437 kcal,01:00,,,,,,,,,,,,,,,,,,,,,,,,,,,,,,,,,
,"Mon, May 25",15:45 ,Atún (1 lata),1,Proteína,120 gr,31 gr,0 gr,1 gr,0 gr,139 kcal,03:00,,,,,,,,,,,,,,,,,,,,,,,,,,,0.14,0.02,0.08,,,0.98,
,"Mon, May 25",15:45 ,Huevo,0.7,Proteína,46 gr,5 gr,0 gr,5 gr,0 gr,71 kcal,,,,,,,,,,,,,,,,,,,,,,,,,,,,0.11,0.86,2.04,,,5.37,
,"Mon, May 25",15:45 ,Pan Integral D&D,3,Grano,75 gr,6 gr,36 gr,2 gr,4 gr,174 kcal,,,,,,,,,,,,,,,,,,,,,,,,,,,,,,,,,,
,"Mon, May 25",15:45 ,Queso Unt. Finlandia Light,5,Lácteo,50 gr,5 gr,3 gr,7 gr,0 gr,95 kcal,,,,,,,,,,,,,,,,,,,,,,,,,,,,0.07,0.22,2.13,0.29,0.51,4.11,
,"Mon, May 25",15:45 ,Pasta de maní King natural,1,Fruto Seco,15 gr,4 gr,2 gr,7 gr,1 gr,88 kcal,,,,,,,,,,,,,,,,,,,,,,,,,,,,,2.50,3.60,,,7.35,
,"Mon, May 25",17:20 ,Banana,1,Fruta,125 gr,1 gr,29 gr,0 gr,3 gr,111 kcal,01:35,,,,,,,,,,,,,,,,,,,,,,,,,,,,,,,,,
,"Mon, May 25",17:20 ,"Leche, Protein",1.5,Lácteo,150 gr,7 gr,7 gr,0 gr,0 gr,56 kcal,,,,,,,,,,,,,,,,,,,,,,,,,,,,,,,,,,
,"Mon, May 25",17:20 ,Creatina Monohidrato,0.5,Complemento,0 gr,0 gr,0 gr,0 gr,0 gr,0 kcal,,,,,,,,,,,,,,,,,,,,,,,,,,,,,,,,,,
,"Mon, May 25",20:20 ,Café,1,Infusión,0 gr,0 gr,0 gr,0 gr,0 gr,0 kcal,03:00,,,,,,,,,,,,,,,,,,,,,,,,,,,,,,,,,
,"Mon, May 25",20:20 ,Miel (1 cda),1,Carb,10 gr,0 gr,7 gr,0 gr,0 gr,28 kcal,,,,,,,,,,,,,,,,,,,,,,,,,,,,,,,,,,
,"Mon, May 25",20:20 ,"Leche, Protein",1,Lácteo,100 gr,5 gr,5 gr,0 gr,0 gr,37 kcal,,,,,,,,,,,,,,,,,,,,,,,,,,,,,,,,,,
,"Mon, May 25",20:20 ,Whey Protein Bar Chocolate,1,Procesado,65 gr,21 gr,24 gr,10 gr,1 gr,249 kcal,,,,,,116 gr,301 gr,60 gr,17 gr,"2,472 kcal",1202 gr,,115 gr,100 gr,124 gr,35 gr,2000 kcal,0 gr,5 gr,12 gr,0 gr,1 gr,27 gr,0 gr,17 gr,28 gr,0:5,,,,,,,
,"Tue, May 26",9:50 ,Vitaminas,1,Complemento,0 gr,0 gr,0 gr,0 gr,0 gr,0 kcal,13:30,,,,,,,,,,,,,,,,,,,,,,,,,,,,,,,,,
,"Tue, May 26",9:50 ,Café,1,Infusión,0 gr,0 gr,0 gr,0 gr,0 gr,0 kcal,,,,,,,,,,,,,,,,,,,,,,,,,,,,,,,,,,
,"Tue, May 26",9:50 ,Miel (1 cda),1,Carb,10 gr,0 gr,7 gr,0 gr,0 gr,28 kcal,,,,,,,,,,,,,,,,,,,,,,,,,,,,,,,,,,
,"Tue, May 26",9:50 ,"Leche, Protein",0.5,Lácteo,50 gr,2 gr,2 gr,0 gr,0 gr,19 kcal,,,,,,,,,,,,,,,,,,,,,,,,,,,,,,,,,,
,"Tue, May 26",9:50 ,Pan Integral D&D,2,Grano,50 gr,4 gr,24 gr,1 gr,3 gr,116 kcal,,,,,,,,,,,,,,,,,,,,,,,,,,,,,,,,,,
,"Tue, May 26",9:50 ,Queso Unt. Casancrem Balance,2,Lácteo,20 gr,1 gr,1 gr,2 gr,0 gr,30 kcal,,,,,,,,,,,,,,,,,,,,,,,,,,,,0.02,0.06,0.62,0.09,0.15,1.19,
,"Tue, May 26",9:50 ,Huevo,0.7,Proteína,46 gr,5 gr,0 gr,5 gr,0 gr,71 kcal,,,,,,,,,,,,,,,,,,,,,,,,,,,,0.11,0.86,2.04,,,5.37,
,"Tue, May 26",9:50 ,Growsbar cookies & cream,1,Procesado,46 gr,14 gr,20 gr,6 gr,1 gr,186 kcal,,,,,,,,,,,,,,,,,,,,,,,,,,,,,,,,,,
,"Tue, May 26",9:50 ,Vainillas Bimbo,2,Carb,24 gr,2 gr,18 gr,1 gr,0 gr,90 kcal,,,,,,,,,,,,,,,,,,,,,,,,,,,,,,,,,,
,"Tue, May 26",14:35 ,Pollo (1 pechuga),0.7,Proteína,227 gr,65 gr,0 gr,7 gr,0 gr,343 kcal,04:45,,,,,,,,,,,,,,,,,,,,,,,,,,,0.07,1.45,2.91,,,7.26,
,"Tue, May 26",14:35 ,Tomate,2,Verdura,212 gr,2 gr,8 gr,0 gr,3 gr,38 kcal,,,,,,,,,,,,,,,,,,,,,,,,,,,,,,,,,,
,"Tue, May 26",14:35 ,Pan Integral D&D,2,Grano,50 gr,4 gr,24 gr,1 gr,3 gr,116 kcal,,,,,,,,,,,,,,,,,,,,,,,,,,,,,,,,,,
,"Tue, May 26",14:35 ,Queso Unt. Casancrem Balance,2,Lácteo,20 gr,1 gr,1 gr,2 gr,0 gr,30 kcal,,,,,,,,,,,,,,,,,,,,,,,,,,,,0.02,0.06,0.62,0.09,0.15,1.19,
,"Tue, May 26",14:50 ,"Yogurt, Ser",1,Lácteo,190 gr,9 gr,11 gr,0 gr,0 gr,80 kcal,00:15,,,,,,,,,,,,,,,,,,,,,,,,,,,,,,,,,
,"Tue, May 26",14:50 ,Banana,1,Fruta,156 gr,2 gr,36 gr,0 gr,4 gr,139 kcal,,,,,,,,,,,,,,,,,,,,,,,,,,,,,,,,,,
,"Tue, May 26",14:50 ,Maní King Tostado Sin Piel Sin Sodio (1 cda sop),1,Fruto Seco,15 gr,4 gr,2 gr,8 gr,1 gr,89 kcal,,,,,,,,,,,,,,,,,,,,,,,,,,,,,2.55,3.68,,,7.50,
,"Tue, May 26",17:00 ,Café,1,Infusión,0 gr,0 gr,0 gr,0 gr,0 gr,0 kcal,02:10,,,,,,,,,,,,,,,,,,,,,,,,,,,,,,,,,
,"Tue, May 26",17:00 ,Miel (1 cda),1,Carb,10 gr,0 gr,7 gr,0 gr,0 gr,28 kcal,,,,,,,,,,,,,,,,,,,,,,,,,,,,,,,,,,
,"Tue, May 26",17:00 ,"Leche, Protein",1,Lácteo,100 gr,5 gr,5 gr,0 gr,0 gr,37 kcal,,,,,,,,,,,,,,,,,,,,,,,,,,,,,,,,,,
,"Tue, May 26",17:00 ,"Gentech, Ironbar, banana",1,Procesado,46 gr,15 gr,18 gr,7 gr,2 gr,180 kcal,,,,,,,,,,,,,,,,,,,,,,,,,,,,,,,,,,
,"Tue, May 26",17:00 ,"Medallón de chocolate con menta, Benot",1,Procesado,14 gr,0 gr,10 gr,1 gr,1 gr,35 kcal,,,,,,,,,,,,,,,,,,,,,,,,,,,,,0.04,0.42,,,1.26,
,"Tue, May 26",20:15 ,Banana,1,Fruta,141 gr,1 gr,32 gr,0 gr,4 gr,125 kcal,03:15,,,,,,,,,,,,,,,,,,,,,,,,,,,,,,,,,
,"Tue, May 26",20:15 ,"Leche, Protein",1.5,Lácteo,150 gr,7 gr,7 gr,0 gr,0 gr,56 kcal,,,,,,,,,,,,,,,,,,,,,,,,,,,,,,,,,,
,"Tue, May 26",20:15 ,Creatina Monohidrato,0.5,Complemento,0 gr,0 gr,0 gr,0 gr,0 gr,0 kcal,,,,,,,,,,,,,,,,,,,,,,,,,,,,,,,,,,
,"Tue, May 26",20:15 ,Queso Unt. Casancrem Balance,2,Lácteo,20 gr,1 gr,1 gr,2 gr,0 gr,30 kcal,,,,,,145 gr,235 gr,46 gr,20 gr,"1,865 kcal",1597 gr,,115 gr,100 gr,124 gr,35 gr,2000 kcal,0 gr,5 gr,11 gr,0 gr,0 gr,25 gr,0 gr,16 gr,26 gr,0:5,0.02,0.06,0.62,0.09,0.15,1.19,
,"Wed, May 27",9:25 ,Vitaminas,1,Complemento,0 gr,0 gr,0 gr,0 gr,0 gr,0 kcal,13:10,,,,,,,,,,,,,,,,,,,,,,,,,,,,,,,,,
,"Wed, May 27",9:25 ,Café,1,Infusión,0 gr,0 gr,0 gr,0 gr,0 gr,0 kcal,,,,,,,,,,,,,,,,,,,,,,,,,,,,,,,,,,
,"Wed, May 27",9:25 ,Miel (1 cda),1,Carb,10 gr,0 gr,7 gr,0 gr,0 gr,28 kcal,,,,,,,,,,,,,,,,,,,,,,,,,,,,,,,,,,
,"Wed, May 27",9:25 ,"Leche, Protein",0.5,Lácteo,50 gr,2 gr,2 gr,0 gr,0 gr,19 kcal,,,,,,,,,,,,,,,,,,,,,,,,,,,,,,,,,,
,"Wed, May 27",9:25 ,Pan Integral D&D,2,Grano,50 gr,4 gr,24 gr,1 gr,3 gr,116 kcal,,,,,,,,,,,,,,,,,,,,,,,,,,,,,,,,,,
,"Wed, May 27",9:25 ,Queso Unt. Casancrem Balance,2,Lácteo,20 gr,1 gr,1 gr,2 gr,0 gr,30 kcal,,,,,,,,,,,,,,,,,,,,,,,,,,,,0.02,0.06,0.62,0.09,0.15,1.19,
,"Wed, May 27",9:25 ,Huevo,0.7,Proteína,46 gr,5 gr,0 gr,5 gr,0 gr,71 kcal,,,,,,,,,,,,,,,,,,,,,,,,,,,,0.11,0.86,2.04,,,5.37,
,"Wed, May 27",9:25 ,Vainillas Bimbo,2,Carb,24 gr,2 gr,18 gr,1 gr,0 gr,90 kcal,,,,,,,,,,,,,,,,,,,,,,,,,,,,,,,,,,
,"Wed, May 27",9:25 ,"Chocolate Colonial, amargo dietético 70%",1,Carb,7 gr,1 gr,3 gr,2 gr,1 gr,35 kcal,,,,,,,,,,,,,,,,,,,,,,,,,,,,,0.07,0.79,,,2.38,
,"Wed, May 27",14:20 ,Cebolla,0.3,Verdura,62 gr,1 gr,6 gr,0 gr,1 gr,26 kcal,04:55,,,,,,,,,,,,,,,,,,,,,,,,,,,,,,,,,
,"Wed, May 27",14:20 ,Ají,0.4,Verdura,50 gr,1 gr,2 gr,0 gr,0 gr,9 kcal,,,,,,,,,,,,,,,,,,,,,,,,,,,,,,,,,,
,"Wed, May 27",14:20 ,Zucchini,0.2,Verdura,84 gr,1 gr,3 gr,0 gr,1 gr,14 kcal,,,,,,,,,,,,,,,,,,,,,,,,,,,,,,,,,,
,"Wed, May 27",14:20 ,Zanahoria,0.2,Verdura,34 gr,0 gr,3 gr,0 gr,1 gr,14 kcal,,,,,,,,,,,,,,,,,,,,,,,,,,,,,,,,,,
,"Wed, May 27",14:20 ,Pollo (1 pechuga),0.7,Proteína,201 gr,57 gr,0 gr,6 gr,0 gr,304 kcal,,,,,,,,,,,,,,,,,,,,,,,,,,,,0.06,1.29,2.57,,,6.43,
,"Wed, May 27",14:20 ,Tomate,1,Verdura,125 gr,1 gr,5 gr,0 gr,2 gr,23 kcal,,,,,,,,,,,,,,,,,,,,,,,,,,,,,,,,,,
,"Wed, May 27",14:20 ,Arroz Integral,1,Grano,40 gr,1 gr,9 gr,0 gr,1 gr,44 kcal,,,,,,,,,,,,,,,,,,,,,,,,,,,,,,,,,,
,"Wed, May 27",14:20 ,"Oralitas, tortillas",3,Carb,108 gr,7 gr,54 gr,9 gr,2 gr,324 kcal,,,,,,,,,,,,,,,,,,,,,,,,,,,,,,,,,,
,"Wed, May 27",14:20 ,Queso Unt. Finlandia Light,2,Lácteo,20 gr,2 gr,1 gr,3 gr,0 gr,38 kcal,,,,,,,,,,,,,,,,,,,,,,,,,,,,0.03,0.09,0.85,0.12,0.21,1.64,
,"Wed, May 27",14:20 ,"Aceite de oliva (EV, PPF)",2,Grano,4 gr,0 gr,0 gr,4 gr,0 gr,36 kcal,,,,,,,,,,,,,,,,,,,,,,,,,,,,0.04,0.40,3.00,,,4.00,
,"Wed, May 27",14:20 ,"Medallón de chocolate con menta, Benot",1,Procesado,14 gr,0 gr,10 gr,1 gr,1 gr,35 kcal,,,,,,,,,,,,,,,,,,,,,,,,,,,,,0.04,0.42,,,1.26,
,"Wed, May 27",17:15 ,Café,1,Infusión,0 gr,0 gr,0 gr,0 gr,0 gr,0 kcal,02:55,,,,,,,,,,,,,,,,,,,,,,,,,,,,,,,,,
,"Wed, May 27",17:15 ,Miel (1 cda),1,Carb,10 gr,0 gr,7 gr,0 gr,0 gr,28 kcal,,,,,,,,,,,,,,,,,,,,,,,,,,,,,,,,,,
,"Wed, May 27",17:15 ,"Leche, Protein",1,Lácteo,100 gr,5 gr,5 gr,0 gr,0 gr,37 kcal,,,,,,,,,,,,,,,,,,,,,,,,,,,,,,,,,,
,"Wed, May 27",17:15 ,Whey Protein Bar Chocolate,1,Procesado,65 gr,21 gr,24 gr,10 gr,1 gr,249 kcal,,,,,,,,,,,,,,,,,,,,,,,,,,,,,,,,,,
,"Wed, May 27",19:15 ,Banana,1,Fruta,136 gr,1 gr,31 gr,0 gr,4 gr,121 kcal,02:00,,,,,,,,,,,,,,,,,,,,,,,,,,,,,,,,,
,"Wed, May 27",19:15 ,"Leche, Protein",1.5,Lácteo,150 gr,7 gr,7 gr,0 gr,0 gr,56 kcal,,,,,,,,,,,,,,,,,,,,,,,,,,,,,,,,,,
,"Wed, May 27",19:15 ,Queso Unt. Finlandia Light,2,Lácteo,20 gr,2 gr,1 gr,3 gr,0 gr,38 kcal,,,,,,,,,,,,,,,,,,,,,,,,,,,,0.03,0.09,0.85,0.12,0.21,1.64,
,"Wed, May 27",19:15 ,Creatina Monohidrato,0.5,Complemento,0 gr,0 gr,0 gr,0 gr,0 gr,0 kcal,,,,,,,,,,,,,,,,,,,,,,,,,,,,,,,,,,
,"Wed, May 27",22:20 ,"Yogurt, Ser",1,Lácteo,190 gr,9 gr,11 gr,0 gr,0 gr,80 kcal,03:05,,,,,,,,,,,,,,,,,,,,,,,,,,,,,,,,,
,"Wed, May 27",22:20 ,Maní King Tostado Sin Piel Sin Sodio (1 cda sop),1,Fruto Seco,15 gr,4 gr,2 gr,8 gr,1 gr,89 kcal,,,,,,,,,,,,,,,,,,,,,,,,,,,,,2.55,3.68,,,7.50,
,"Wed, May 27",22:20 ,Nuez (1),1,Fruto Seco,4 gr,1 gr,0 gr,3 gr,0 gr,27 kcal,,,,,,,,,,,,,,,,,,,,,,,,,,,,0.26,1.30,0.56,,,2.55,
,"Wed, May 27",22:20 ,Almendra (1),1,Fruto Seco,7 gr,1 gr,0 gr,4 gr,1 gr,40 kcal,,,,,,137 gr,237 gr,64 gr,19 gr,"2,019 kcal",1646 gr,,115 gr,100 gr,124 gr,35 gr,2000 kcal,1 gr,7 gr,18 gr,0 gr,1 gr,38 gr,0 gr,26 gr,39 gr,1:7,,0.67,2.73,,,3.75,
,"Thu, May 28",8:55 ,Vitaminas,1,Complemento,0 gr,0 gr,0 gr,0 gr,0 gr,0 kcal,10:35,,,,,,,,,,,,,,,,,,,,,,,,,,,,,,,,,
,"Thu, May 28",8:55 ,Pan Integral D&D,2,Grano,50 gr,4 gr,24 gr,1 gr,3 gr,116 kcal,,,,,,,,,,,,,,,,,,,,,,,,,,,,,,,,,,
,"Thu, May 28",8:55 ,Palta,0.2,Fruta,32 gr,1 gr,3 gr,5 gr,2 gr,51 kcal,,,,,,,,,,,,,,,,,,,,,,,,,,,,0.05,0.66,3.33,,,4.69,
,"Thu, May 28",8:55 ,Queso Unt. Casancrem Balance,2,Lácteo,20 gr,1 gr,1 gr,2 gr,0 gr,30 kcal,,,,,,,,,,,,,,,,,,,,,,,,,,,,0.02,0.06,0.62,0.09,0.15,1.19,
,"Thu, May 28",8:55 ,Café,1,Infusión,0 gr,0 gr,0 gr,0 gr,0 gr,0 kcal,,,,,,,,,,,,,,,,,,,,,,,,,,,,,,,,,,
,"Thu, May 28",8:55 ,Miel (1 cda),1,Carb,10 gr,0 gr,7 gr,0 gr,0 gr,28 kcal,,,,,,,,,,,,,,,,,,,,,,,,,,,,,,,,,,
,"Thu, May 28",8:55 ,"Leche, Protein",0.5,Lácteo,50 gr,2 gr,2 gr,0 gr,0 gr,19 kcal,,,,,,,,,,,,,,,,,,,,,,,,,,,,,,,,,,
,"Thu, May 28",8:55 ,"Ena Protein Bar, Chocolate Brownie",1,Procesado,46 gr,12 gr,27 gr,5 gr,1 gr,200 kcal,,,,,,,,,,,,,,,,,,,,,,,,,,,,,,,,,,
,"Thu, May 28",14:40 ,Ají,0.2,Verdura,41 gr,0 gr,2 gr,0 gr,0 gr,7 kcal,05:45,,,,,,,,,,,,,,,,,,,,,,,,,,,,,,,,,
,"Thu, May 28",14:40 ,Cebolla,0.2,Verdura,82 gr,1 gr,8 gr,0 gr,1 gr,34 kcal,,,,,,,,,,,,,,,,,,,,,,,,,,,,,,,,,,
,"Thu, May 28",14:40 ,Zucchini,0.2,Verdura,93 gr,1 gr,3 gr,0 gr,1 gr,16 kcal,,,,,,,,,,,,,,,,,,,,,,,,,,,,,,,,,,
,"Thu, May 28",14:40 ,Zanahoria,0.2,Verdura,40 gr,0 gr,4 gr,0 gr,1 gr,16 kcal,,,,,,,,,,,,,,,,,,,,,,,,,,,,,,,,,,
,"Thu, May 28",14:40 ,"Vaca, cuadril",2,Proteína,212 gr,47 gr,0 gr,15 gr,0 gr,318 kcal,,,,,,,,,,,,,,,,,,,,,,,,,,,,0.15,0.59,6.23,,,7.42,
,"Thu, May 28",14:40 ,Queso Unt. Casancrem Balance,1,Lácteo,10 gr,1 gr,1 gr,1 gr,0 gr,15 kcal,,,,,,,,,,,,,,,,,,,,,,,,,,,,0.01,0.03,0.31,0.04,0.07,0.60,
,"Thu, May 28",14:40 ,"Oralitas, tortillas",1,Carb,36 gr,2 gr,18 gr,3 gr,1 gr,108 kcal,,,,,,,,,,,,,,,,,,,,,,,,,,,,,,,,,,
,"Thu, May 28",14:40 ,Maní King Tostado Sin Piel Sin Sodio (1 cda sop),1,Fruto Seco,15 gr,4 gr,2 gr,8 gr,1 gr,89 kcal,,,,,,,,,,,,,,,,,,,,,,,,,,,,,2.55,3.68,,,7.50,
,"Thu, May 28",14:40 ,"Aceite de oliva (EV, PPF)",2,Grano,4 gr,0 gr,0 gr,4 gr,0 gr,36 kcal,,,,,,,,,,,,,,,,,,,,,,,,,,,,0.04,0.40,3.00,,,4.00,
,"Thu, May 28",14:40 ,Arroz Integral,1,Grano,40 gr,1 gr,9 gr,0 gr,1 gr,44 kcal,,,,,,,,,,,,,,,,,,,,,,,,,,,,,,,,,,
,"Thu, May 28",17:30 ,Café,1,Infusión,0 gr,0 gr,0 gr,0 gr,0 gr,0 kcal,02:50,,,,,,,,,,,,,,,,,,,,,,,,,,,,,,,,,
,"Thu, May 28",17:30 ,Miel (1 cda),1,Carb,10 gr,0 gr,7 gr,0 gr,0 gr,28 kcal,,,,,,,,,,,,,,,,,,,,,,,,,,,,,,,,,,
,"Thu, May 28",17:30 ,"Leche, Protein",1,Lácteo,100 gr,5 gr,5 gr,0 gr,0 gr,37 kcal,,,,,,,,,,,,,,,,,,,,,,,,,,,,,,,,,,
,"Thu, May 28",17:30 ,"Ena Protein Bar, Banana Split",1,Procesado,46 gr,12 gr,27 gr,5 gr,1 gr,204 kcal,,,,,,,,,,,,,,,,,,,,,,,,,,,,,,,,,,
,"Thu, May 28",17:30 ,Vainillas Bimbo,2,Carb,24 gr,2 gr,18 gr,1 gr,0 gr,90 kcal,,,,,,,,,,,,,,,,,,,,,,,,,,,,,,,,,,
,"Thu, May 28",17:30 ,"Chocolate Colonial, amargo dietético 70%",1,Carb,7 gr,1 gr,3 gr,2 gr,1 gr,35 kcal,,,,,,,,,,,,,,,,,,,,,,,,,,,,,0.07,0.79,,,2.38,
,"Thu, May 28",17:30 ,Almendra (1),1,Fruto Seco,7 gr,1 gr,0 gr,4 gr,1 gr,40 kcal,,,,,,,,,,,,,,,,,,,,,,,,,,,,,0.67,2.73,,,3.75,
,"Thu, May 28",17:30 ,Nuez (1),1,Fruto Seco,4 gr,1 gr,0 gr,3 gr,0 gr,27 kcal,,,,,,,,,,,,,,,,,,,,,,,,,,,,0.26,1.30,0.56,,,2.55,
,"Thu, May 28",19:35 ,Banana,1,Fruta,137 gr,1 gr,32 gr,0 gr,4 gr,122 kcal,02:05,,,,,,,,,,,,,,,,,,,,,,,,,,,,,,,,,
,"Thu, May 28",19:35 ,"Leche, Protein",1.5,Lácteo,150 gr,7 gr,7 gr,0 gr,0 gr,56 kcal,,,,,,,,,,,,,,,,,,,,,,,,,,,,,,,,,,
,"Thu, May 28",19:35 ,Creatina Monohidrato,0.5,Complemento,0 gr,0 gr,0 gr,0 gr,0 gr,0 kcal,,,,,,,,,,,,,,,,,,,,,,,,,,,,,,,,,,
,"Thu, May 28",19:35 ,Queso Unt. Casancrem Balance,2,Lácteo,20 gr,1 gr,1 gr,2 gr,0 gr,30 kcal,,,,,,,,,,,,,,,,,,,,,,,,,,,,0.02,0.06,0.62,0.09,0.15,1.19,
,"Thu, May 28",21:20 ,"Yogurt, Ser",1,Lácteo,190 gr,9 gr,11 gr,0 gr,0 gr,80 kcal,01:45,,,,,,,,,,,,,,,,,,,,,,,,,,,,,,,,,
,"Thu, May 28",21:20 ,Maní King Tostado Sin Piel Sin Sodio (1 cda sop),1,Fruto Seco,15 gr,4 gr,2 gr,8 gr,1 gr,89 kcal,,,,,,,,,,,,,,,,,,,,,,,,,,,,,2.55,3.68,,,7.50,
,"Thu, May 28",21:20 ,Growsbar cookies & cream,1,Procesado,46 gr,14 gr,20 gr,6 gr,1 gr,186 kcal,,,,,,135 gr,244 gr,75 gr,21 gr,"2,152 kcal",1537 gr,,115 gr,100 gr,124 gr,35 gr,2000 kcal,1 gr,9 gr,26 gr,0 gr,0 gr,43 gr,0 gr,35 gr,43 gr,1:9,,,,,,,
,"Fri, May 29",10:10 ,Vitaminas,1,Complemento,0 gr,0 gr,0 gr,0 gr,0 gr,0 kcal,12:50,,,,,,,,,,,,,,,,,,,,,,,,,,,,,,,,,
,"Fri, May 29",10:10 ,Café,1,Infusión,0 gr,0 gr,0 gr,0 gr,0 gr,0 kcal,,,,,,,,,,,,,,,,,,,,,,,,,,,,,,,,,,
,"Fri, May 29",10:10 ,Miel (1 cda),1,Carb,10 gr,0 gr,7 gr,0 gr,0 gr,28 kcal,,,,,,,,,,,,,,,,,,,,,,,,,,,,,,,,,,
,"Fri, May 29",10:10 ,"Leche, Protein",0.5,Lácteo,50 gr,2 gr,2 gr,0 gr,0 gr,19 kcal,,,,,,,,,,,,,,,,,,,,,,,,,,,,,,,,,,
,"Fri, May 29",10:10 ,Pan Integral D&D,2,Grano,50 gr,4 gr,24 gr,1 gr,3 gr,116 kcal,,,,,,,,,,,,,,,,,,,,,,,,,,,,,,,,,,
,"Fri, May 29",10:10 ,Palta,0.2,Fruta,32 gr,1 gr,3 gr,5 gr,2 gr,51 kcal,,,,,,,,,,,,,,,,,,,,,,,,,,,,0.05,0.66,3.33,,,4.69,
,"Fri, May 29",10:10 ,Queso Unt. Casancrem Balance,2,Lácteo,20 gr,1 gr,1 gr,2 gr,0 gr,30 kcal,,,,,,,,,,,,,,,,,,,,,,,,,,,,0.02,0.06,0.62,0.09,0.15,1.19,
,"Fri, May 29",10:10 ,Vainillas Bimbo,3,Carb,36 gr,2 gr,26 gr,2 gr,0 gr,134 kcal,,,,,,,,,,,,,,,,,,,,,,,,,,,,,,,,,,
,"Fri, May 29",10:10 ,"Chocolate Colonial, amargo dietético 70%",1,Carb,7 gr,1 gr,3 gr,2 gr,1 gr,35 kcal,,,,,,,,,,,,,,,,,,,,,,,,,,,,,0.07,0.79,,,2.38,
,"Fri, May 29",10:10 ,Huevo,0.7,Proteína,46 gr,5 gr,0 gr,5 gr,0 gr,71 kcal,,,,,,,,,,,,,,,,,,,,,,,,,,,,0.11,0.86,2.04,,,5.37,
,"Fri, May 29",14:30 ,Pollo (1 pechuga),0.86,Proteína,258 gr,74 gr,0 gr,8 gr,0 gr,390 kcal,04:20,,,,,,,,,,,,,,,,,,,,,,,,,,,0.08,1.65,3.30,,,8.26,
,"Fri, May 29",14:30 ,"Ensalada (lechuga, repollo b+m, zanahoria)",0.9,Verdura,108 gr,1 gr,5 gr,0 gr,2 gr,27 kcal,,,,,,,,,,,,,,,,,,,,,,,,,,,,,,,,,,
,"Fri, May 29",14:30 ,Tomate,1,Verdura,136 gr,1 gr,5 gr,0 gr,2 gr,24 kcal,,,,,,,,,,,,,,,,,,,,,,,,,,,,,,,,,,
,"Fri, May 29",14:30 ,Pan Integral D&D,2,Grano,50 gr,4 gr,24 gr,1 gr,3 gr,116 kcal,,,,,,,,,,,,,,,,,,,,,,,,,,,,,,,,,,
,"Fri, May 29",14:30 ,Queso Unt. Casancrem Balance,2,Lácteo,20 gr,1 gr,1 gr,2 gr,0 gr,30 kcal,,,,,,,,,,,,,,,,,,,,,,,,,,,,0.02,0.06,0.62,0.09,0.15,1.19,
,"Fri, May 29",14:30 ,"Aceite de oliva (EV, PPF)",2,Grano,4 gr,0 gr,0 gr,4 gr,0 gr,36 kcal,,,,,,,,,,,,,,,,,,,,,,,,,,,,0.04,0.40,3.00,,,4.00,
,"Fri, May 29",14:30 ,"Medallón de chocolate con menta, Benot",1,Procesado,14 gr,0 gr,10 gr,1 gr,1 gr,35 kcal,,,,,,,,,,,,,,,,,,,,,,,,,,,,,0.04,0.42,,,1.26,
,"Fri, May 29",16:35 ,Café,1,Infusión,0 gr,0 gr,0 gr,0 gr,0 gr,0 kcal,02:05,,,,,,,,,,,,,,,,,,,,,,,,,,,,,,,,,
,"Fri, May 29",16:35 ,Miel (1 cda),1,Carb,10 gr,0 gr,7 gr,0 gr,0 gr,28 kcal,,,,,,,,,,,,,,,,,,,,,,,,,,,,,,,,,,
,"Fri, May 29",16:35 ,"Leche, Protein",1,Lácteo,100 gr,5 gr,5 gr,0 gr,0 gr,37 kcal,,,,,,,,,,,,,,,,,,,,,,,,,,,,,,,,,,
,"Fri, May 29",16:35 ,"Ena Protein Bar, Chocolate Brownie",1,Procesado,46 gr,12 gr,27 gr,5 gr,1 gr,200 kcal,,,,,,,,,,,,,,,,,,,,,,,,,,,,,,,,,,
,"Fri, May 29",18:55 ,Banana,1,Fruta,135 gr,1 gr,31 gr,0 gr,4 gr,120 kcal,02:20,,,,,,,,,,,,,,,,,,,,,,,,,,,,,,,,,
,"Fri, May 29",18:55 ,"Leche, Protein",1.5,Lácteo,150 gr,7 gr,7 gr,0 gr,0 gr,56 kcal,,,,,,,,,,,,,,,,,,,,,,,,,,,,,,,,,,
,"Fri, May 29",18:55 ,Creatina Monohidrato,0.5,Complemento,0 gr,0 gr,0 gr,0 gr,0 gr,0 kcal,,,,,,,,,,,,,,,,,,,,,,,,,,,,,,,,,,
,"Fri, May 29",23:55 ,Growsbar cookies & cream,1,Procesado,46 gr,14 gr,20 gr,6 gr,1 gr,186 kcal,05:00,,,,,137 gr,209 gr,47 gr,18 gr,"1,769 kcal",1328 gr,,115 gr,100 gr,124 gr,35 gr,2000 kcal,0 gr,4 gr,14 gr,0 gr,0 gr,28 gr,0 gr,18 gr,29 gr,0:4,,,,,,,
,"Sat, May 30",9:20 ,Vitaminas,1,Complemento,0 gr,0 gr,0 gr,0 gr,0 gr,0 kcal,09:25,,,,,,,,,,,,,,,,,,,,,,,,,,,,,,,,,
,"Sat, May 30",9:20 ,Te,1,Infusión,0 gr,0 gr,0 gr,0 gr,0 gr,0 kcal,,,,,,,,,,,,,,,,,,,,,,,,,,,,,,,,,,
,"Sat, May 30",9:30 ,"Leche, Protein",0.4,Lácteo,40 gr,2 gr,2 gr,0 gr,0 gr,15 kcal,00:10,,,,,,,,,,,,,,,,,,,,,,,,,,,,,,,,,
,"Sat, May 30",9:30 ,Whey Protein Bar Chocolate,1,Procesado,65 gr,21 gr,24 gr,10 gr,1 gr,249 kcal,,,,,,,,,,,,,,,,,,,,,,,,,,,,,,,,,,
,"Sat, May 30",9:30 ,Miel (1 cda),1,Carb,10 gr,0 gr,7 gr,0 gr,0 gr,28 kcal,,,,,,,,,,,,,,,,,,,,,,,,,,,,,,,,,,
,"Sat, May 30",13:00 ,Growsbar cookies & cream,1,Procesado,46 gr,14 gr,20 gr,6 gr,1 gr,186 kcal,03:30,,,,,,,,,,,,,,,,,,,,,,,,,,,,,,,,,
,"Sat, May 30",14:15 ,Pollo (1 pechuga),0.8,Proteína,237 gr,68 gr,0 gr,8 gr,0 gr,358 kcal,01:15,,,,,,,,,,,,,,,,,,,,,,,,,,,0.08,1.52,3.03,,,7.58,
,"Sat, May 30",14:15 ,"Ensalada (lechuga, repollo b+m, zanahoria)",1,Verdura,120 gr,2 gr,5 gr,0 gr,2 gr,30 kcal,,,,,,,,,,,,,,,,,,,,,,,,,,,,,,,,,,
,"Sat, May 30",14:15 ,"Aceite de oliva (EV, PPF)",2,Grano,4 gr,0 gr,0 gr,4 gr,0 gr,36 kcal,,,,,,,,,,,,,,,,,,,,,,,,,,,,0.04,0.40,3.00,,,4.00,
,"Sat, May 30",14:15 ,Tomate,1,Verdura,116 gr,1 gr,5 gr,0 gr,1 gr,21 kcal,,,,,,,,,,,,,,,,,,,,,,,,,,,,,,,,,,
,"Sat, May 30",14:15 ,Pan Integral D&D,2,Grano,50 gr,4 gr,24 gr,1 gr,3 gr,116 kcal,,,,,,,,,,,,,,,,,,,,,,,,,,,,,,,,,,
,"Sat, May 30",14:15 ,Queso Unt. Casancrem Balance,5,Lácteo,50 gr,4 gr,4 gr,5 gr,0 gr,75 kcal,,,,,,,,,,,,,,,,,,,,,,,,,,,,0.05,0.16,1.55,0.21,0.37,2.99,
,"Sat, May 30",14:15 ,"Medallón de chocolate con menta, Benot",1,Procesado,14 gr,0 gr,10 gr,1 gr,1 gr,35 kcal,,,,,,,,,,,,,,,,,,,,,,,,,,,,,0.04,0.42,,,1.26,
,"Sat, May 30",17:00 ,Café,1,Infusión,0 gr,0 gr,0 gr,0 gr,0 gr,0 kcal,02:45,,,,,,,,,,,,,,,,,,,,,,,,,,,,,,,,,
,"Sat, May 30",17:00 ,Miel (1 cda),1,Carb,10 gr,0 gr,7 gr,0 gr,0 gr,28 kcal,,,,,,,,,,,,,,,,,,,,,,,,,,,,,,,,,,
,"Sat, May 30",17:00 ,"Leche, Protein",1,Lácteo,100 gr,5 gr,5 gr,0 gr,0 gr,37 kcal,,,,,,,,,,,,,,,,,,,,,,,,,,,,,,,,,,
,"Sat, May 30",17:00 ,Whey Protein Bar Chocolate,1,Procesado,65 gr,21 gr,24 gr,10 gr,1 gr,249 kcal,,,,,,,,,,,,,,,,,,,,,,,,,,,,,,,,,,
,"Sat, May 30",23:00 ,Hamburguesa con Queso,2,Elaborado,214 gr,35 gr,56 gr,29 gr,2 gr,634 kcal,06:00,,,,,,,,,,,,,,,,,,,,,,,,,,,0.29,1.16,12.23,,,14.56,
,"Sat, May 30",23:55 ,Torta de Chocolate,2,Carb,200 gr,7 gr,121 gr,32 gr,0 gr,798 kcal,00:55,,,,,,,,,,,,,,,,,,,,,,,,,,,,,,,,,
,"Sat, May 30",23:55 ,Alfajorcito de Maizena,2,Carb,80 gr,5 gr,51 gr,11 gr,1 gr,318 kcal,,,,,,187 gr,362 gr,116 gr,14 gr,"3,213 kcal",1421 gr,,115 gr,100 gr,124 gr,35 gr,2000 kcal,0 gr,3 gr,20 gr,0 gr,0 gr,30 gr,0 gr,24 gr,31 gr,0:3,,,,,,,
,"Sun, May 31",10:30 ,Vitaminas,1,Complemento,0 gr,0 gr,0 gr,0 gr,0 gr,0 kcal,10:35,,,,,,,,,,,,,,,,,,,,,,,,,,,,,,,,,
,"Sun, May 31",12:50 ,Zucchini,0.4,Verdura,107 gr,1 gr,4 gr,0 gr,1 gr,18 kcal,02:20,,,,,,,,,,,,,,,,,,,,,,,,,,,,,,,,,
,"Sun, May 31",12:50 ,Zanahoria,0.3,Verdura,63 gr,1 gr,6 gr,0 gr,2 gr,26 kcal,,,,,,,,,,,,,,,,,,,,,,,,,,,,,,,,,,
,"Sun, May 31",12:50 ,Ají,0.3,Verdura,66 gr,1 gr,3 gr,0 gr,0 gr,12 kcal,,,,,,,,,,,,,,,,,,,,,,,,,,,,,,,,,,
,"Sun, May 31",12:50 ,Cebolla,0.3,Verdura,117 gr,1 gr,12 gr,0 gr,2 gr,49 kcal,,,,,,,,,,,,,,,,,,,,,,,,,,,,,,,,,,
,"Sun, May 31",12:50 ,"Vaca, cuadril",1.7,Proteína,170 gr,37 gr,0 gr,12 gr,0 gr,255 kcal,,,,,,,,,,,,,,,,,,,,,,,,,,,,0.12,0.48,5.00,,,5.95,
,"Sun, May 31",12:50 ,Pan Integral D&D,2,Grano,50 gr,4 gr,24 gr,1 gr,3 gr,116 kcal,,,,,,,,,,,,,,,,,,,,,,,,,,,,,,,,,,
,"Sun, May 31",12:50 ,Queso Unt. Casancrem Balance,2,Lácteo,20 gr,1 gr,1 gr,2 gr,0 gr,30 kcal,,,,,,,,,,,,,,,,,,,,,,,,,,,,0.02,0.06,0.62,0.09,0.15,1.19,
,"Sun, May 31",12:50 ,Arroz Integral,1,Grano,40 gr,1 gr,9 gr,0 gr,1 gr,44 kcal,,,,,,,,,,,,,,,,,,,,,,,,,,,,,,,,,,
,"Sun, May 31",12:50 ,"Aceite de oliva (EV, PPF)",2,Grano,4 gr,0 gr,0 gr,4 gr,0 gr,36 kcal,,,,,,,,,,,,,,,,,,,,,,,,,,,,0.04,0.40,3.00,,,4.00,
,"Sun, May 31",12:50 ,Maní King Tostado Sin Piel Sin Sodio (1 cda sop),1,Fruto Seco,15 gr,4 gr,2 gr,8 gr,1 gr,89 kcal,,,,,,,,,,,,,,,,,,,,,,,,,,,,,2.55,3.68,,,7.50,
,"Sun, May 31",17:50 ,Café,1,Infusión,0 gr,0 gr,0 gr,0 gr,0 gr,0 kcal,05:00,,,,,,,,,,,,,,,,,,,,,,,,,,,,,,,,,
,"Sun, May 31",17:50 ,Miel (1 cda),1,Carb,10 gr,0 gr,7 gr,0 gr,0 gr,28 kcal,,,,,,,,,,,,,,,,,,,,,,,,,,,,,,,,,,
,"Sun, May 31",17:50 ,"Leche, Protein",1,Lácteo,100 gr,5 gr,5 gr,0 gr,0 gr,37 kcal,,,,,,,,,,,,,,,,,,,,,,,,,,,,,,,,,,
,"Sun, May 31",17:50 ,Whey Protein Bar Chocolate,1,Procesado,65 gr,21 gr,24 gr,10 gr,1 gr,249 kcal,,,,,,,,,,,,,,,,,,,,,,,,,,,,,,,,,,
,"Sun, May 31",19:25 ,Banana,1,Fruta,162 gr,2 gr,37 gr,0 gr,4 gr,144 kcal,01:35,,,,,,,,,,,,,,,,,,,,,,,,,,,,,,,,,
,"Sun, May 31",19:25 ,"Leche, Protein",1.5,Lácteo,150 gr,7 gr,7 gr,0 gr,0 gr,56 kcal,,,,,,,,,,,,,,,,,,,,,,,,,,,,,,,,,,
,"Sun, May 31",19:25 ,Creatina Monohidrato,0.5,Complemento,0 gr,0 gr,0 gr,0 gr,0 gr,0 kcal,,,,,,,,,,,,,,,,,,,,,,,,,,,,,,,,,,
,"Sun, May 31",22:15 ,Atún (1 lata),1,Proteína,120 gr,31 gr,0 gr,1 gr,0 gr,139 kcal,02:50,,,,,,,,,,,,,,,,,,,,,,,,,,,0.14,0.02,0.08,,,0.98,
,"Sun, May 31",22:15 ,Huevo,0.7,Proteína,46 gr,5 gr,0 gr,5 gr,0 gr,71 kcal,,,,,,,,,,,,,,,,,,,,,,,,,,,,0.11,0.86,2.04,,,5.37,
,"Sun, May 31",22:15 ,Queso Unt. Casancrem Balance,5,Lácteo,50 gr,4 gr,4 gr,5 gr,0 gr,75 kcal,,,,,,,,,,,,,,,,,,,,,,,,,,,,0.05,0.16,1.55,0.21,0.37,2.99,
,"Sun, May 31",22:15 ,Pan Integral D&D,3,Grano,75 gr,6 gr,36 gr,2 gr,4 gr,174 kcal,,,,,,,,,,,,,,,,,,,,,,,,,,,,,,,,,,
,"Sun, May 31",22:15 ,Pasta de maní King natural,1,Fruto Seco,15 gr,4 gr,2 gr,7 gr,1 gr,88 kcal,,,,,,,,,,,,,,,,,,,,,,,,,,,,,2.50,3.60,,,7.35,
,"Sun, May 31",23:30 ,Te,1,Infusión,0 gr,0 gr,0 gr,0 gr,0 gr,0 kcal,01:15,,,,,,,,,,,,,,,,,,,,,,,,,,,,,,,,,
,"Sun, May 31",23:35 ,Miel (1 cda),1,Carb,10 gr,0 gr,7 gr,0 gr,0 gr,28 kcal,00:05,,,,,,,,,,,,,,,,,,,,,,,,,,,,,,,,,
,"Sun, May 31",23:35 ,Vainillas Bimbo,2,Carb,24 gr,2 gr,18 gr,1 gr,0 gr,90 kcal,,,,,,,,,,,,,,,,,,,,,,,,,,,,,,,,,,
,"Sun, May 31",23:35 ,"Leche, Protein",0.4,Lácteo,40 gr,2 gr,2 gr,0 gr,0 gr,15 kcal,,,,,,139 gr,208 gr,60 gr,20 gr,"1,869 kcal",1519 gr,,115 gr,100 gr,124 gr,35 gr,2000 kcal,0 gr,7 gr,20 gr,0 gr,1 gr,35 gr,0 gr,27 gr,36 gr,0:7,,,,,,,
,"Mon, Jun 1",10:10 ,Vitaminas,1,Complemento,0 gr,0 gr,0 gr,0 gr,0 gr,0 kcal,10:35,,,,,,,,,,,,,,,,,,,,,,,,,,,,,,,,,
,"Mon, Jun 1",10:10 ,Pan Integral D&D,2,Grano,45 gr,4 gr,22 gr,1 gr,2 gr,104 kcal,,,,,,,,,,,,,,,,,,,,,,,,,,,,,,,,,,
,"Mon, Jun 1",10:10 ,Queso Unt. Casancrem Balance,2,Lácteo,20 gr,1 gr,1 gr,2 gr,0 gr,30 kcal,,,,,,,,,,,,,,,,,,,,,,,,,,,,0.02,0.06,0.62,0.09,0.15,1.19,
,"Mon, Jun 1",10:10 ,Palta,0.2,Fruta,32 gr,1 gr,3 gr,5 gr,2 gr,51 kcal,,,,,,,,,,,,,,,,,,,,,,,,,,,,0.05,0.66,3.33,,,4.69,
,"Mon, Jun 1",10:10 ,Huevo,0.7,Proteína,46 gr,5 gr,0 gr,5 gr,0 gr,71 kcal,,,,,,,,,,,,,,,,,,,,,,,,,,,,0.11,0.86,2.04,,,5.37,
,"Mon, Jun 1",10:10 ,Café,1,Infusión,0 gr,0 gr,0 gr,0 gr,0 gr,0 kcal,,,,,,,,,,,,,,,,,,,,,,,,,,,,,,,,,,
,"Mon, Jun 1",10:10 ,Miel (1 cda),1,Carb,10 gr,0 gr,7 gr,0 gr,0 gr,28 kcal,,,,,,,,,,,,,,,,,,,,,,,,,,,,,,,,,,
,"Mon, Jun 1",10:10 ,"Leche, Protein",0.5,Lácteo,50 gr,2 gr,2 gr,0 gr,0 gr,19 kcal,,,,,,,,,,,,,,,,,,,,,,,,,,,,,,,,,,
,"Mon, Jun 1",10:10 ,Vainillas Bimbo,2,Carb,24 gr,2 gr,18 gr,1 gr,0 gr,90 kcal,,,,,,,,,,,,,,,,,,,,,,,,,,,,,,,,,,
,"Mon, Jun 1",10:10 ,"Chocolate Colonial, amargo dietético 70%",1,Carb,7 gr,1 gr,3 gr,2 gr,1 gr,35 kcal,,,,,,,,,,,,,,,,,,,,,,,,,,,,,0.07,0.79,,,2.38,
,"Mon, Jun 1",14:10 ,Pollo (1 pechuga),0.7,Proteína,174 gr,50 gr,0 gr,6 gr,0 gr,263 kcal,04:00,,,,,,,,,,,,,,,,,,,,,,,,,,,0.06,1.11,2.23,,,5.57,
,"Mon, Jun 1",14:10 ,Tomate,1,Verdura,165 gr,1 gr,6 gr,0 gr,2 gr,30 kcal,,,,,,,,,,,,,,,,,,,,,,,,,,,,,,,,,,
,"Mon, Jun 1",14:10 ,"Ensalada (lechuga, repollo b+m, zanahoria)",0.6,Verdura,74 gr,1 gr,3 gr,0 gr,1 gr,19 kcal,,,,,,,,,,,,,,,,,,,,,,,,,,,,,,,,,,
,"Mon, Jun 1",14:10 ,Pan Integral D&D,2,Grano,50 gr,4 gr,24 gr,1 gr,3 gr,116 kcal,,,,,,,,,,,,,,,,,,,,,,,,,,,,,,,,,,
,"Mon, Jun 1",14:10 ,Queso Unt. Casancrem Balance,5,Lácteo,50 gr,4 gr,4 gr,5 gr,0 gr,75 kcal,,,,,,,,,,,,,,,,,,,,,,,,,,,,0.05,0.16,1.55,0.21,0.37,2.99,
,"Mon, Jun 1",14:10 ,"Aceite de oliva (EV, PPF)",2,Grano,4 gr,0 gr,0 gr,4 gr,0 gr,36 kcal,,,,,,,,,,,,,,,,,,,,,,,,,,,,0.04,0.40,3.00,,,4.00,
,"Mon, Jun 1",14:10 ,"Medallón de chocolate con menta, Benot",1,Procesado,14 gr,0 gr,10 gr,1 gr,1 gr,35 kcal,,,,,,,,,,,,,,,,,,,,,,,,,,,,,0.04,0.42,,,1.26,
,"Mon, Jun 1",14:10 ,Café,1,Infusión,0 gr,0 gr,0 gr,0 gr,0 gr,0 kcal,,,,,,,,,,,,,,,,,,,,,,,,,,,,,,,,,,
,"Mon, Jun 1",14:10 ,Miel (1 cda),1,Carb,10 gr,0 gr,7 gr,0 gr,0 gr,28 kcal,,,,,,,,,,,,,,,,,,,,,,,,,,,,,,,,,,
,"Mon, Jun 1",14:10 ,"Leche, Protein",1,Lácteo,100 gr,5 gr,5 gr,0 gr,0 gr,37 kcal,,,,,,,,,,,,,,,,,,,,,,,,,,,,,,,,,,
,"Mon, Jun 1",14:10 ,"Ena Protein Bar, Chocolate Brownie",1,Procesado,46 gr,12 gr,27 gr,5 gr,1 gr,200 kcal,,,,,,,,,,,,,,,,,,,,,,,,,,,,,,,,,,
,"Mon, Jun 1",20:10 ,Banana,1,Fruta,92 gr,1 gr,21 gr,0 gr,2 gr,82 kcal,06:00,,,,,,,,,,,,,,,,,,,,,,,,,,,,,,,,,
,"Mon, Jun 1",20:10 ,Manzana,1,Fruta,203 gr,1 gr,39 gr,0 gr,6 gr,146 kcal,,,,,,,,,,,,,,,,,,,,,,,,,,,,,,,,,,
,"Mon, Jun 1",20:10 ,"Leche, Protein",0.5,Lácteo,50 gr,2 gr,2 gr,0 gr,0 gr,19 kcal,,,,,,,,,,,,,,,,,,,,,,,,,,,,,,,,,,
,"Mon, Jun 1",20:10 ,Creatina Monohidrato,0.5,Complemento,0 gr,0 gr,0 gr,0 gr,0 gr,0 kcal,,,,,,,,,,,,,,,,,,,,,,,,,,,,,,,,,,
,"Mon, Jun 1",22:20 ,Atún (1 lata),1,Proteína,120 gr,31 gr,0 gr,1 gr,0 gr,139 kcal,02:10,,,,,,,,,,,,,,,,,,,,,,,,,,,0.14,0.02,0.08,,,0.98,
,"Mon, Jun 1",22:20 ,Huevo,0.7,Proteína,46 gr,5 gr,0 gr,5 gr,0 gr,71 kcal,,,,,,,,,,,,,,,,,,,,,,,,,,,,0.11,0.86,2.04,,,5.37,
,"Mon, Jun 1",22:20 ,Pan Integral D&D,2,Grano,50 gr,4 gr,24 gr,1 gr,3 gr,116 kcal,,,,,,,,,,,,,,,,,,,,,,,,,,,,,,,,,,
,"Mon, Jun 1",22:20 ,Queso Unt. Casancrem Balance,5,Lácteo,50 gr,4 gr,4 gr,5 gr,0 gr,75 kcal,,,,,,,,,,,,,,,,,,,,,,,,,,,,0.05,0.16,1.55,0.21,0.37,2.99,
,"Mon, Jun 1",22:20 ,Pasta de maní King natural,1,Fruto Seco,15 gr,4 gr,2 gr,7 gr,1 gr,88 kcal,,,,,,144 gr,233 gr,61 gr,25 gr,"2,001 kcal",1546 gr,,115 gr,100 gr,124 gr,35 gr,2000 kcal,1 gr,7 gr,21 gr,1 gr,1 gr,44 gr,0 gr,29 gr,46 gr,1:7,,2.50,3.60,,,7.35,
,"Tue, Jun 2",13:30 ,Vitaminas,1,Complemento,0 gr,0 gr,0 gr,0 gr,0 gr,0 kcal,15:10,,,,,,,,,,,,,,,,,,,,,,,,,,,,,,,,,
,"Tue, Jun 2",13:30 ,Arroz Integral,1,Grano,40 gr,1 gr,9 gr,0 gr,1 gr,44 kcal,,,,,,,,,,,,,,,,,,,,,,,,,,,,,,,,,,
,"Tue, Jun 2",13:30 ,Ají,0.5,Verdura,32 gr,0 gr,1 gr,0 gr,0 gr,6 kcal,,,,,,,,,,,,,,,,,,,,,,,,,,,,,,,,,,
,"Tue, Jun 2",13:30 ,Zucchini,0.2,Verdura,73 gr,1 gr,3 gr,0 gr,1 gr,12 kcal,,,,,,,,,,,,,,,,,,,,,,,,,,,,,,,,,,
,"Tue, Jun 2",13:30 ,Cebolla,0.4,Verdura,90 gr,1 gr,9 gr,0 gr,1 gr,38 kcal,,,,,,,,,,,,,,,,,,,,,,,,,,,,,,,,,,
,"Tue, Jun 2",13:30 ,Lentejas,0.5,Carb,130 gr,8 gr,21 gr,1 gr,6 gr,121 kcal,,,,,,,,,,,,,,,,,,,,,,,,,,,,,,,,,,
,"Tue, Jun 2",13:30 ,Pollo (1 pechuga),0.6,Proteína,194 gr,55 gr,0 gr,6 gr,0 gr,293 kcal,,,,,,,,,,,,,,,,,,,,,,,,,,,,0.06,1.24,2.48,,,6.21,
,"Tue, Jun 2",13:30 ,Pan Integral D&D,2,Grano,50 gr,4 gr,24 gr,1 gr,3 gr,116 kcal,,,,,,,,,,,,,,,,,,,,,,,,,,,,,,,,,,
,"Tue, Jun 2",13:30 ,Queso Unt. Casancrem Balance,2,Lácteo,20 gr,1 gr,1 gr,2 gr,0 gr,30 kcal,,,,,,,,,,,,,,,,,,,,,,,,,,,,0.02,0.06,0.62,0.09,0.15,1.19,
,"Tue, Jun 2",13:30 ,Maní King Tostado Sin Piel Sin Sodio (1 cda sop),1,Fruto Seco,15 gr,4 gr,2 gr,8 gr,1 gr,89 kcal,,,,,,,,,,,,,,,,,,,,,,,,,,,,,2.55,3.68,,,7.50,
,"Tue, Jun 2",13:30 ,"Aceite de oliva (EV, PPF)",2,Grano,4 gr,0 gr,0 gr,4 gr,0 gr,36 kcal,,,,,,,,,,,,,,,,,,,,,,,,,,,,0.04,0.40,3.00,,,4.00,
,"Tue, Jun 2",15:20 ,Chocobar de Arroz,1,Procesado,20 gr,1 gr,11 gr,4 gr,1 gr,89 kcal,01:50,,,,,,,,,,,,,,,,,,,,,,,,,,,,,,,,,
,"Tue, Jun 2",15:20 ,Café,1,Infusión,0 gr,0 gr,0 gr,0 gr,0 gr,0 kcal,,,,,,,,,,,,,,,,,,,,,,,,,,,,,,,,,,
,"Tue, Jun 2",15:20 ,Miel (1 cda),1,Carb,10 gr,0 gr,7 gr,0 gr,0 gr,28 kcal,,,,,,,,,,,,,,,,,,,,,,,,,,,,,,,,,,
,"Tue, Jun 2",15:20 ,"Leche, Protein",0.5,Lácteo,50 gr,2 gr,2 gr,0 gr,0 gr,19 kcal,,,,,,,,,,,,,,,,,,,,,,,,,,,,,,,,,,
,"Tue, Jun 2",17:30 ,Café,1,Infusión,0 gr,0 gr,0 gr,0 gr,0 gr,0 kcal,02:10,,,,,,,,,,,,,,,,,,,,,,,,,,,,,,,,,
,"Tue, Jun 2",17:30 ,"Leche, Protein",1,Lácteo,100 gr,5 gr,5 gr,0 gr,0 gr,37 kcal,,,,,,,,,,,,,,,,,,,,,,,,,,,,,,,,,,
,"Tue, Jun 2",17:30 ,Miel (1 cda),1,Carb,10 gr,0 gr,7 gr,0 gr,0 gr,28 kcal,,,,,,,,,,,,,,,,,,,,,,,,,,,,,,,,,,
,"Tue, Jun 2",17:30 ,Whey Protein Bar Chocolate,1,Procesado,65 gr,21 gr,24 gr,10 gr,1 gr,249 kcal,,,,,,,,,,,,,,,,,,,,,,,,,,,,,,,,,,
,"Tue, Jun 2",19:30 ,Banana,1,Fruta,155 gr,2 gr,36 gr,0 gr,4 gr,138 kcal,02:00,,,,,,,,,,,,,,,,,,,,,,,,,,,,,,,,,
,"Tue, Jun 2",19:30 ,"Leche, Protein",1.5,Lácteo,150 gr,7 gr,7 gr,0 gr,0 gr,56 kcal,,,,,,,,,,,,,,,,,,,,,,,,,,,,,,,,,,
,"Tue, Jun 2",19:30 ,Creatina Monohidrato,0.5,Complemento,0 gr,0 gr,0 gr,0 gr,0 gr,0 kcal,,,,,,114 gr,168 gr,37 gr,19 gr,"1,428 kcal",1208 gr,,115 gr,100 gr,124 gr,35 gr,2000 kcal,0 gr,4 gr,10 gr,0 gr,0 gr,19 gr,0 gr,14 gr,19 gr,0:4,,,,,,,
,"Wed, Jun 3",11:10 ,Vitaminas,1,Complemento,0 gr,0 gr,0 gr,0 gr,0 gr,0 kcal,15:40,,,,,,,,,,,,,,,,,,,,,,,,,,,,,,,,,
,"Wed, Jun 3",11:10 ,Palta,0.3,Fruta,42 gr,1 gr,4 gr,6 gr,3 gr,67 kcal,,,,,,,,,,,,,,,,,,,,,,,,,,,,0.06,0.86,4.37,,,6.16,
,"Wed, Jun 3",11:10 ,Queso Unt. Finlandia Light,2,Lácteo,20 gr,2 gr,1 gr,3 gr,0 gr,38 kcal,,,,,,,,,,,,,,,,,,,,,,,,,,,,0.03,0.09,0.85,0.12,0.21,1.64,
,"Wed, Jun 3",11:10 ,Café,1,Infusión,0 gr,0 gr,0 gr,0 gr,0 gr,0 kcal,,,,,,,,,,,,,,,,,,,,,,,,,,,,,,,,,,
,"Wed, Jun 3",11:10 ,Miel (1 cda),1,Carb,10 gr,0 gr,7 gr,0 gr,0 gr,28 kcal,,,,,,,,,,,,,,,,,,,,,,,,,,,,,,,,,,
,"Wed, Jun 3",11:10 ,"Leche, Protein",0.5,Lácteo,50 gr,2 gr,2 gr,0 gr,0 gr,19 kcal,,,,,,,,,,,,,,,,,,,,,,,,,,,,,,,,,,
,"Wed, Jun 3",11:10 ,Pan Integral D&D,2,Grano,50 gr,4 gr,24 gr,1 gr,3 gr,116 kcal,,,,,,,,,,,,,,,,,,,,,,,,,,,,,,,,,,
,"Wed, Jun 3",11:10 ,Vainillas Bimbo,2,Carb,24 gr,2 gr,18 gr,1 gr,0 gr,90 kcal,,,,,,,,,,,,,,,,,,,,,,,,,,,,,,,,,,
,"Wed, Jun 3",11:10 ,Galletitas Cachafaz Algarroba,1,Procesado,15 gr,1 gr,9 gr,2 gr,1 gr,61 kcal,,,,,,,,,,,,,,,,,,,,,,,,,,,,,,,,,,
,"Wed, Jun 3",11:10 ,"Chocolate, Águila (1 barrita)",0.7,Carb,11 gr,1 gr,6 gr,3 gr,1 gr,49 kcal,,,,,,,,,,,,,,,,,,,,,,,,,,,,,0.08,0.83,,,2.52,
,"Wed, Jun 3",15:10 ,Cebolla,0.5,Verdura,102 gr,1 gr,10 gr,0 gr,1 gr,43 kcal,04:00,,,,,,,,,,,,,,,,,,,,,,,,,,,,,,,,,
,"Wed, Jun 3",15:10 ,Zucchini,0.4,Verdura,116 gr,1 gr,4 gr,0 gr,1 gr,20 kcal,,,,,,,,,,,,,,,,,,,,,,,,,,,,,,,,,,
,"Wed, Jun 3",15:10 ,Zanahoria,0.4,Verdura,86 gr,1 gr,8 gr,0 gr,2 gr,35 kcal,,,,,,,,,,,,,,,,,,,,,,,,,,,,,,,,,,
,"Wed, Jun 3",15:10 ,Ají,0.4,Verdura,36 gr,0 gr,1 gr,0 gr,0 gr,6 kcal,,,,,,,,,,,,,,,,,,,,,,,,,,,,,,,,,,
,"Wed, Jun 3",15:10 ,Arroz Integral,1,Grano,40 gr,1 gr,9 gr,0 gr,1 gr,44 kcal,,,,,,,,,,,,,,,,,,,,,,,,,,,,,,,,,,
,"Wed, Jun 3",15:10 ,Pollo (1 pechuga),0.6,Proteína,187 gr,53 gr,0 gr,6 gr,0 gr,282 kcal,,,,,,,,,,,,,,,,,,,,,,,,,,,,0.06,1.20,2.39,,,5.98,
,"Wed, Jun 3",15:10 ,Pan Integral D&D,2,Grano,50 gr,4 gr,24 gr,1 gr,3 gr,116 kcal,,,,,,,,,,,,,,,,,,,,,,,,,,,,,,,,,,
,"Wed, Jun 3",15:10 ,Queso Unt. Finlandia Light,2,Lácteo,20 gr,2 gr,1 gr,3 gr,0 gr,38 kcal,,,,,,,,,,,,,,,,,,,,,,,,,,,,0.03,0.09,0.85,0.12,0.21,1.64,
,"Wed, Jun 3",15:10 ,"Aceite de oliva (EV, PPF)",2,Grano,4 gr,0 gr,0 gr,4 gr,0 gr,36 kcal,,,,,,,,,,,,,,,,,,,,,,,,,,,,0.04,0.40,3.00,,,4.00,
,"Wed, Jun 3",15:10 ,Maní King Tostado Sin Piel Sin Sodio (1 cda sop),1,Fruto Seco,15 gr,4 gr,2 gr,8 gr,1 gr,89 kcal,,,,,,,,,,,,,,,,,,,,,,,,,,,,,2.55,3.68,,,7.50,
,"Wed, Jun 3",15:10 ,"Medallón de chocolate con menta, Benot",1,Procesado,14 gr,0 gr,10 gr,1 gr,1 gr,35 kcal,,,,,,,,,,,,,,,,,,,,,,,,,,,,,0.04,0.42,,,1.26,
,"Wed, Jun 3",16:50 ,Café,1,Infusión,0 gr,0 gr,0 gr,0 gr,0 gr,0 kcal,01:40,,,,,,,,,,,,,,,,,,,,,,,,,,,,,,,,,
,"Wed, Jun 3",16:50 ,Miel (1 cda),1,Carb,10 gr,0 gr,7 gr,0 gr,0 gr,28 kcal,,,,,,,,,,,,,,,,,,,,,,,,,,,,,,,,,,
,"Wed, Jun 3",16:50 ,"Leche, Protein",1,Lácteo,100 gr,5 gr,5 gr,0 gr,0 gr,37 kcal,,,,,,,,,,,,,,,,,,,,,,,,,,,,,,,,,,
,"Wed, Jun 3",16:50 ,Whey Protein Bar Chocolate,1,Procesado,65 gr,21 gr,24 gr,10 gr,1 gr,249 kcal,,,,,,,,,,,,,,,,,,,,,,,,,,,,,,,,,,
,"Wed, Jun 3",21:45 ,Cebolla,0.5,Verdura,70 gr,1 gr,7 gr,0 gr,1 gr,29 kcal,04:55,,,,,,,,,,,,,,,,,,,,,,,,,,,,,,,,,
,"Wed, Jun 3",21:45 ,Zucchini,0.4,Verdura,120 gr,1 gr,4 gr,0 gr,1 gr,20 kcal,,,,,,,,,,,,,,,,,,,,,,,,,,,,,,,,,,
,"Wed, Jun 3",21:45 ,Zanahoria,0.4,Verdura,80 gr,1 gr,8 gr,0 gr,2 gr,33 kcal,,,,,,,,,,,,,,,,,,,,,,,,,,,,,,,,,,
,"Wed, Jun 3",21:45 ,Ají,0.4,Verdura,20 gr,0 gr,1 gr,0 gr,0 gr,4 kcal,,,,,,,,,,,,,,,,,,,,,,,,,,,,,,,,,,
,"Wed, Jun 3",21:45 ,Arroz Integral,1,Grano,40 gr,1 gr,9 gr,0 gr,1 gr,44 kcal,,,,,,,,,,,,,,,,,,,,,,,,,,,,,,,,,,
,"Wed, Jun 3",21:45 ,Pollo (1 pechuga),0.6,Proteína,180 gr,51 gr,0 gr,6 gr,0 gr,272 kcal,,,,,,,,,,,,,,,,,,,,,,,,,,,,0.06,1.15,2.30,,,5.76,
,"Wed, Jun 3",21:45 ,Pan Integral D&D,1,Grano,25 gr,2 gr,12 gr,1 gr,1 gr,58 kcal,,,,,,,,,,,,,,,,,,,,,,,,,,,,,,,,,,
,"Wed, Jun 3",21:45 ,Queso Unt. Finlandia Light,2,Lácteo,20 gr,2 gr,1 gr,3 gr,0 gr,38 kcal,,,,,,,,,,,,,,,,,,,,,,,,,,,,0.03,0.09,0.85,0.12,0.21,1.64,
,"Wed, Jun 3",21:45 ,"Aceite de oliva (EV, PPF)",2,Grano,4 gr,0 gr,0 gr,4 gr,0 gr,36 kcal,,,,,,,,,,,,,,,,,,,,,,,,,,,,0.04,0.40,3.00,,,4.00,
,"Wed, Jun 3",21:45 ,Maní King Tostado Sin Piel Sin Sodio (1 cda sop),1,Fruto Seco,15 gr,4 gr,2 gr,8 gr,1 gr,89 kcal,,,,,,,,,,,,,,,,,,,,,,,,,,,,,2.55,3.68,,,7.50,
,"Wed, Jun 3",21:45 ,"Oralitas, tortillas",3,Carb,108 gr,7 gr,54 gr,9 gr,2 gr,324 kcal,,,,,,,,,,,,,,,,,,,,,,,,,,,,,,,,,,
,"Wed, Jun 3",21:45 ,"Medallón de chocolate con menta, Benot",1,Procesado,14 gr,0 gr,10 gr,1 gr,1 gr,35 kcal,,,,,,175 gr,283 gr,82 gr,30 gr,"2,509 kcal",1762 gr,,115 gr,100 gr,124 gr,35 gr,2000 kcal,0 gr,10 gr,27 gr,0 gr,1 gr,51 gr,0 gr,37 gr,52 gr,0:10,,0.04,0.42,,,1.26,
,"Thu, Jun 4",9:50 ,Vitaminas,1,Complemento,0 gr,0 gr,0 gr,0 gr,0 gr,0 kcal,12:05,,,,,,,,,,,,,,,,,,,,,,,,,,,,,,,,,
,"Thu, Jun 4",9:50 ,Café,1,Infusión,0 gr,0 gr,0 gr,0 gr,0 gr,0 kcal,,,,,,,,,,,,,,,,,,,,,,,,,,,,,,,,,,
,"Thu, Jun 4",9:50 ,Miel (1 cda),1,Carb,10 gr,0 gr,7 gr,0 gr,0 gr,28 kcal,,,,,,,,,,,,,,,,,,,,,,,,,,,,,,,,,,
,"Thu, Jun 4",9:50 ,"Leche, Protein",0.5,Lácteo,50 gr,2 gr,2 gr,0 gr,0 gr,19 kcal,,,,,,,,,,,,,,,,,,,,,,,,,,,,,,,,,,
,"Thu, Jun 4",9:50 ,Pont Protein Bar,1,Procesado,55 gr,18 gr,21 gr,4 gr,7 gr,188 kcal,,,,,,,,,,,,,,,,,,,,,,,,,,,,,,,,,,
,"Thu, Jun 4",14:10 ,Pollo (1 pechuga),0.6,Proteína,197 gr,56 gr,0 gr,6 gr,0 gr,297 kcal,04:20,,,,,,,,,,,,,,,,,,,,,,,,,,,0.06,1.26,2.52,,,6.30,
,"Thu, Jun 4",14:10 ,Tomate,1,Verdura,150 gr,1 gr,6 gr,0 gr,2 gr,27 kcal,,,,,,,,,,,,,,,,,,,,,,,,,,,,,,,,,,
,"Thu, Jun 4",14:10 ,Pan Integral D&D,3,Grano,75 gr,6 gr,36 gr,2 gr,4 gr,174 kcal,,,,,,,,,,,,,,,,,,,,,,,,,,,,,,,,,,
,"Thu, Jun 4",14:10 ,Queso Unt. Finlandia Light,2,Lácteo,20 gr,2 gr,1 gr,3 gr,0 gr,38 kcal,,,,,,,,,,,,,,,,,,,,,,,,,,,,0.03,0.09,0.85,0.12,0.21,1.64,
,"Thu, Jun 4",15:30 ,"Yogurt, Ser",1,Lácteo,120 gr,6 gr,7 gr,0 gr,0 gr,51 kcal,01:20,,,,,,,,,,,,,,,,,,,,,,,,,,,,,,,,,
,"Thu, Jun 4",15:30 ,Galletitas Cachafaz Algarroba,2,Procesado,29 gr,2 gr,18 gr,5 gr,2 gr,122 kcal,,,,,,,,,,,,,,,,,,,,,,,,,,,,,,,,,,
,"Thu, Jun 4",15:30 ,Queso Unt. Finlandia Light,3,Lácteo,30 gr,3 gr,2 gr,4 gr,0 gr,57 kcal,,,,,,,,,,,,,,,,,,,,,,,,,,,,0.04,0.13,1.28,0.18,0.31,2.46,
,"Thu, Jun 4",15:30 ,Avena Granix Instnatánea (2 cdas),1,Grano,30 gr,4 gr,18 gr,2 gr,3 gr,107 kcal,,,,,,,,,,,,,,,,,,,,,,,,,,,,,,,,,,
,"Thu, Jun 4",15:30 ,Pasta de maní King natural,1,Fruto Seco,15 gr,4 gr,2 gr,7 gr,1 gr,88 kcal,,,,,,,,,,,,,,,,,,,,,,,,,,,,,2.50,3.60,,,7.35,
,"Thu, Jun 4",15:30 ,Creatina Monohidrato,0.5,Complemento,0 gr,0 gr,0 gr,0 gr,0 gr,0 kcal,,,,,,,,,,,,,,,,,,,,,,,,,,,,,,,,,,
,"Thu, Jun 4",15:30 ,"Medallón de chocolate con menta, Benot",1,Procesado,14 gr,0 gr,10 gr,1 gr,1 gr,35 kcal,,,,,,,,,,,,,,,,,,,,,,,,,,,,,0.04,0.42,,,1.26,
,"Thu, Jun 4",17:40 ,Café,1,Infusión,0 gr,0 gr,0 gr,0 gr,0 gr,0 kcal,02:10,,,,,,,,,,,,,,,,,,,,,,,,,,,,,,,,,
,"Thu, Jun 4",17:40 ,Miel (1 cda),1,Carb,10 gr,0 gr,7 gr,0 gr,0 gr,28 kcal,,,,,,,,,,,,,,,,,,,,,,,,,,,,,,,,,,
,"Thu, Jun 4",17:40 ,"Leche, Protein",1,Lácteo,100 gr,5 gr,5 gr,0 gr,0 gr,37 kcal,,,,,,,,,,,,,,,,,,,,,,,,,,,,,,,,,,
,"Thu, Jun 4",17:40 ,Whey Protein Bar Chocolate,1,Procesado,65 gr,21 gr,24 gr,10 gr,1 gr,249 kcal,,,,,,130 gr,164 gr,45 gr,21 gr,"1,544 kcal",970 gr,,115 gr,100 gr,124 gr,35 gr,2000 kcal,0 gr,4 gr,9 gr,0 gr,1 gr,19 gr,0 gr,13 gr,20 gr,0:4,,,,,,,
,"Fri, Jun 5",9:30 ,Vitaminas,1,Complemento,0 gr,0 gr,0 gr,0 gr,0 gr,0 kcal,15:50,,,,,,,,,,,,,,,,,,,,,,,,,,,,,,,,,
,"Fri, Jun 5",9:30 ,Café,1,Infusión,0 gr,0 gr,0 gr,0 gr,0 gr,0 kcal,,,,,,,,,,,,,,,,,,,,,,,,,,,,,,,,,,
,"Fri, Jun 5",9:30 ,Miel (1 cda),1,Carb,10 gr,0 gr,7 gr,0 gr,0 gr,28 kcal,,,,,,,,,,,,,,,,,,,,,,,,,,,,,,,,,,
,"Fri, Jun 5",9:30 ,"Leche, Protein",0.5,Lácteo,50 gr,2 gr,2 gr,0 gr,0 gr,19 kcal,,,,,,,,,,,,,,,,,,,,,,,,,,,,,,,,,,
,"Fri, Jun 5",9:30 ,Pan Integral D&D,2,Grano,50 gr,4 gr,24 gr,1 gr,3 gr,116 kcal,,,,,,,,,,,,,,,,,,,,,,,,,,,,,,,,,,
,"Fri, Jun 5",9:30 ,Queso Unt. Finlandia Light,2,Lácteo,20 gr,2 gr,1 gr,3 gr,0 gr,38 kcal,,,,,,,,,,,,,,,,,,,,,,,,,,,,0.03,0.09,0.85,0.12,0.21,1.64,
,"Fri, Jun 5",9:30 ,Huevo,1,Proteína,65 gr,8 gr,0 gr,8 gr,0 gr,101 kcal,,,,,,,,,,,,,,,,,,,,,,,,,,,,0.15,1.23,2.91,,,7.67,
,"Fri, Jun 5",9:30 ,"Chocolate, Águila (1 barrita)",0.7,Carb,11 gr,1 gr,6 gr,3 gr,1 gr,49 kcal,,,,,,,,,,,,,,,,,,,,,,,,,,,,,0.08,0.83,,,2.52,
,"Fri, Jun 5",9:30 ,Nuez (1),1,Fruto Seco,4 gr,1 gr,0 gr,3 gr,0 gr,27 kcal,,,,,,,,,,,,,,,,,,,,,,,,,,,,0.26,1.30,0.56,,,2.55,
,"Fri, Jun 5",9:30 ,Almendra (1),1,Fruto Seco,7 gr,1 gr,0 gr,4 gr,1 gr,40 kcal,,,,,,,,,,,,,,,,,,,,,,,,,,,,,0.67,2.73,,,3.75,
,"Fri, Jun 5",9:30 ,Galletitas Cachafaz Algarroba,2,Procesado,29 gr,2 gr,18 gr,5 gr,2 gr,122 kcal,,,,,,,,,,,,,,,,,,,,,,,,,,,,,,,,,,
,"Fri, Jun 5",15:00 ,"Vaca, cuadril",1.8,Proteína,188 gr,41 gr,0 gr,13 gr,0 gr,282 kcal,05:30,,,,,,,,,,,,,,,,,,,,,,,,,,,0.13,0.53,5.53,,,6.58,
,"Fri, Jun 5",15:00 ,Tomate,1,Verdura,133 gr,1 gr,5 gr,0 gr,2 gr,24 kcal,,,,,,,,,,,,,,,,,,,,,,,,,,,,,,,,,,
,"Fri, Jun 5",15:00 ,Pan Integral D&D,2,Grano,50 gr,4 gr,24 gr,1 gr,3 gr,116 kcal,,,,,,,,,,,,,,,,,,,,,,,,,,,,,,,,,,
,"Fri, Jun 5",15:00 ,Queso Unt. Finlandia Light,2,Lácteo,20 gr,2 gr,1 gr,3 gr,0 gr,38 kcal,,,,,,,,,,,,,,,,,,,,,,,,,,,,0.03,0.09,0.85,0.12,0.21,1.64,
,"Fri, Jun 5",16:55 ,Café,1,Infusión,0 gr,0 gr,0 gr,0 gr,0 gr,0 kcal,01:55,,,,,,,,,,,,,,,,,,,,,,,,,,,,,,,,,
,"Fri, Jun 5",16:55 ,Miel (1 cda),1,Carb,10 gr,0 gr,7 gr,0 gr,0 gr,28 kcal,,,,,,,,,,,,,,,,,,,,,,,,,,,,,,,,,,
,"Fri, Jun 5",16:55 ,"Leche, Protein",1,Lácteo,100 gr,5 gr,5 gr,0 gr,0 gr,37 kcal,,,,,,,,,,,,,,,,,,,,,,,,,,,,,,,,,,
,"Fri, Jun 5",16:55 ,Whey Protein Bar Chocolate,1,Procesado,65 gr,21 gr,24 gr,10 gr,1 gr,249 kcal,,,,,,,,,,,,,,,,,,,,,,,,,,,,,,,,,,
,"Fri, Jun 5",19:05 ,Manzana,1,Fruta,191 gr,1 gr,36 gr,0 gr,6 gr,138 kcal,02:10,,,,,,,,,,,,,,,,,,,,,,,,,,,,,,,,,
,"Fri, Jun 5",19:05 ,Banana,1,Fruta,76 gr,1 gr,17 gr,0 gr,2 gr,68 kcal,,,,,,,,,,,,,,,,,,,,,,,,,,,,,,,,,,
,"Fri, Jun 5",19:05 ,"Leche, Protein",0.5,Lácteo,50 gr,2 gr,2 gr,0 gr,0 gr,19 kcal,,,,,,,,,,,,,,,,,,,,,,,,,,,,,,,,,,
,"Fri, Jun 5",19:05 ,Creatina Monohidrato,0.5,Complemento,0 gr,0 gr,0 gr,0 gr,0 gr,0 kcal,,,,,,,,,,,,,,,,,,,,,,,,,,,,,,,,,,
,"Fri, Jun 5",22:30 ,"Vaca, Vacío (1 corte)",0.7,Proteína,210 gr,38 gr,0 gr,36 gr,0 gr,504 kcal,03:25,,,,,,,,,,,,,,,,,,,,,,,,,,,0.36,1.43,14.99,,,17.85,
,"Fri, Jun 5",22:30 ,Papa,2,Carb,200 gr,4 gr,43 gr,0 gr,0 gr,184 kcal,,,,,,140 gr,224 gr,89 gr,20 gr,"2,226 kcal",1539 gr,,115 gr,100 gr,124 gr,35 gr,2000 kcal,1 gr,5 gr,29 gr,0 gr,0 gr,44 gr,0 gr,36 gr,45 gr,1:5,,,,,,,
,"Sat, Jun 6",9:30 ,Vitaminas,1,Complemento,0 gr,0 gr,0 gr,0 gr,0 gr,0 kcal,11:00,,,,,,,,,,,,,,,,,,,,,,,,,,,,,,,,,
,"Sat, Jun 6",9:30 ,Te,1,Infusión,0 gr,0 gr,0 gr,0 gr,0 gr,0 kcal,,,,,,,,,,,,,,,,,,,,,,,,,,,,,,,,,,
,"Sat, Jun 6",9:30 ,Miel (1 cda),1,Carb,10 gr,0 gr,7 gr,0 gr,0 gr,28 kcal,,,,,,,,,,,,,,,,,,,,,,,,,,,,,,,,,,
,"Sat, Jun 6",9:30 ,"Galletitas Smams, chips de chocolate",2,Carb,60 gr,4 gr,40 gr,9 gr,0 gr,211 kcal,,,,,,,,,,,,,,,,,,,,,,,,,,,,,,,,,,
,"Sat, Jun 6",9:30 ,"Medallón de chocolate con menta, Benot",1,Procesado,14 gr,0 gr,10 gr,1 gr,1 gr,35 kcal,,,,,,,,,,,,,,,,,,,,,,,,,,,,,0.04,0.42,,,1.26,
,"Sat, Jun 6",12:00 ,Whey Protein Bar Chocolate,1,Procesado,65 gr,21 gr,24 gr,10 gr,1 gr,249 kcal,02:30,,,,,,,,,,,,,,,,,,,,,,,,,,,,,,,,,
,"Sat, Jun 6",15:00 ,Ají,0.3,Verdura,55 gr,1 gr,2 gr,0 gr,0 gr,10 kcal,03:00,,,,,,,,,,,,,,,,,,,,,,,,,,,,,,,,,
,"Sat, Jun 6",15:00 ,Tallarines Terrabusi,1.1,Grano,85 gr,9 gr,61 gr,1 gr,3 gr,284 kcal,,,,,,,,,,,,,,,,,,,,,,,,,,,,,,,,,,
,"Sat, Jun 6",15:00 ,"Vaca, Vacío (1 corte)",0.6,Proteína,192 gr,35 gr,0 gr,33 gr,0 gr,461 kcal,,,,,,,,,,,,,,,,,,,,,,,,,,,,0.33,1.31,13.71,,,16.32,
,"Sat, Jun 6",15:00 ,Pan Integral D&D,2,Grano,50 gr,4 gr,24 gr,1 gr,3 gr,116 kcal,,,,,,,,,,,,,,,,,,,,,,,,,,,,,,,,,,
,"Sat, Jun 6",15:00 ,Queso Unt. Finlandia Light,2,Lácteo,20 gr,2 gr,1 gr,3 gr,0 gr,38 kcal,,,,,,,,,,,,,,,,,,,,,,,,,,,,0.03,0.09,0.85,0.12,0.21,1.64,
,"Sat, Jun 6",15:00 ,Jardinera,0.4,Carb,78 gr,3 gr,10 gr,0 gr,3 gr,54 kcal,,,,,,,,,,,,,,,,,,,,,,,,,,,,,,,,,,
,"Sat, Jun 6",15:00 ,"Aceite de oliva (EV, PPF)",2,Grano,4 gr,0 gr,0 gr,4 gr,0 gr,36 kcal,,,,,,,,,,,,,,,,,,,,,,,,,,,,0.04,0.40,3.00,,,4.00,
,"Sat, Jun 6",18:20 ,Café,1,Infusión,0 gr,0 gr,0 gr,0 gr,0 gr,0 kcal,03:20,,,,,,,,,,,,,,,,,,,,,,,,,,,,,,,,,
,"Sat, Jun 6",18:20 ,Miel (1 cda),1,Carb,10 gr,0 gr,7 gr,0 gr,0 gr,28 kcal,,,,,,,,,,,,,,,,,,,,,,,,,,,,,,,,,,
,"Sat, Jun 6",18:20 ,"Leche, Protein",1,Lácteo,100 gr,5 gr,5 gr,0 gr,0 gr,37 kcal,,,,,,,,,,,,,,,,,,,,,,,,,,,,,,,,,,
,"Sat, Jun 6",18:20 ,Whey Protein Bar Chocolate,1,Procesado,65 gr,21 gr,24 gr,10 gr,1 gr,249 kcal,,,,,,,,,,,,,,,,,,,,,,,,,,,,,,,,,,
,"Sat, Jun 6",23:55 ,Papa,1,Carb,100 gr,2 gr,21 gr,0 gr,0 gr,92 kcal,05:35,,,,,,,,,,,,,,,,,,,,,,,,,,,,,,,,,
,"Sat, Jun 6",23:55 ,Huevo,1,Proteína,65 gr,8 gr,0 gr,8 gr,0 gr,101 kcal,,,,,,,,,,,,,,,,,,,,,,,,,,,,0.15,1.23,2.91,,,7.67,
,"Sat, Jun 6",23:55 ,"Vaca, Lomo (1 corte)",0.1,Proteína,30 gr,7 gr,0 gr,2 gr,0 gr,44 kcal,,,,,,,,,,,,,,,,,,,,,,,,,,,,0.02,0.07,0.76,,,0.90,
,"Sat, Jun 6",23:55 ,Queso Tregar Portsalut,0.2,Lácteo,6 gr,2 gr,0 gr,1 gr,0 gr,14 kcal,,,,,,,,,,,,,,,,,,,,,,,,,,,,0.01,0.02,0.23,0.03,0.05,0.44,
,"Sat, Jun 6",23:55 ,Pan Francés,0.1,Grano,6 gr,1 gr,3 gr,0 gr,0 gr,16 kcal,,,,,,,,,,,,,,,,,,,,,,,,,,,,,,,,,,
,"Sat, Jun 6",23:55 ,Azúcar (1 cda),1,Carb,20 gr,0 gr,20 gr,0 gr,0 gr,77 kcal,,,,,,,,,,,,,,,,,,,,,,,,,,,,,,,,,,
,"Sat, Jun 6",23:55 ,Te,1,Infusión,0 gr,0 gr,0 gr,0 gr,0 gr,0 kcal,,,,,,,,,,,,,,,,,,,,,,,,,,,,,,,,,,
,"Sat, Jun 6",23:55 ,Miel (1 cda),1,Carb,10 gr,0 gr,7 gr,0 gr,0 gr,28 kcal,,,,,,122 gr,265 gr,82 gr,12 gr,"2,207 kcal",1045 gr,,115 gr,100 gr,124 gr,35 gr,2000 kcal,1 gr,3 gr,22 gr,0 gr,0 gr,32 gr,0 gr,26 gr,33 gr,1:3,,,,,,,
,"Sun, Jun 7",12:45 ,Vitaminas,1,Complemento,0 gr,0 gr,0 gr,0 gr,0 gr,0 kcal,12:50,,,,,,,,,,,,,,,,,,,,,,,,,,,,,,,,,
,"Sun, Jun 7",12:45 ,Arroz Integral,1,Grano,40 gr,1 gr,9 gr,0 gr,1 gr,44 kcal,,,,,,,,,,,,,,,,,,,,,,,,,,,,,,,,,,
,"Sun, Jun 7",12:45 ,Pollo (1 pechuga),0.6,Proteína,170 gr,48 gr,0 gr,5 gr,0 gr,257 kcal,,,,,,,,,,,,,,,,,,,,,,,,,,,,0.05,1.09,2.18,,,5.44,
,"Sun, Jun 7",12:45 ,Jardinera,0.6,Carb,128 gr,5 gr,17 gr,0 gr,5 gr,88 kcal,,,,,,,,,,,,,,,,,,,,,,,,,,,,,,,,,,
,"Sun, Jun 7",12:45 ,Pan Integral D&D,2,Grano,50 gr,4 gr,24 gr,1 gr,3 gr,116 kcal,,,,,,,,,,,,,,,,,,,,,,,,,,,,,,,,,,
,"Sun, Jun 7",12:45 ,Queso Unt. Finlandia Light,2,Lácteo,20 gr,2 gr,1 gr,3 gr,0 gr,38 kcal,,,,,,,,,,,,,,,,,,,,,,,,,,,,0.03,0.09,0.85,0.12,0.21,1.64,
,"Sun, Jun 7",12:45 ,"Aceite de oliva (EV, PPF)",2,Grano,4 gr,0 gr,0 gr,4 gr,0 gr,36 kcal,,,,,,,,,,,,,,,,,,,,,,,,,,,,0.04,0.40,3.00,,,4.00,
,"Sun, Jun 7",12:45 ,Maní King Tostado Sin Piel Sin Sodio (1 cda sop),1,Fruto Seco,15 gr,4 gr,2 gr,8 gr,1 gr,89 kcal,,,,,,,,,,,,,,,,,,,,,,,,,,,,,2.55,3.68,,,7.50,
,"Sun, Jun 7",14:20 ,Banana,1,Fruta,111 gr,1 gr,26 gr,0 gr,3 gr,99 kcal,01:35,,,,,,,,,,,,,,,,,,,,,,,,,,,,,,,,,
,"Sun, Jun 7",14:20 ,Manzana,1,Fruta,205 gr,1 gr,39 gr,0 gr,6 gr,148 kcal,,,,,,,,,,,,,,,,,,,,,,,,,,,,,,,,,,
,"Sun, Jun 7",14:20 ,"Leche, Protein",1,Lácteo,100 gr,5 gr,5 gr,0 gr,0 gr,37 kcal,,,,,,,,,,,,,,,,,,,,,,,,,,,,,,,,,,
,"Sun, Jun 7",14:20 ,Creatina Monohidrato,0.5,Complemento,0 gr,0 gr,0 gr,0 gr,0 gr,0 kcal,,,,,,,,,,,,,,,,,,,,,,,,,,,,,,,,,,
,"Sun, Jun 7",16:45 ,Café,1,Infusión,0 gr,0 gr,0 gr,0 gr,0 gr,0 kcal,02:25,,,,,,,,,,,,,,,,,,,,,,,,,,,,,,,,,
,"Sun, Jun 7",16:45 ,Miel (1 cda),1,Carb,10 gr,0 gr,7 gr,0 gr,0 gr,28 kcal,,,,,,,,,,,,,,,,,,,,,,,,,,,,,,,,,,
,"Sun, Jun 7",16:45 ,"Leche, Protein",1,Lácteo,100 gr,5 gr,5 gr,0 gr,0 gr,37 kcal,,,,,,,,,,,,,,,,,,,,,,,,,,,,,,,,,,
,"Sun, Jun 7",16:45 ,Whey Protein Bar Chocolate,1,Procesado,65 gr,21 gr,24 gr,10 gr,1 gr,249 kcal,,,,,,,,,,,,,,,,,,,,,,,,,,,,,,,,,,
,"Sun, Jun 7",20:45 ,Atún (1 lata),1,Proteína,120 gr,31 gr,0 gr,1 gr,0 gr,139 kcal,04:00,,,,,,,,,,,,,,,,,,,,,,,,,,,0.14,0.02,0.08,,,0.98,
,"Sun, Jun 7",20:45 ,Huevo,1,Proteína,65 gr,8 gr,0 gr,8 gr,0 gr,101 kcal,,,,,,,,,,,,,,,,,,,,,,,,,,,,0.15,1.23,2.91,,,7.67,
,"Sun, Jun 7",20:45 ,Queso Unt. Finlandia Light,5,Lácteo,50 gr,5 gr,3 gr,7 gr,0 gr,95 kcal,,,,,,,,,,,,,,,,,,,,,,,,,,,,0.07,0.22,2.13,0.29,0.51,4.11,
,"Sun, Jun 7",20:45 ,Pan Integral D&D,3,Grano,75 gr,6 gr,36 gr,2 gr,4 gr,174 kcal,,,,,,,,,,,,,,,,,,,,,,,,,,,,,,,,,,
,"Sun, Jun 7",20:45 ,Pasta de maní King natural,1,Fruto Seco,15 gr,4 gr,2 gr,7 gr,1 gr,88 kcal,,,,,,,,,,,,,,,,,,,,,,,,,,,,,2.50,3.60,,,7.35,
,"Sun, Jun 7",21:20 ,Galletitas Cachafaz Algarroba,2,Procesado,29 gr,2 gr,18 gr,5 gr,2 gr,122 kcal,00:35,,,,,,,,,,,,,,,,,,,,,,,,,,,,,,,,,
,"Sun, Jun 7",21:20 ,Te,1,Infusión,0 gr,0 gr,0 gr,0 gr,0 gr,0 kcal,,,,,,,,,,,,,,,,,,,,,,,,,,,,,,,,,,
,"Sun, Jun 7",21:20 ,Miel (1 cda),1,Carb,10 gr,0 gr,7 gr,0 gr,0 gr,28 kcal,,,,,,152 gr,223 gr,62 gr,27 gr,"2,013 kcal",1382 gr,,115 gr,100 gr,124 gr,35 gr,2000 kcal,0 gr,8 gr,18 gr,0 gr,1 gr,39 gr,0 gr,27 gr,40 gr,0:8,,,,,,,
,"Mon, Jun 8",9:35 ,Vitaminas,1,Complemento,0 gr,0 gr,0 gr,0 gr,0 gr,0 kcal,12:15,,,,,,,,,,,,,,,,,,,,,,,,,,,,,,,,,
,"Mon, Jun 8",9:35 ,Café,1,Infusión,0 gr,0 gr,0 gr,0 gr,0 gr,0 kcal,,,,,,,,,,,,,,,,,,,,,,,,,,,,,,,,,,
,"Mon, Jun 8",9:35 ,Miel (1 cda),1,Carb,10 gr,0 gr,7 gr,0 gr,0 gr,28 kcal,,,,,,,,,,,,,,,,,,,,,,,,,,,,,,,,,,
,"Mon, Jun 8",9:35 ,"Leche, Protein",0.5,Lácteo,50 gr,2 gr,2 gr,0 gr,0 gr,19 kcal,,,,,,,,,,,,,,,,,,,,,,,,,,,,,,,,,,
,"Mon, Jun 8",9:35 ,Pan Integral D&D,2,Grano,50 gr,4 gr,24 gr,1 gr,3 gr,116 kcal,,,,,,,,,,,,,,,,,,,,,,,,,,,,,,,,,,
,"Mon, Jun 8",9:35 ,Queso Unt. Finlandia Light,2,Lácteo,20 gr,2 gr,1 gr,3 gr,0 gr,38 kcal,,,,,,,,,,,,,,,,,,,,,,,,,,,,0.03,0.09,0.85,0.12,0.21,1.64,
,"Mon, Jun 8",9:35 ,Huevo,1,Proteína,65 gr,8 gr,0 gr,8 gr,0 gr,101 kcal,,,,,,,,,,,,,,,,,,,,,,,,,,,,0.15,1.23,2.91,,,7.67,
,"Mon, Jun 8",9:35 ,Galletitas Cachafaz Algarroba,3,Procesado,44 gr,4 gr,27 gr,7 gr,3 gr,183 kcal,,,,,,,,,,,,,,,,,,,,,,,,,,,,,,,,,,
,"Mon, Jun 8",14:30 ,Pollo (1 pechuga),0.7,Proteína,164 gr,47 gr,0 gr,5 gr,0 gr,248 kcal,04:55,,,,,,,,,,,,,,,,,,,,,,,,,,,0.05,1.05,2.10,,,5.25,
,"Mon, Jun 8",14:30 ,Tomate,1,Verdura,139 gr,1 gr,5 gr,0 gr,2 gr,25 kcal,,,,,,,,,,,,,,,,,,,,,,,,,,,,,,,,,,
,"Mon, Jun 8",14:30 ,Pan Integral D&D,2,Grano,50 gr,4 gr,24 gr,1 gr,3 gr,116 kcal,,,,,,,,,,,,,,,,,,,,,,,,,,,,,,,,,,
,"Mon, Jun 8",14:30 ,Queso Unt. Finlandia Light,2,Lácteo,20 gr,2 gr,1 gr,3 gr,0 gr,38 kcal,,,,,,,,,,,,,,,,,,,,,,,,,,,,0.03,0.09,0.85,0.12,0.21,1.64,
,"Mon, Jun 8",14:45 ,Banana,1,Fruta,102 gr,1 gr,23 gr,0 gr,3 gr,91 kcal,00:15,,,,,,,,,,,,,,,,,,,,,,,,,,,,,,,,,
,"Mon, Jun 8",14:45 ,"Yogurt, Ser",1,Lácteo,190 gr,9 gr,11 gr,0 gr,0 gr,80 kcal,,,,,,,,,,,,,,,,,,,,,,,,,,,,,,,,,,
,"Mon, Jun 8",14:45 ,Pasta de maní King natural,1,Fruto Seco,22 gr,6 gr,2 gr,11 gr,2 gr,129 kcal,,,,,,,,,,,,,,,,,,,,,,,,,,,,,3.67,5.28,,,10.78,
,"Mon, Jun 8",17:50 ,Café,1,Infusión,0 gr,0 gr,0 gr,0 gr,0 gr,0 kcal,03:05,,,,,,,,,,,,,,,,,,,,,,,,,,,,,,,,,
,"Mon, Jun 8",17:50 ,Miel (1 cda),1,Carb,10 gr,0 gr,7 gr,0 gr,0 gr,28 kcal,,,,,,,,,,,,,,,,,,,,,,,,,,,,,,,,,,
,"Mon, Jun 8",17:50 ,"Leche, Protein",1,Lácteo,100 gr,5 gr,5 gr,0 gr,0 gr,37 kcal,,,,,,,,,,,,,,,,,,,,,,,,,,,,,,,,,,
,"Mon, Jun 8",17:50 ,"Ena Protein Bar, Chocolate Brownie",1,Procesado,46 gr,12 gr,27 gr,5 gr,1 gr,200 kcal,,,,,,,,,,,,,,,,,,,,,,,,,,,,,,,,,,
,"Mon, Jun 8",19:50 ,Manzana,1,Fruta,192 gr,1 gr,36 gr,0 gr,6 gr,138 kcal,02:00,,,,,,,,,,,,,,,,,,,,,,,,,,,,,,,,,
,"Mon, Jun 8",19:50 ,Banana,1,Fruta,112 gr,1 gr,26 gr,0 gr,3 gr,100 kcal,,,,,,,,,,,,,,,,,,,,,,,,,,,,,,,,,,
,"Mon, Jun 8",19:50 ,"Leche, Protein",0.5,Lácteo,50 gr,2 gr,2 gr,0 gr,0 gr,19 kcal,,,,,,,,,,,,,,,,,,,,,,,,,,,,,,,,,,
,"Mon, Jun 8",19:50 ,Creatina Monohidrato,0.5,Complemento,0 gr,0 gr,0 gr,0 gr,0 gr,0 kcal,,,,,,,,,,,,,,,,,,,,,,,,,,,,,,,,,,
,"Mon, Jun 8",22:50 ,Pan Integral D&D,2,Grano,50 gr,4 gr,24 gr,1 gr,3 gr,116 kcal,03:00,,,,,,,,,,,,,,,,,,,,,,,,,,,,,,,,,
,"Mon, Jun 8",22:50 ,Queso Unt. Finlandia Light,2,Lácteo,20 gr,2 gr,1 gr,3 gr,0 gr,38 kcal,,,,,,,,,,,,,,,,,,,,,,,,,,,,0.03,0.09,0.85,0.12,0.21,1.64,
,"Mon, Jun 8",22:50 ,Nuez (1),3,Fruto Seco,12 gr,2 gr,1 gr,8 gr,1 gr,81 kcal,,,,,,,,,,,,,,,,,,,,,,,,,,,,0.77,3.90,1.68,,,7.66,
,"Mon, Jun 8",22:50 ,"Aceite de oliva (EV, PPF)",1,Grano,2 gr,0 gr,0 gr,2 gr,0 gr,18 kcal,,,,,,,,,,,,,,,,,,,,,,,,,,,,0.02,0.20,1.50,,,2.00,
,"Mon, Jun 8",22:50 ,Vauquita,1,Carb,25 gr,2 gr,14 gr,1 gr,1 gr,68 kcal,,,,,,119 gr,273 gr,60 gr,29 gr,"2,054 kcal",1545 gr,,115 gr,100 gr,124 gr,35 gr,2000 kcal,1 gr,10 gr,16 gr,0 gr,1 gr,38 gr,0 gr,27 gr,39 gr,1:10,,,,,,,
,"Tue, Jun 9",10:20 ,Vitaminas,1,Complemento,0 gr,0 gr,0 gr,0 gr,0 gr,0 kcal,11:30,,,,,,,,,,,,,,,,,,,,,,,,,,,,,,,,,
,"Tue, Jun 9",10:20 ,Café,1,Infusión,0 gr,0 gr,0 gr,0 gr,0 gr,0 kcal,,,,,,,,,,,,,,,,,,,,,,,,,,,,,,,,,,
,"Tue, Jun 9",10:20 ,Miel (1 cda),1,Carb,10 gr,0 gr,7 gr,0 gr,0 gr,28 kcal,,,,,,,,,,,,,,,,,,,,,,,,,,,,,,,,,,
,"Tue, Jun 9",10:20 ,"Leche, Protein",0.5,Lácteo,50 gr,2 gr,2 gr,0 gr,0 gr,19 kcal,,,,,,,,,,,,,,,,,,,,,,,,,,,,,,,,,,
,"Tue, Jun 9",10:20 ,Pan Integral D&D,2,Grano,50 gr,4 gr,24 gr,1 gr,3 gr,116 kcal,,,,,,,,,,,,,,,,,,,,,,,,,,,,,,,,,,
,"Tue, Jun 9",10:20 ,Queso Unt. Finlandia Light,2,Lácteo,20 gr,2 gr,1 gr,3 gr,0 gr,38 kcal,,,,,,,,,,,,,,,,,,,,,,,,,,,,0.03,0.09,0.85,0.12,0.21,1.64,
,"Tue, Jun 9",10:20 ,Palta,0.2,Fruta,32 gr,1 gr,3 gr,5 gr,2 gr,51 kcal,,,,,,,,,,,,,,,,,,,,,,,,,,,,0.05,0.66,3.33,,,4.69,
,"Tue, Jun 9",10:20 ,Nuez (1),3,Fruto Seco,12 gr,2 gr,1 gr,8 gr,1 gr,81 kcal,,,,,,,,,,,,,,,,,,,,,,,,,,,,0.77,3.90,1.68,,,7.66,
,"Tue, Jun 9",10:20 ,Galletitas Cachafaz Algarroba,2,Procesado,29 gr,2 gr,18 gr,5 gr,2 gr,122 kcal,,,,,,,,,,,,,,,,,,,,,,,,,,,,,,,,,,
,"Tue, Jun 9",14:50 ,Zanahoria,0.4,Verdura,75 gr,1 gr,7 gr,0 gr,2 gr,31 kcal,04:30,,,,,,,,,,,,,,,,,,,,,,,,,,,,,,,,,
,"Tue, Jun 9",14:50 ,Zucchini,0.4,Verdura,117 gr,1 gr,4 gr,0 gr,1 gr,20 kcal,,,,,,,,,,,,,,,,,,,,,,,,,,,,,,,,,,
,"Tue, Jun 9",14:50 ,Cebolla,0.5,Verdura,143 gr,1 gr,14 gr,0 gr,2 gr,60 kcal,,,,,,,,,,,,,,,,,,,,,,,,,,,,,,,,,,
,"Tue, Jun 9",14:50 ,"Vaca, cuadril",2.1,Proteína,210 gr,46 gr,0 gr,15 gr,0 gr,315 kcal,,,,,,,,,,,,,,,,,,,,,,,,,,,,0.15,0.59,6.17,,,7.35,
,"Tue, Jun 9",14:50 ,"Aceite de oliva (EV, PPF)",2,Grano,4 gr,0 gr,0 gr,4 gr,0 gr,36 kcal,,,,,,,,,,,,,,,,,,,,,,,,,,,,0.04,0.40,3.00,,,4.00,
,"Tue, Jun 9",14:50 ,Arroz Integral,1,Grano,40 gr,1 gr,9 gr,0 gr,1 gr,44 kcal,,,,,,,,,,,,,,,,,,,,,,,,,,,,,,,,,,
,"Tue, Jun 9",14:50 ,Nuez (1),1.5,Fruto Seco,6 gr,1 gr,1 gr,4 gr,0 gr,40 kcal,,,,,,,,,,,,,,,,,,,,,,,,,,,,0.38,1.95,0.84,,,3.83,
,"Tue, Jun 9",14:50 ,Maní King Tostado Sin Piel Sin Sodio (1 cda sop),0.5,Fruto Seco,8 gr,2 gr,1 gr,4 gr,1 gr,45 kcal,,,,,,,,,,,,,,,,,,,,,,,,,,,,,1.28,1.84,,,3.75,
,"Tue, Jun 9",14:50 ,Ají,0.4,Verdura,53 gr,1 gr,2 gr,0 gr,0 gr,10 kcal,,,,,,,,,,,,,,,,,,,,,,,,,,,,,,,,,,
,"Tue, Jun 9",14:50 ,"Oralitas, tortillas",3,Carb,113 gr,7 gr,57 gr,9 gr,2 gr,339 kcal,,,,,,,,,,,,,,,,,,,,,,,,,,,,,,,,,,
,"Tue, Jun 9",14:50 ,Queso Unt. Finlandia Light,2,Lácteo,20 gr,2 gr,1 gr,3 gr,0 gr,38 kcal,,,,,,,,,,,,,,,,,,,,,,,,,,,,0.03,0.09,0.85,0.12,0.21,1.64,
,"Tue, Jun 9",15:15 ,Bombón de dulce de membrillo Profecía,1,Carb,30 gr,0 gr,23 gr,0 gr,0 gr,92 kcal,00:25,,,,,,,,,,,,,,,,,,,,,,,,,,,,,,,,,
,"Tue, Jun 9",19:00 ,Banana,1,Fruta,106 gr,1 gr,24 gr,0 gr,3 gr,94 kcal,03:45,,,,,,,,,,,,,,,,,,,,,,,,,,,,,,,,,
,"Tue, Jun 9",19:00 ,"Leche, Protein",0.5,Lácteo,50 gr,2 gr,2 gr,0 gr,0 gr,19 kcal,,,,,,,,,,,,,,,,,,,,,,,,,,,,,,,,,,
,"Tue, Jun 9",19:00 ,Avena Granix Instnatánea (2 cdas),1,Grano,30 gr,4 gr,18 gr,2 gr,3 gr,107 kcal,,,,,,,,,,,,,,,,,,,,,,,,,,,,,,,,,,
,"Tue, Jun 9",19:00 ,Creatina Monohidrato,0.5,Complemento,0 gr,0 gr,0 gr,0 gr,0 gr,0 kcal,,,,,,,,,,,,,,,,,,,,,,,,,,,,,,,,,,
,"Tue, Jun 9",19:00 ,Queso Unt. Finlandia Light,1,Lácteo,10 gr,1 gr,1 gr,1 gr,0 gr,19 kcal,,,,,,,,,,,,,,,,,,,,,,,,,,,,0.01,0.04,0.43,0.06,0.10,0.82,
,"Tue, Jun 9",21:00 ,Atún (1 lata),1,Proteína,120 gr,31 gr,0 gr,1 gr,0 gr,139 kcal,02:00,,,,,,,,,,,,,,,,,,,,,,,,,,,0.14,0.02,0.08,,,0.98,
,"Tue, Jun 9",21:00 ,Huevo,1,Proteína,65 gr,8 gr,0 gr,8 gr,0 gr,101 kcal,,,,,,,,,,,,,,,,,,,,,,,,,,,,0.15,1.23,2.91,,,7.67,
,"Tue, Jun 9",21:00 ,"Aceite de oliva (EV, PPF)",1,Grano,2 gr,0 gr,0 gr,2 gr,0 gr,18 kcal,,,,,,,,,,,,,,,,,,,,,,,,,,,,0.02,0.20,1.50,,,2.00,
,"Tue, Jun 9",21:00 ,Nuez (1),1,Fruto Seco,4 gr,1 gr,0 gr,3 gr,0 gr,27 kcal,,,,,,,,,,,,,,,,,,,,,,,,,,,,0.26,1.30,0.56,,,2.55,
,"Tue, Jun 9",21:00 ,Queso Unt. Finlandia Light,5,Lácteo,50 gr,5 gr,3 gr,7 gr,0 gr,95 kcal,,,,,,,,,,,,,,,,,,,,,,,,,,,,0.07,0.22,2.13,0.29,0.51,4.11,
,"Tue, Jun 9",21:00 ,Pan Integral D&D,3,Grano,75 gr,6 gr,36 gr,2 gr,4 gr,174 kcal,,,,,,,,,,,,,,,,,,,,,,,,,,,,,,,,,,
,"Tue, Jun 9",21:40 ,Te,1,Infusión,0 gr,0 gr,0 gr,0 gr,0 gr,0 kcal,00:40,,,,,,,,,,,,,,,,,,,,,,,,,,,,,,,,,
,"Tue, Jun 9",21:40 ,Miel (1 cda),1,Carb,10 gr,0 gr,7 gr,0 gr,0 gr,28 kcal,,,,,,,,,,,,,,,,,,,,,,,,,,,,,,,,,,
,"Tue, Jun 9",21:40 ,Vauquita,1,Carb,25 gr,2 gr,14 gr,1 gr,1 gr,68 kcal,,,,,,135 gr,280 gr,88 gr,28 gr,"2,412 kcal",1569 gr,,115 gr,100 gr,124 gr,35 gr,2000 kcal,2 gr,12 gr,26 gr,1 gr,1 gr,53 gr,0 gr,40 gr,54 gr,2:12,,,,,,,
,"Wed, Jun 10",10:50 ,Vitaminas,1,Complemento,0 gr,0 gr,0 gr,0 gr,0 gr,0 kcal,13:10,,,,,,,,,,,,,,,,,,,,,,,,,,,,,,,,,
,"Wed, Jun 10",10:50 ,Café,1,Infusión,0 gr,0 gr,0 gr,0 gr,0 gr,0 kcal,,,,,,,,,,,,,,,,,,,,,,,,,,,,,,,,,,
,"Wed, Jun 10",10:50 ,Miel (1 cda),1,Carb,10 gr,0 gr,7 gr,0 gr,0 gr,28 kcal,,,,,,,,,,,,,,,,,,,,,,,,,,,,,,,,,,
,"Wed, Jun 10",10:50 ,"Leche, Protein",0.5,Lácteo,50 gr,2 gr,2 gr,0 gr,0 gr,19 kcal,,,,,,,,,,,,,,,,,,,,,,,,,,,,,,,,,,
,"Wed, Jun 10",10:50 ,Pan Integral D&D,2,Grano,50 gr,4 gr,24 gr,1 gr,3 gr,116 kcal,,,,,,,,,,,,,,,,,,,,,,,,,,,,,,,,,,
,"Wed, Jun 10",10:50 ,Queso Unt. Finlandia Light,2,Lácteo,20 gr,2 gr,1 gr,3 gr,0 gr,38 kcal,,,,,,,,,,,,,,,,,,,,,,,,,,,,0.03,0.09,0.85,0.12,0.21,1.64,
,"Wed, Jun 10",10:50 ,Palta,0.2,Fruta,39 gr,1 gr,3 gr,6 gr,3 gr,62 kcal,,,,,,,,,,,,,,,,,,,,,,,,,,,,0.06,0.80,4.06,,,5.72,
,"Wed, Jun 10",10:50 ,Nuez (1),2,Fruto Seco,8 gr,1 gr,1 gr,5 gr,0 gr,54 kcal,,,,,,,,,,,,,,,,,,,,,,,,,,,,0.51,2.60,1.12,,,5.10,
,"Wed, Jun 10",10:50 ,"Gentech, Ironbar, chocolate",1,Procesado,46 gr,15 gr,18 gr,7 gr,2 gr,180 kcal,,,,,,,,,,,,,,,,,,,,,,,,,,,,,,,,,,
,"Wed, Jun 10",13:30 ,Pollo (1 pechuga),0.7,Proteína,202 gr,58 gr,0 gr,6 gr,0 gr,305 kcal,02:40,,,,,,,,,,,,,,,,,,,,,,,,,,,0.06,1.29,2.59,,,6.46,
,"Wed, Jun 10",13:30 ,Ají,0.6,Verdura,30 gr,0 gr,1 gr,0 gr,0 gr,5 kcal,,,,,,,,,,,,,,,,,,,,,,,,,,,,,,,,,,
,"Wed, Jun 10",13:30 ,Cebolla,0.5,Verdura,117 gr,1 gr,12 gr,0 gr,2 gr,49 kcal,,,,,,,,,,,,,,,,,,,,,,,,,,,,,,,,,,
,"Wed, Jun 10",13:30 ,Zanahoria,0.4,Verdura,89 gr,1 gr,9 gr,0 gr,2 gr,36 kcal,,,,,,,,,,,,,,,,,,,,,,,,,,,,,,,,,,
,"Wed, Jun 10",13:30 ,Zucchini,0.4,Verdura,144 gr,2 gr,5 gr,0 gr,2 gr,24 kcal,,,,,,,,,,,,,,,,,,,,,,,,,,,,,,,,,,
,"Wed, Jun 10",13:30 ,Arroz Integral,1,Grano,40 gr,1 gr,9 gr,0 gr,1 gr,44 kcal,,,,,,,,,,,,,,,,,,,,,,,,,,,,,,,,,,
,"Wed, Jun 10",13:30 ,"Aceite de oliva (EV, PPF)",2,Grano,4 gr,0 gr,0 gr,4 gr,0 gr,36 kcal,,,,,,,,,,,,,,,,,,,,,,,,,,,,0.04,0.40,3.00,,,4.00,
,"Wed, Jun 10",13:30 ,Nuez (1),2,Fruto Seco,8 gr,1 gr,1 gr,5 gr,0 gr,54 kcal,,,,,,,,,,,,,,,,,,,,,,,,,,,,0.51,2.60,1.12,,,5.10,
,"Wed, Jun 10",13:30 ,Maní King Tostado Sin Piel Sin Sodio (1 cda sop),0.5,Fruto Seco,8 gr,2 gr,1 gr,4 gr,1 gr,45 kcal,,,,,,,,,,,,,,,,,,,,,,,,,,,,,1.28,1.84,,,3.75,
,"Wed, Jun 10",13:30 ,"Oralitas, tortillas",2,Carb,72 gr,5 gr,36 gr,6 gr,1 gr,216 kcal,,,,,,,,,,,,,,,,,,,,,,,,,,,,,,,,,,
,"Wed, Jun 10",13:30 ,Queso Unt. Finlandia Light,1,Lácteo,10 gr,1 gr,1 gr,1 gr,0 gr,19 kcal,,,,,,,,,,,,,,,,,,,,,,,,,,,,0.01,0.04,0.43,0.06,0.10,0.82,
,"Wed, Jun 10",13:30 ,Vauquita,1,Carb,25 gr,2 gr,14 gr,1 gr,1 gr,68 kcal,,,,,,,,,,,,,,,,,,,,,,,,,,,,,,,,,,
,"Wed, Jun 10",16:35 ,Banana,0.8,Fruta,120 gr,1 gr,28 gr,0 gr,3 gr,107 kcal,03:05,,,,,,,,,,,,,,,,,,,,,,,,,,,,,,,,,
,"Wed, Jun 10",16:35 ,Manzana,1.1,Fruta,202 gr,1 gr,38 gr,0 gr,6 gr,145 kcal,,,,,,,,,,,,,,,,,,,,,,,,,,,,,,,,,,
,"Wed, Jun 10",16:35 ,"Leche, Protein",0.5,Lácteo,50 gr,2 gr,2 gr,0 gr,0 gr,19 kcal,,,,,,,,,,,,,,,,,,,,,,,,,,,,,,,,,,
,"Wed, Jun 10",21:40,Café,1,Infusión,0 gr,0 gr,0 gr,0 gr,0 gr,0 kcal,05:05,,,,,,,,,,,,,,,,,,,,,,,,,,,,,,,,,
,"Wed, Jun 10",21:40 ,"Leche, Protein",1,Lácteo,100 gr,5 gr,5 gr,0 gr,0 gr,37 kcal,,,,,,,,,,,,,,,,,,,,,,,,,,,,,,,,,,
,"Wed, Jun 10",21:40 ,Miel (1 cda),1,Carb,10 gr,0 gr,7 gr,0 gr,0 gr,28 kcal,,,,,,,,,,,,,,,,,,,,,,,,,,,,,,,,,,
,"Wed, Jun 10",21:40 ,Whey Protein Bar Chocolate,1,Procesado,65 gr,21 gr,24 gr,10 gr,1 gr,249 kcal,,,,,,,,,,,,,,,,,,,,,,,,,,,,,,,,,,
,"Wed, Jun 10",21:40 ,Nuez (1),1,Fruto Seco,4 gr,1 gr,0 gr,3 gr,0 gr,27 kcal,,,,,,128 gr,249 gr,63 gr,29 gr,"2,011 kcal",1523 gr,,115 gr,100 gr,124 gr,35 gr,2000 kcal,1 gr,10 gr,16 gr,0 gr,0 gr,35 gr,0 gr,27 gr,36 gr,1:10,0.26,1.30,0.56,,,2.55,
,"Thu, Jun 11",9:00 ,Vitaminas,1,Complemento,0 gr,0 gr,0 gr,0 gr,0 gr,0 kcal,11:20,,,,,,,,,,,,,,,,,,,,,,,,,,,,,,,,,
,"Thu, Jun 11",9:00 ,Café,1,Infusión,0 gr,0 gr,0 gr,0 gr,0 gr,0 kcal,,,,,,,,,,,,,,,,,,,,,,,,,,,,,,,,,,
,"Thu, Jun 11",9:00 ,Miel (1 cda),1,Carb,10 gr,0 gr,7 gr,0 gr,0 gr,28 kcal,,,,,,,,,,,,,,,,,,,,,,,,,,,,,,,,,,
,"Thu, Jun 11",9:00 ,"Leche, Protein",0.5,Lácteo,50 gr,2 gr,2 gr,0 gr,0 gr,19 kcal,,,,,,,,,,,,,,,,,,,,,,,,,,,,,,,,,,
,"Thu, Jun 11",9:00 ,Pan Integral D&D,2,Grano,50 gr,4 gr,24 gr,1 gr,3 gr,116 kcal,,,,,,,,,,,,,,,,,,,,,,,,,,,,,,,,,,
,"Thu, Jun 11",9:00 ,Queso Unt. Finlandia Light,2,Lácteo,20 gr,2 gr,1 gr,3 gr,0 gr,38 kcal,,,,,,,,,,,,,,,,,,,,,,,,,,,,0.03,0.09,0.85,0.12,0.21,1.64,
,"Thu, Jun 11",9:00 ,Palta,0.2,Fruta,26 gr,1 gr,2 gr,4 gr,2 gr,42 kcal,,,,,,,,,,,,,,,,,,,,,,,,,,,,0.04,0.53,2.71,,,3.81,
,"Thu, Jun 11",9:00 ,Nuez (1),2,Fruto Seco,8 gr,1 gr,1 gr,5 gr,0 gr,54 kcal,,,,,,,,,,,,,,,,,,,,,,,,,,,,0.51,2.60,1.12,,,5.10,
,"Thu, Jun 11",9:00 ,"Ena Protein Bar, Chocolate Brownie",1,Procesado,46 gr,12 gr,27 gr,5 gr,1 gr,200 kcal,,,,,,,,,,,,,,,,,,,,,,,,,,,,,,,,,,
,"Thu, Jun 11",9:00 ,Huevo,1,Proteína,65 gr,8 gr,0 gr,8 gr,0 gr,101 kcal,,,,,,,,,,,,,,,,,,,,,,,,,,,,0.15,1.23,2.91,,,7.67,
,"Thu, Jun 11",14:50 ,Pollo (1 pechuga),0.7,Proteína,210 gr,60 gr,0 gr,7 gr,0 gr,317 kcal,05:50,,,,,,,,,,,,,,,,,,,,,,,,,,,0.07,1.34,2.69,,,6.72,
,"Thu, Jun 11",14:50 ,Tomate,1,Verdura,138 gr,1 gr,5 gr,0 gr,2 gr,25 kcal,,,,,,,,,,,,,,,,,,,,,,,,,,,,,,,,,,
,"Thu, Jun 11",14:50 ,Pan Integral D&D,2,Grano,50 gr,4 gr,24 gr,1 gr,3 gr,116 kcal,,,,,,,,,,,,,,,,,,,,,,,,,,,,,,,,,,
,"Thu, Jun 11",14:50 ,Queso Unt. Finlandia Light,2,Lácteo,20 gr,2 gr,1 gr,3 gr,0 gr,38 kcal,,,,,,,,,,,,,,,,,,,,,,,,,,,,0.03,0.09,0.85,0.12,0.21,1.64,
,"Thu, Jun 11",14:50 ,"Medallón de chocolate con menta, Benot",1,Procesado,14 gr,0 gr,10 gr,1 gr,1 gr,35 kcal,,,,,,,,,,,,,,,,,,,,,,,,,,,,,0.04,0.42,,,1.26,
,"Thu, Jun 11",18:20 ,Café,1,Infusión,0 gr,0 gr,0 gr,0 gr,0 gr,0 kcal,03:30,,,,,,,,,,,,,,,,,,,,,,,,,,,,,,,,,
,"Thu, Jun 11",18:20 ,Miel (1 cda),1,Carb,10 gr,0 gr,7 gr,0 gr,0 gr,28 kcal,,,,,,,,,,,,,,,,,,,,,,,,,,,,,,,,,,
,"Thu, Jun 11",18:20 ,"Leche, Protein",1,Lácteo,100 gr,5 gr,5 gr,0 gr,0 gr,37 kcal,,,,,,,,,,,,,,,,,,,,,,,,,,,,,,,,,,
,"Thu, Jun 11",18:20 ,Whey Protein Bar Chocolate,1,Procesado,65 gr,21 gr,24 gr,10 gr,1 gr,249 kcal,,,,,,,,,,,,,,,,,,,,,,,,,,,,,,,,,,
,"Thu, Jun 11",21:10 ,Banana,1,Fruta,150 gr,2 gr,35 gr,0 gr,4 gr,134 kcal,02:50,,,,,,,,,,,,,,,,,,,,,,,,,,,,,,,,,
,"Thu, Jun 11",21:10 ,Manzana,1,Fruta,207 gr,1 gr,39 gr,0 gr,6 gr,149 kcal,,,,,,,,,,,,,,,,,,,,,,,,,,,,,,,,,,
,"Thu, Jun 11",21:10 ,"Leche, Protein",0.5,Lácteo,50 gr,2 gr,2 gr,0 gr,0 gr,19 kcal,,,,,,,,,,,,,,,,,,,,,,,,,,,,,,,,,,
,"Thu, Jun 11",23:55 ,Avena Granix Instnatánea (2 cdas),1,Grano,30 gr,4 gr,18 gr,2 gr,3 gr,107 kcal,02:45,,,,,,,,,,,,,,,,,,,,,,,,,,,,,,,,,
,"Thu, Jun 11",23:55 ,Yogurt Griego Yogusísimo (140g),1,Lácteo,140 gr,9 gr,12 gr,4 gr,0 gr,115 kcal,,,,,,,,,,,,,,,,,,,,,,,,,,,,,,,,,,
,"Thu, Jun 11",23:55 ,Nuez (1),2,Fruto Seco,8 gr,1 gr,1 gr,5 gr,0 gr,54 kcal,,,,,,,,,,,,,,,,,,,,,,,,,,,,0.51,2.60,1.12,,,5.10,
,"Thu, Jun 11",23:55 ,Café,1,Infusión,0 gr,0 gr,0 gr,0 gr,0 gr,0 kcal,,,,,,,,,,,,,,,,,,,,,,,,,,,,,,,,,,
,"Thu, Jun 11",23:55 ,"Dicomere, cacao amargo puro en polvo",0.2,Procesado,2 gr,0 gr,0 gr,0 gr,1 gr,6 kcal,,,,,,,,,,,,,,,,,,,,,,,,,,,,,,,,,,
,"Thu, Jun 11",23:55 ,"Leche, Protein",0.3,Lácteo,30 gr,1 gr,1 gr,0 gr,0 gr,11 kcal,,,,,,,,,,,,,,,,,,,,,,,,,,,,,,,,,,
,"Thu, Jun 11",23:55 ,Queso Unt. Finlandia Light,3,Lácteo,30 gr,3 gr,2 gr,4 gr,0 gr,57 kcal,,,,,,,,,,,,,,,,,,,,,,,,,,,,0.04,0.13,1.28,0.18,0.31,2.46,
,"Thu, Jun 11",23:55 ,Vauquita,1,Carb,25 gr,2 gr,14 gr,1 gr,1 gr,68 kcal,,,,,,147 gr,265 gr,65 gr,27 gr,"2,160 kcal",1554 gr,,115 gr,100 gr,124 gr,35 gr,2000 kcal,1 gr,9 gr,14 gr,0 gr,1 gr,35 gr,0 gr,24 gr,37 gr,1:9,,,,,,,
,"Fri, Jun 12",9:25 ,Vitaminas,1,Complemento,0 gr,0 gr,0 gr,0 gr,0 gr,0 kcal,09:30,,,,,,,,,,,,,,,,,,,,,,,,,,,,,,,,,
,"Fri, Jun 12",9:25 ,Café,1,Infusión,0 gr,0 gr,0 gr,0 gr,0 gr,0 kcal,,,,,,,,,,,,,,,,,,,,,,,,,,,,,,,,,,
,"Fri, Jun 12",9:25 ,Miel (1 cda),1,Carb,10 gr,0 gr,7 gr,0 gr,0 gr,28 kcal,,,,,,,,,,,,,,,,,,,,,,,,,,,,,,,,,,
,"Fri, Jun 12",9:25 ,"Leche, Protein",0.5,Lácteo,50 gr,2 gr,2 gr,0 gr,0 gr,19 kcal,,,,,,,,,,,,,,,,,,,,,,,,,,,,,,,,,,
,"Fri, Jun 12",9:25 ,Pan Integral D&D,2,Grano,50 gr,4 gr,24 gr,1 gr,3 gr,116 kcal,,,,,,,,,,,,,,,,,,,,,,,,,,,,,,,,,,
,"Fri, Jun 12",9:25 ,Queso Unt. Finlandia Light,2,Lácteo,20 gr,2 gr,1 gr,3 gr,0 gr,38 kcal,,,,,,,,,,,,,,,,,,,,,,,,,,,,0.03,0.09,0.85,0.12,0.21,1.64,
,"Fri, Jun 12",9:25 ,Palta,0.2,Fruta,32 gr,1 gr,3 gr,5 gr,2 gr,51 kcal,,,,,,,,,,,,,,,,,,,,,,,,,,,,0.05,0.66,3.33,,,4.69,
,"Fri, Jun 12",9:25 ,Nuez (1),2,Fruto Seco,8 gr,1 gr,1 gr,5 gr,0 gr,54 kcal,,,,,,,,,,,,,,,,,,,,,,,,,,,,0.51,2.60,1.12,,,5.10,
,"Fri, Jun 12",9:25 ,"Gentech, Ironbar, chocolate",1,Procesado,46 gr,15 gr,18 gr,7 gr,2 gr,180 kcal,,,,,,,,,,,,,,,,,,,,,,,,,,,,,,,,,,
,"Fri, Jun 12",13:30 ,Ají,0.9,Verdura,45 gr,0 gr,2 gr,0 gr,0 gr,8 kcal,04:05,,,,,,,,,,,,,,,,,,,,,,,,,,,,,,,,,
,"Fri, Jun 12",13:30 ,Zanahoria,0.2,Verdura,40 gr,0 gr,4 gr,0 gr,1 gr,16 kcal,,,,,,,,,,,,,,,,,,,,,,,,,,,,,,,,,,
,"Fri, Jun 12",13:30 ,Lentejas,0.75,Carb,113 gr,7 gr,18 gr,1 gr,5 gr,105 kcal,,,,,,,,,,,,,,,,,,,,,,,,,,,,,,,,,,
,"Fri, Jun 12",13:30 ,Pollo (1 pechuga),0.65,Proteína,195 gr,56 gr,0 gr,6 gr,0 gr,294 kcal,,,,,,,,,,,,,,,,,,,,,,,,,,,,0.06,1.25,2.50,,,6.24,
,"Fri, Jun 12",13:30 ,Maní King Tostado Sin Piel Sin Sodio (1 cda sop),0.5,Fruto Seco,8 gr,2 gr,1 gr,4 gr,1 gr,45 kcal,,,,,,,,,,,,,,,,,,,,,,,,,,,,,1.28,1.84,,,3.75,
,"Fri, Jun 12",13:30 ,Nuez (1),2,Fruto Seco,8 gr,1 gr,1 gr,5 gr,0 gr,54 kcal,,,,,,,,,,,,,,,,,,,,,,,,,,,,0.51,2.60,1.12,,,5.10,
,"Fri, Jun 12",13:30 ,"Oralitas, tortillas",1,Carb,36 gr,2 gr,18 gr,3 gr,1 gr,108 kcal,,,,,,,,,,,,,,,,,,,,,,,,,,,,,,,,,,
,"Fri, Jun 12",13:30 ,"Aceite de oliva (EV, PPF)",2,Grano,4 gr,0 gr,0 gr,4 gr,0 gr,36 kcal,,,,,,,,,,,,,,,,,,,,,,,,,,,,0.04,0.40,3.00,,,4.00,
,"Fri, Jun 12",13:30 ,Pan Integral D&D,2,Grano,50 gr,4 gr,24 gr,1 gr,3 gr,116 kcal,,,,,,,,,,,,,,,,,,,,,,,,,,,,,,,,,,
,"Fri, Jun 12",13:30 ,Queso Unt. Finlandia Light,3,Lácteo,30 gr,3 gr,2 gr,4 gr,0 gr,57 kcal,,,,,,,,,,,,,,,,,,,,,,,,,,,,0.04,0.13,1.28,0.18,0.31,2.46,
,"Fri, Jun 12",16:45 ,Café,1,Infusión,0 gr,0 gr,0 gr,0 gr,0 gr,0 kcal,03:15,,,,,,,,,,,,,,,,,,,,,,,,,,,,,,,,,
,"Fri, Jun 12",16:45 ,"Leche, Protein",1,Lácteo,100 gr,5 gr,5 gr,0 gr,0 gr,37 kcal,,,,,,,,,,,,,,,,,,,,,,,,,,,,,,,,,,
,"Fri, Jun 12",16:45 ,Miel (1 cda),1,Carb,10 gr,0 gr,7 gr,0 gr,0 gr,28 kcal,,,,,,,,,,,,,,,,,,,,,,,,,,,,,,,,,,
,"Fri, Jun 12",16:45 ,Whey Protein Bar Chocolate,1,Procesado,65 gr,21 gr,24 gr,10 gr,1 gr,249 kcal,,,,,,,,,,,,,,,,,,,,,,,,,,,,,,,,,,
,"Fri, Jun 12",19:40 ,Banana,1,Fruta,134 gr,1 gr,31 gr,0 gr,3 gr,119 kcal,02:55,,,,,,,,,,,,,,,,,,,,,,,,,,,,,,,,,
,"Fri, Jun 12",19:40 ,"Leche, Protein",0.72,Lácteo,72 gr,3 gr,3 gr,0 gr,0 gr,27 kcal,,,,,,,,,,,,,,,,,,,,,,,,,,,,,,,,,,
,"Fri, Jun 12",22:30 ,Te,1,Infusión,0 gr,0 gr,0 gr,0 gr,0 gr,0 kcal,02:50,,,,,,,,,,,,,,,,,,,,,,,,,,,,,,,,,
,"Fri, Jun 12",22:30 ,Avena Granix Instnatánea (2 cdas),1,Grano,30 gr,4 gr,18 gr,2 gr,3 gr,107 kcal,,,,,,,,,,,,,,,,,,,,,,,,,,,,,,,,,,
,"Fri, Jun 12",22:30 ,Yogurt Griego Yogusísimo (140g),1,Lácteo,140 gr,9 gr,12 gr,4 gr,0 gr,115 kcal,,,,,,,,,,,,,,,,,,,,,,,,,,,,,,,,,,
,"Fri, Jun 12",22:30 ,Miel (1 cda),1,Carb,10 gr,0 gr,7 gr,0 gr,0 gr,28 kcal,,,,,,144 gr,231 gr,66 gr,26 gr,"2,034 kcal",1305 gr,,115 gr,100 gr,124 gr,35 gr,2000 kcal,1 gr,9 gr,15 gr,0 gr,1 gr,33 gr,0 gr,25 gr,34 gr,1:9,,,,,,,
,"Sat, Jun 13",9:30 ,Vitaminas,1,Complemento,0 gr,0 gr,0 gr,0 gr,0 gr,0 kcal,11:00,,,,,,,,,,,,,,,,,,,,,,,,,,,,,,,,,
,"Sat, Jun 13",9:30 ,"Galletitas Smams, chips de chocolate",6,Carb,180 gr,12 gr,119 gr,27 gr,1 gr,632 kcal,,,,,,,,,,,,,,,,,,,,,,,,,,,,,,,,,,
,"Sat, Jun 13",9:30 ,Bombón de dulce de membrillo Profecía,1,Carb,30 gr,0 gr,23 gr,0 gr,0 gr,92 kcal,,,,,,,,,,,,,,,,,,,,,,,,,,,,,,,,,,
,"Sat, Jun 13",12:20 ,Whey Protein Bar Chocolate,1,Procesado,65 gr,21 gr,24 gr,10 gr,1 gr,249 kcal,02:50,,,,,,,,,,,,,,,,,,,,,,,,,,,,,,,,,
,"Sat, Jun 13",14:45 ,Pollo (1 pechuga),0.7,Proteína,210 gr,60 gr,0 gr,7 gr,0 gr,317 kcal,02:25,,,,,,,,,,,,,,,,,,,,,,,,,,,0.07,1.34,2.69,,,6.72,
,"Sat, Jun 13",14:45 ,Tomate,1,Verdura,222 gr,2 gr,9 gr,0 gr,3 gr,40 kcal,,,,,,,,,,,,,,,,,,,,,,,,,,,,,,,,,,
,"Sat, Jun 13",14:45 ,Pan Integral D&D,2,Grano,50 gr,4 gr,24 gr,1 gr,3 gr,116 kcal,,,,,,,,,,,,,,,,,,,,,,,,,,,,,,,,,,
,"Sat, Jun 13",14:45 ,Queso Unt. Finlandia Light,2,Lácteo,20 gr,2 gr,1 gr,3 gr,0 gr,38 kcal,,,,,,,,,,,,,,,,,,,,,,,,,,,,0.03,0.09,0.85,0.12,0.21,1.64,
,"Sat, Jun 13",14:45 ,Vauquita,1,Carb,25 gr,2 gr,14 gr,1 gr,1 gr,68 kcal,,,,,,,,,,,,,,,,,,,,,,,,,,,,,,,,,,
,"Sat, Jun 13",17:30 ,Café,1,Infusión,0 gr,0 gr,0 gr,0 gr,0 gr,0 kcal,02:45,,,,,,,,,,,,,,,,,,,,,,,,,,,,,,,,,
,"Sat, Jun 13",17:30 ,Miel (1 cda),1,Carb,10 gr,0 gr,7 gr,0 gr,0 gr,28 kcal,,,,,,,,,,,,,,,,,,,,,,,,,,,,,,,,,,
,"Sat, Jun 13",17:30 ,"Leche, Protein",1,Lácteo,100 gr,5 gr,5 gr,0 gr,0 gr,37 kcal,,,,,,,,,,,,,,,,,,,,,,,,,,,,,,,,,,
,"Sat, Jun 13",17:30 ,Galletitas Cachafaz Algarroba,3,Procesado,44 gr,4 gr,27 gr,7 gr,3 gr,183 kcal,,,,,,,,,,,,,,,,,,,,,,,,,,,,,,,,,,
,"Sat, Jun 13",22:45 ,"Vaca, Vacío (1 corte)",0.1,Proteína,30 gr,5 gr,0 gr,5 gr,0 gr,72 kcal,05:15,,,,,,,,,,,,,,,,,,,,,,,,,,,0.05,0.20,2.14,,,2.55,
,"Sat, Jun 13",22:45 ,Cerdo (1 corte),0.4,Proteína,120 gr,33 gr,0 gr,20 gr,0 gr,325 kcal,,,,,,,,,,,,,,,,,,,,,,,,,,,,0.20,2.04,9.18,,,20.40,
,"Sat, Jun 13",22:45 ,Pan Francés,1,Grano,60 gr,7 gr,31 gr,2 gr,2 gr,163 kcal,,,,,,,,,,,,,,,,,,,,,,,,,,,,,,,,,,
,"Sat, Jun 13",23:30 ,Tortal Rogel,2,Carb,240 gr,17 gr,180 gr,36 gr,0 gr,1080 kcal,00:45,,,,,172 gr,463 gr,118 gr,13 gr,"3,440 kcal",1406 gr,,115 gr,100 gr,124 gr,35 gr,2000 kcal,0 gr,4 gr,15 gr,0 gr,0 gr,31 gr,0 gr,19 gr,32 gr,0:4,,,,,,,
,"Sun, Jun 14",12:30 ,Vitaminas,1,Complemento,0 gr,0 gr,0 gr,0 gr,0 gr,0 kcal,13:00,,,,,,,,,,,,,,,,,,,,,,,,,,,,,,,,,
,"Sun, Jun 14",12:30 ,Banana,1,Fruta,150 gr,2 gr,35 gr,0 gr,4 gr,134 kcal,,,,,,,,,,,,,,,,,,,,,,,,,,,,,,,,,,
,"Sun, Jun 14",12:30 ,Pan Integral D&D,2,Grano,50 gr,4 gr,24 gr,1 gr,3 gr,116 kcal,,,,,,,,,,,,,,,,,,,,,,,,,,,,,,,,,,
,"Sun, Jun 14",12:30 ,Palta,0.2,Fruta,39 gr,1 gr,3 gr,6 gr,3 gr,62 kcal,,,,,,,,,,,,,,,,,,,,,,,,,,,,0.06,0.80,4.06,,,5.72,
,"Sun, Jun 14",12:30 ,Queso Unt. Finlandia Light,2,Lácteo,20 gr,2 gr,1 gr,3 gr,0 gr,38 kcal,,,,,,,,,,,,,,,,,,,,,,,,,,,,0.03,0.09,0.85,0.12,0.21,1.64,
,"Sun, Jun 14",12:30 ,Huevo,1,Proteína,65 gr,8 gr,0 gr,8 gr,0 gr,101 kcal,,,,,,,,,,,,,,,,,,,,,,,,,,,,0.15,1.23,2.91,,,7.67,
,"Sun, Jun 14",12:30 ,Café,1,Infusión,0 gr,0 gr,0 gr,0 gr,0 gr,0 kcal,,,,,,,,,,,,,,,,,,,,,,,,,,,,,,,,,,
,"Sun, Jun 14",12:30 ,"Leche, Protein",0.5,Lácteo,50 gr,2 gr,2 gr,0 gr,0 gr,19 kcal,,,,,,,,,,,,,,,,,,,,,,,,,,,,,,,,,,
,"Sun, Jun 14",12:30 ,Miel (1 cda),1,Carb,10 gr,0 gr,7 gr,0 gr,0 gr,28 kcal,,,,,,,,,,,,,,,,,,,,,,,,,,,,,,,,,,
,"Sun, Jun 14",12:30 ,"Chocolate, Águila (1 barrita)",0.7,Carb,11 gr,1 gr,6 gr,3 gr,1 gr,49 kcal,,,,,,,,,,,,,,,,,,,,,,,,,,,,,0.08,0.83,,,2.52,
,"Sun, Jun 14",12:30 ,Vainillas Bimbo,3,Carb,36 gr,2 gr,26 gr,2 gr,0 gr,134 kcal,,,,,,,,,,,,,,,,,,,,,,,,,,,,,,,,,,
,"Sun, Jun 14",12:30 ,Nuez (1),2,Fruto Seco,8 gr,1 gr,1 gr,5 gr,0 gr,54 kcal,,,,,,,,,,,,,,,,,,,,,,,,,,,,0.51,2.60,1.12,,,5.10,
,"Sun, Jun 14",15:30 ,Café,1,Infusión,0 gr,0 gr,0 gr,0 gr,0 gr,0 kcal,03:00,,,,,,,,,,,,,,,,,,,,,,,,,,,,,,,,,
,"Sun, Jun 14",15:30 ,"Leche, Protein",1,Lácteo,100 gr,5 gr,5 gr,0 gr,0 gr,37 kcal,,,,,,,,,,,,,,,,,,,,,,,,,,,,,,,,,,
,"Sun, Jun 14",15:30 ,Azúcar (1 cda),2,Carb,40 gr,0 gr,40 gr,0 gr,0 gr,155 kcal,,,,,,,,,,,,,,,,,,,,,,,,,,,,,,,,,,
,"Sun, Jun 14",15:30 ,Croisant de Jamón y Queso,1,Elaborado,100 gr,8 gr,47 gr,7 gr,2 gr,437 kcal,,,,,,,,,,,,,,,,,,,,,,,,,,,,,,,,,,
,"Sun, Jun 14",17:00 ,Te,1,Infusión,0 gr,0 gr,0 gr,0 gr,0 gr,0 kcal,01:30,,,,,,,,,,,,,,,,,,,,,,,,,,,,,,,,,
,"Sun, Jun 14",17:00 ,Miel (1 cda),1,Carb,10 gr,0 gr,7 gr,0 gr,0 gr,28 kcal,,,,,,,,,,,,,,,,,,,,,,,,,,,,,,,,,,
,"Sun, Jun 14",17:00 ,Vainillas Bimbo,2,Carb,24 gr,2 gr,18 gr,1 gr,0 gr,90 kcal,,,,,,,,,,,,,,,,,,,,,,,,,,,,,,,,,,
,"Sun, Jun 14",17:00 ,"Smams, polvorones de vainilla",4,Carb,40 gr,2 gr,17 gr,4 gr,0 gr,132 kcal,,,,,,,,,,,,,,,,,,,,,,,,,,,,,,,,,,
,"Sun, Jun 14",17:00 ,"Chocolate, Águila (1 barrita)",0.7,Carb,11 gr,1 gr,6 gr,3 gr,1 gr,49 kcal,,,,,,,,,,,,,,,,,,,,,,,,,,,,,0.08,0.83,,,2.52,
,"Sun, Jun 14",17:00 ,Nuez (1),2,Fruto Seco,8 gr,1 gr,1 gr,5 gr,0 gr,54 kcal,,,,,,,,,,,,,,,,,,,,,,,,,,,,0.51,2.60,1.12,,,5.10,
,"Sun, Jun 14",21:35 ,Atún (1 lata),1,Proteína,120 gr,31 gr,0 gr,1 gr,0 gr,139 kcal,04:35,,,,,,,,,,,,,,,,,,,,,,,,,,,0.14,0.02,0.08,,,0.98,
,"Sun, Jun 14",21:35 ,Huevo,1,Proteína,65 gr,8 gr,0 gr,8 gr,0 gr,101 kcal,,,,,,,,,,,,,,,,,,,,,,,,,,,,0.15,1.23,2.91,,,7.67,
,"Sun, Jun 14",21:35 ,Pan Integral D&D,3,Grano,75 gr,6 gr,36 gr,2 gr,4 gr,174 kcal,,,,,,,,,,,,,,,,,,,,,,,,,,,,,,,,,,
,"Sun, Jun 14",21:35 ,Queso Unt. Finlandia Light,6,Lácteo,60 gr,5 gr,3 gr,9 gr,0 gr,114 kcal,,,,,,,,,,,,,,,,,,,,,,,,,,,,0.09,0.26,2.55,0.35,0.62,4.93,
,"Sun, Jun 14",21:35 ,Lentejas,0.7,Carb,105 gr,7 gr,17 gr,1 gr,5 gr,98 kcal,,,,,,,,,,,,,,,,,,,,,,,,,,,,,,,,,,
,"Sun, Jun 14",22:00 ,Whey Protein Bar Chocolate,1,Procesado,65 gr,21 gr,24 gr,10 gr,1 gr,249 kcal,00:25,,,,,,,,,,,,,,,,,,,,,,,,,,,,,,,,,
,"Sun, Jun 14",22:00 ,Te,1,Infusión,0 gr,0 gr,0 gr,0 gr,0 gr,0 kcal,,,,,,,,,,,,,,,,,,,,,,,,,,,,,,,,,,
,"Sun, Jun 14",22:00 ,Miel (1 cda),1,Carb,10 gr,0 gr,7 gr,0 gr,0 gr,28 kcal,,,,,,118 gr,333 gr,78 gr,23 gr,"2,620 kcal",1271 gr,,115 gr,100 gr,124 gr,35 gr,2000 kcal,2 gr,9 gr,17 gr,0 gr,1 gr,44 gr,0 gr,28 gr,45 gr,2:9,,,,,,,
,"Mon, Jun 15",9:00,Vitaminas,1,Complemento,0 gr,0 gr,0 gr,0 gr,0 gr,0 kcal,11:00,,,,,,,,,,,,,,,,,,,,,,,,,,,,,,,,,
,"Mon, Jun 15",9:00 ,Café,1,Infusión,0 gr,0 gr,0 gr,0 gr,0 gr,0 kcal,,,,,,,,,,,,,,,,,,,,,,,,,,,,,,,,,,
,"Mon, Jun 15",9:00 ,Miel (1 cda),1,Carb,10 gr,0 gr,7 gr,0 gr,0 gr,28 kcal,,,,,,,,,,,,,,,,,,,,,,,,,,,,,,,,,,
,"Mon, Jun 15",9:00 ,"Leche, Protein",0.5,Lácteo,50 gr,2 gr,2 gr,0 gr,0 gr,19 kcal,,,,,,,,,,,,,,,,,,,,,,,,,,,,,,,,,,
,"Mon, Jun 15",9:00 ,Pan Integral D&D,2,Grano,50 gr,4 gr,24 gr,1 gr,3 gr,116 kcal,,,,,,,,,,,,,,,,,,,,,,,,,,,,,,,,,,
,"Mon, Jun 15",9:00 ,Queso Unt. Finlandia Light,2,Lácteo,20 gr,2 gr,1 gr,3 gr,0 gr,38 kcal,,,,,,,,,,,,,,,,,,,,,,,,,,,,0.03,0.09,0.85,0.12,0.21,1.64,
,"Mon, Jun 15",9:00 ,Palta,0.3,Fruta,40 gr,1 gr,3 gr,6 gr,3 gr,64 kcal,,,,,,,,,,,,,,,,,,,,,,,,,,,,0.06,0.82,4.16,,,5.86,
,"Mon, Jun 15",9:00 ,"Ena Protein Bar, Chocolate Brownie",1,Procesado,46 gr,12 gr,27 gr,5 gr,1 gr,200 kcal,,,,,,,,,,,,,,,,,,,,,,,,,,,,,,,,,,
,"Mon, Jun 15",9:00 ,Nuez (1),1,Fruto Seco,4 gr,1 gr,0 gr,3 gr,0 gr,27 kcal,,,,,,,,,,,,,,,,,,,,,,,,,,,,0.26,1.30,0.56,,,2.55,
,"Mon, Jun 15",11:25 ,Banana,1,Fruta,125 gr,1 gr,29 gr,0 gr,3 gr,111 kcal,02:25,,,,,,,,,,,,,,,,,,,,,,,,,,,,,,,,,
,"Mon, Jun 15",14:00 ,Pollo (1 pechuga),0.6,Proteína,180 gr,51 gr,0 gr,6 gr,0 gr,272 kcal,02:35,,,,,,,,,,,,,,,,,,,,,,,,,,,0.06,1.15,2.30,,,5.76,
,"Mon, Jun 15",14:00 ,Ají,0.3,Verdura,55 gr,1 gr,2 gr,0 gr,0 gr,10 kcal,,,,,,,,,,,,,,,,,,,,,,,,,,,,,,,,,,
,"Mon, Jun 15",14:00 ,Zanahoria,0.3,Verdura,50 gr,0 gr,5 gr,0 gr,1 gr,21 kcal,,,,,,,,,,,,,,,,,,,,,,,,,,,,,,,,,,
,"Mon, Jun 15",14:00 ,Zucchini,0.5,Verdura,150 gr,2 gr,5 gr,0 gr,2 gr,26 kcal,,,,,,,,,,,,,,,,,,,,,,,,,,,,,,,,,,
,"Mon, Jun 15",14:00 ,Cebolla,0.5,Verdura,149 gr,1 gr,15 gr,0 gr,2 gr,63 kcal,,,,,,,,,,,,,,,,,,,,,,,,,,,,,,,,,,
,"Mon, Jun 15",14:00 ,Pan Integral D&D,1.4,Grano,35 gr,3 gr,17 gr,1 gr,2 gr,81 kcal,,,,,,,,,,,,,,,,,,,,,,,,,,,,,,,,,,
,"Mon, Jun 15",14:00 ,Queso Unt. Finlandia Light,2,Lácteo,20 gr,2 gr,1 gr,3 gr,0 gr,38 kcal,,,,,,,,,,,,,,,,,,,,,,,,,,,,0.03,0.09,0.85,0.12,0.21,1.64,
,"Mon, Jun 15",14:00 ,"Aceite de oliva (EV, PPF)",2.5,Grano,5 gr,0 gr,0 gr,5 gr,0 gr,45 kcal,,,,,,,,,,,,,,,,,,,,,,,,,,,,0.05,0.50,3.75,,,5.00,
,"Mon, Jun 15",14:00 ,Nuez (1),1,Fruto Seco,4 gr,1 gr,0 gr,3 gr,0 gr,27 kcal,,,,,,,,,,,,,,,,,,,,,,,,,,,,0.26,1.30,0.56,,,2.55,
,"Mon, Jun 15",14:00 ,Maní King Tostado Sin Piel Sin Sodio (1 cda sop),0.9,Fruto Seco,14 gr,4 gr,1 gr,7 gr,1 gr,80 kcal,,,,,,,,,,,,,,,,,,,,,,,,,,,,,2.30,3.31,,,6.75,
,"Mon, Jun 15",14:00 ,Vauquita,1,Carb,25 gr,2 gr,14 gr,1 gr,1 gr,68 kcal,,,,,,,,,,,,,,,,,,,,,,,,,,,,,,,,,,
,"Mon, Jun 15",17:25 ,Banana,1,Fruta,142 gr,1 gr,33 gr,0 gr,4 gr,126 kcal,03:25,,,,,,,,,,,,,,,,,,,,,,,,,,,,,,,,,
,"Mon, Jun 15",17:25 ,"Leche, Protein",1,Lácteo,100 gr,5 gr,5 gr,0 gr,0 gr,37 kcal,,,,,,,,,,,,,,,,,,,,,,,,,,,,,,,,,,
,"Mon, Jun 15",19:30 ,Café,1,Infusión,0 gr,0 gr,0 gr,0 gr,0 gr,0 kcal,02:05,,,,,,,,,,,,,,,,,,,,,,,,,,,,,,,,,
,"Mon, Jun 15",19:30 ,"Leche, Protein",1,Lácteo,100 gr,5 gr,5 gr,0 gr,0 gr,37 kcal,,,,,,,,,,,,,,,,,,,,,,,,,,,,,,,,,,
,"Mon, Jun 15",19:30 ,Miel (1 cda),1,Carb,10 gr,0 gr,7 gr,0 gr,0 gr,28 kcal,,,,,,,,,,,,,,,,,,,,,,,,,,,,,,,,,,
,"Mon, Jun 15",19:30 ,Whey Protein Bar Chocolate,1,Procesado,65 gr,21 gr,24 gr,10 gr,1 gr,249 kcal,,,,,,,,,,,,,,,,,,,,,,,,,,,,,,,,,,
,"Mon, Jun 15",22:30 ,Yogurt Griego Yogusísimo (140g),1,Lácteo,140 gr,9 gr,12 gr,4 gr,0 gr,115 kcal,03:00,,,,,,,,,,,,,,,,,,,,,,,,,,,,,,,,,
,"Mon, Jun 15",22:30 ,Avena Granix Instnatánea (2 cdas),1,Grano,30 gr,4 gr,18 gr,2 gr,3 gr,107 kcal,,,,,,133 gr,258 gr,59 gr,28 gr,"2,031 kcal",1619 gr,,115 gr,100 gr,124 gr,35 gr,2000 kcal,1 gr,8 gr,16 gr,0 gr,0 gr,32 gr,0 gr,25 gr,32 gr,1:8,,,,,,,
,"Tue, Jun 16",9:50 ,Vitaminas,1,Complemento,0 gr,0 gr,0 gr,0 gr,0 gr,0 kcal,11:20,,,,,,,,,,,,,,,,,,,,,,,,,,,,,,,,,
,"Tue, Jun 16",9:50 ,Café,1,Infusión,0 gr,0 gr,0 gr,0 gr,0 gr,0 kcal,,,,,,,,,,,,,,,,,,,,,,,,,,,,,,,,,,
,"Tue, Jun 16",9:50 ,Miel (1 cda),1,Carb,10 gr,0 gr,7 gr,0 gr,0 gr,28 kcal,,,,,,,,,,,,,,,,,,,,,,,,,,,,,,,,,,
,"Tue, Jun 16",9:50 ,"Leche, Protein",0.5,Lácteo,50 gr,2 gr,2 gr,0 gr,0 gr,19 kcal,,,,,,,,,,,,,,,,,,,,,,,,,,,,,,,,,,
,"Tue, Jun 16",9:50 ,Pan Integral D&D,1,Grano,25 gr,2 gr,12 gr,1 gr,1 gr,58 kcal,,,,,,,,,,,,,,,,,,,,,,,,,,,,,,,,,,
,"Tue, Jun 16",9:50 ,Queso Unt. Finlandia Light,1,Lácteo,10 gr,1 gr,1 gr,1 gr,0 gr,19 kcal,,,,,,,,,,,,,,,,,,,,,,,,,,,,0.01,0.04,0.43,0.06,0.10,0.82,
,"Tue, Jun 16",9:50 ,Huevo,1,Proteína,65 gr,8 gr,0 gr,8 gr,0 gr,101 kcal,,,,,,,,,,,,,,,,,,,,,,,,,,,,0.15,1.23,2.91,,,7.67,
,"Tue, Jun 16",9:50 ,Vainillas Bimbo,3,Carb,36 gr,2 gr,26 gr,2 gr,0 gr,134 kcal,,,,,,,,,,,,,,,,,,,,,,,,,,,,,,,,,,
,"Tue, Jun 16",9:50 ,"Chocolate, Águila (1 barrita)",0.7,Carb,11 gr,1 gr,6 gr,3 gr,1 gr,49 kcal,,,,,,,,,,,,,,,,,,,,,,,,,,,,,0.08,0.83,,,2.52,
,"Tue, Jun 16",14:25 ,Pollo (1 pechuga),0.4,Proteína,101 gr,29 gr,0 gr,3 gr,0 gr,153 kcal,04:35,,,,,,,,,,,,,,,,,,,,,,,,,,,0.03,0.65,1.29,,,3.23,
,"Tue, Jun 16",14:25 ,"Vaca, cuadril",1.1,Proteína,110 gr,24 gr,0 gr,8 gr,0 gr,165 kcal,,,,,,,,,,,,,,,,,,,,,,,,,,,,0.08,0.31,3.23,,,3.85,
,"Tue, Jun 16",14:25 ,"Ensalada (lechuga, repollo b+m, zanahoria)",0.9,Verdura,108 gr,1 gr,5 gr,0 gr,2 gr,27 kcal,,,,,,,,,,,,,,,,,,,,,,,,,,,,,,,,,,
,"Tue, Jun 16",14:25 ,Queso Unt. Finlandia Light,5,Lácteo,50 gr,5 gr,3 gr,7 gr,0 gr,95 kcal,,,,,,,,,,,,,,,,,,,,,,,,,,,,0.07,0.22,2.13,0.29,0.51,4.11,
,"Tue, Jun 16",14:25 ,Pan Integral D&D,2,Grano,50 gr,4 gr,24 gr,1 gr,3 gr,116 kcal,,,,,,,,,,,,,,,,,,,,,,,,,,,,,,,,,,
,"Tue, Jun 16",14:25 ,"Aceite de oliva (EV, PPF)",3,Grano,6 gr,0 gr,0 gr,6 gr,0 gr,54 kcal,,,,,,,,,,,,,,,,,,,,,,,,,,,,0.06,0.60,4.50,,,6.00,
,"Tue, Jun 16",14:25 ,Vauquita,1,Carb,25 gr,2 gr,14 gr,1 gr,1 gr,68 kcal,,,,,,,,,,,,,,,,,,,,,,,,,,,,,,,,,,
,"Tue, Jun 16",18:05,Banana,2,Fruta,281 gr,3 gr,65 gr,1 gr,7 gr,250 kcal,03:40,,,,,,,,,,,,,,,,,,,,,,,,,,,,,,,,,
,"Tue, Jun 16",18:05 ,"Leche, Protein",1,Lácteo,100 gr,5 gr,5 gr,0 gr,0 gr,37 kcal,,,,,,,,,,,,,,,,,,,,,,,,,,,,,,,,,,
,"Tue, Jun 16",20:10 ,Café,1,Infusión,0 gr,0 gr,0 gr,0 gr,0 gr,0 kcal,02:05,,,,,,,,,,,,,,,,,,,,,,,,,,,,,,,,,
,"Tue, Jun 16",20:10 ,Miel (1 cda),1,Carb,10 gr,0 gr,7 gr,0 gr,0 gr,28 kcal,,,,,,,,,,,,,,,,,,,,,,,,,,,,,,,,,,
,"Tue, Jun 16",20:10 ,"Leche, Protein",1,Lácteo,100 gr,5 gr,5 gr,0 gr,0 gr,37 kcal,,,,,,,,,,,,,,,,,,,,,,,,,,,,,,,,,,
,"Tue, Jun 16",20:10 ,Whey Protein Bar Chocolate,1,Procesado,65 gr,21 gr,24 gr,10 gr,1 gr,249 kcal,,,,,,,,,,,,,,,,,,,,,,,,,,,,,,,,,,
,"Tue, Jun 16",20:10 ,Nuez (1),2,Fruto Seco,8 gr,1 gr,1 gr,5 gr,0 gr,54 kcal,,,,,,,,,,,,,,,,,,,,,,,,,,,,0.51,2.60,1.12,,,5.10,
,"Tue, Jun 16",23:00 ,"Yogurt, Ser",1,Lácteo,190 gr,9 gr,11 gr,0 gr,0 gr,80 kcal,02:50,,,,,,,,,,,,,,,,,,,,,,,,,,,,,,,,,
,"Tue, Jun 16",23:00 ,Avena Granix Instnatánea (2 cdas),1,Grano,30 gr,4 gr,18 gr,2 gr,3 gr,107 kcal,,,,,,,,,,,,,,,,,,,,,,,,,,,,,,,,,,
,"Tue, Jun 16",23:00 ,Maní King Tostado Sin Piel Sin Sodio (1 cda sop),0.5,Fruto Seco,8 gr,2 gr,1 gr,4 gr,1 gr,45 kcal,,,,,,130 gr,235 gr,62 gr,20 gr,"1,972 kcal",1448 gr,,115 gr,100 gr,124 gr,35 gr,2000 kcal,1 gr,7 gr,18 gr,0 gr,1 gr,37 gr,0 gr,26 gr,38 gr,1:7,,1.28,1.84,,,3.75,
,"Wed, Jun 17",9:45,Vitaminas,1,Complemento,0 gr,0 gr,0 gr,0 gr,0 gr,0 kcal,10:45,,,,,,,,,,,,,,,,,,,,,,,,,,,,,,,,,
,"Wed, Jun 17",9:45 ,Café,1,Infusión,0 gr,0 gr,0 gr,0 gr,0 gr,0 kcal,,,,,,,,,,,,,,,,,,,,,,,,,,,,,,,,,,
,"Wed, Jun 17",9:45 ,Miel (1 cda),1,Carb,10 gr,0 gr,7 gr,0 gr,0 gr,28 kcal,,,,,,,,,,,,,,,,,,,,,,,,,,,,,,,,,,
,"Wed, Jun 17",9:45 ,"Leche, Protein",0.5,Lácteo,50 gr,2 gr,2 gr,0 gr,0 gr,19 kcal,,,,,,,,,,,,,,,,,,,,,,,,,,,,,,,,,,
,"Wed, Jun 17",9:45 ,Queso Unt. Finlandia Light,2,Lácteo,20 gr,2 gr,1 gr,3 gr,0 gr,38 kcal,,,,,,,,,,,,,,,,,,,,,,,,,,,,0.03,0.09,0.85,0.12,0.21,1.64,
,"Wed, Jun 17",9:45 ,Huevo,1,Proteína,65 gr,8 gr,0 gr,8 gr,0 gr,101 kcal,,,,,,,,,,,,,,,,,,,,,,,,,,,,0.15,1.23,2.91,,,7.67,
,"Wed, Jun 17",9:45 ,Pan Integral D&D,2,Grano,50 gr,4 gr,24 gr,1 gr,3 gr,116 kcal,,,,,,,,,,,,,,,,,,,,,,,,,,,,,,,,,,
,"Wed, Jun 17",9:45 ,Vainillas Bimbo,2,Carb,24 gr,2 gr,18 gr,1 gr,0 gr,90 kcal,,,,,,,,,,,,,,,,,,,,,,,,,,,,,,,,,,
,"Wed, Jun 17",9:45 ,"Chocolate, Águila (1 barrita)",0.7,Carb,11 gr,1 gr,6 gr,3 gr,1 gr,49 kcal,,,,,,,,,,,,,,,,,,,,,,,,,,,,,0.08,0.83,,,2.52,
,"Wed, Jun 17",9:45 ,Nuez (1),2,Fruto Seco,8 gr,1 gr,1 gr,5 gr,0 gr,54 kcal,,,,,,,,,,,,,,,,,,,,,,,,,,,,0.51,2.60,1.12,,,5.10,
,"Wed, Jun 17",13:50 ,"Vaca, cuadril",2.4,Proteína,240 gr,53 gr,0 gr,17 gr,0 gr,360 kcal,04:05,,,,,,,,,,,,,,,,,,,,,,,,,,,0.17,0.67,7.06,,,8.40,
,"Wed, Jun 17",13:50 ,"Ensalada (lechuga, repollo b+m, zanahoria)",0.9,Verdura,108 gr,1 gr,5 gr,0 gr,2 gr,27 kcal,,,,,,,,,,,,,,,,,,,,,,,,,,,,,,,,,,
,"Wed, Jun 17",13:50 ,Pan Integral D&D,2,Grano,50 gr,4 gr,24 gr,1 gr,3 gr,116 kcal,,,,,,,,,,,,,,,,,,,,,,,,,,,,,,,,,,
,"Wed, Jun 17",13:50 ,Queso Unt. Finlandia Light,5,Lácteo,50 gr,5 gr,3 gr,7 gr,0 gr,95 kcal,,,,,,,,,,,,,,,,,,,,,,,,,,,,0.07,0.22,2.13,0.29,0.51,4.11,
,"Wed, Jun 17",18:00 ,Café,1,Infusión,0 gr,0 gr,0 gr,0 gr,0 gr,0 kcal,04:10,,,,,,,,,,,,,,,,,,,,,,,,,,,,,,,,,
,"Wed, Jun 17",18:00 ,"Leche, Protein",1,Lácteo,100 gr,5 gr,5 gr,0 gr,0 gr,37 kcal,,,,,,,,,,,,,,,,,,,,,,,,,,,,,,,,,,
,"Wed, Jun 17",18:00 ,Miel (1 cda),1,Carb,10 gr,0 gr,7 gr,0 gr,0 gr,28 kcal,,,,,,,,,,,,,,,,,,,,,,,,,,,,,,,,,,
,"Wed, Jun 17",18:00 ,"Dicomere, cacao amargo puro en polvo",0.1,Procesado,1 gr,0 gr,0 gr,0 gr,0 gr,3 kcal,,,,,,,,,,,,,,,,,,,,,,,,,,,,,,,,,,
,"Wed, Jun 17",18:00 ,Whey Protein Bar Chocolate,1,Procesado,65 gr,21 gr,24 gr,10 gr,1 gr,249 kcal,,,,,,,,,,,,,,,,,,,,,,,,,,,,,,,,,,
,"Wed, Jun 17",20:30 ,Banana,1,Fruta,90 gr,1 gr,21 gr,0 gr,2 gr,80 kcal,02:30,,,,,,,,,,,,,,,,,,,,,,,,,,,,,,,,,
,"Wed, Jun 17",20:30 ,Te,1,Infusión,0 gr,0 gr,0 gr,0 gr,0 gr,0 kcal,,,,,,,,,,,,,,,,,,,,,,,,,,,,,,,,,,
,"Wed, Jun 17",20:30 ,"Leche, Protein",0.4,Lácteo,40 gr,2 gr,2 gr,0 gr,0 gr,15 kcal,,,,,,,,,,,,,,,,,,,,,,,,,,,,,,,,,,
,"Wed, Jun 17",20:30 ,Pan Integral D&D,2,Grano,50 gr,4 gr,24 gr,1 gr,3 gr,116 kcal,,,,,,,,,,,,,,,,,,,,,,,,,,,,,,,,,,
,"Wed, Jun 17",20:30 ,Queso Unt. Finlandia Light,2,Lácteo,20 gr,2 gr,1 gr,3 gr,0 gr,38 kcal,,,,,,,,,,,,,,,,,,,,,,,,,,,,0.03,0.09,0.85,0.12,0.21,1.64,
,"Wed, Jun 17",20:30 ,Huevo,1,Proteína,65 gr,8 gr,0 gr,8 gr,0 gr,101 kcal,,,,,,124 gr,174 gr,68 gr,15 gr,"1,760 kcal",1127 gr,,115 gr,100 gr,124 gr,35 gr,2000 kcal,1 gr,6 gr,19 gr,1 gr,1 gr,39 gr,0 gr,26 gr,40 gr,1:6,0.15,1.23,2.91,,,7.67,
,"Thu, Jun 18",10:05 ,Vitaminas,1,Complemento,0 gr,0 gr,0 gr,0 gr,0 gr,0 kcal,13:35,,,,,,,,,,,,,,,,,,,,,,,,,,,,,,,,,
,"Thu, Jun 18",10:05 ,Café,1,Infusión,0 gr,0 gr,0 gr,0 gr,0 gr,0 kcal,,,,,,,,,,,,,,,,,,,,,,,,,,,,,,,,,,
,"Thu, Jun 18",10:05 ,Miel (1 cda),1,Carb,10 gr,0 gr,7 gr,0 gr,0 gr,28 kcal,,,,,,,,,,,,,,,,,,,,,,,,,,,,,,,,,,
,"Thu, Jun 18",10:05 ,"Leche, Protein",0.5,Lácteo,50 gr,2 gr,2 gr,0 gr,0 gr,19 kcal,,,,,,,,,,,,,,,,,,,,,,,,,,,,,,,,,,
,"Thu, Jun 18",10:05 ,Pan Integral D&D,2,Grano,50 gr,4 gr,24 gr,1 gr,3 gr,116 kcal,,,,,,,,,,,,,,,,,,,,,,,,,,,,,,,,,,
,"Thu, Jun 18",10:05 ,Queso Unt. Finlandia Light,2,Lácteo,20 gr,2 gr,1 gr,3 gr,0 gr,38 kcal,,,,,,,,,,,,,,,,,,,,,,,,,,,,0.03,0.09,0.85,0.12,0.21,1.64,
,"Thu, Jun 18",10:05 ,Huevo,1,Proteína,65 gr,8 gr,0 gr,8 gr,0 gr,101 kcal,,,,,,,,,,,,,,,,,,,,,,,,,,,,0.15,1.23,2.91,,,7.67,
,"Thu, Jun 18",10:05 ,Vainillas Bimbo,2,Carb,24 gr,2 gr,18 gr,1 gr,0 gr,90 kcal,,,,,,,,,,,,,,,,,,,,,,,,,,,,,,,,,,
,"Thu, Jun 18",10:05 ,"Chocolate, Águila (1 barrita)",0.7,Carb,11 gr,1 gr,6 gr,3 gr,1 gr,49 kcal,,,,,,,,,,,,,,,,,,,,,,,,,,,,,0.08,0.83,,,2.52,
,"Thu, Jun 18",14:35 ,Cebolla,0.5,Verdura,168 gr,2 gr,17 gr,0 gr,2 gr,71 kcal,04:30,,,,,,,,,,,,,,,,,,,,,,,,,,,,,,,,,
,"Thu, Jun 18",14:35 ,Zanahoria,0.5,Verdura,64 gr,1 gr,6 gr,0 gr,2 gr,26 kcal,,,,,,,,,,,,,,,,,,,,,,,,,,,,,,,,,,
,"Thu, Jun 18",14:35 ,Zucchini,0.4,Verdura,158 gr,2 gr,5 gr,0 gr,2 gr,27 kcal,,,,,,,,,,,,,,,,,,,,,,,,,,,,,,,,,,
,"Thu, Jun 18",14:35 ,Ají,0.4,Verdura,51 gr,1 gr,2 gr,0 gr,0 gr,9 kcal,,,,,,,,,,,,,,,,,,,,,,,,,,,,,,,,,,
,"Thu, Jun 18",14:35 ,Atún (1 lata),1,Proteína,120 gr,31 gr,0 gr,1 gr,0 gr,139 kcal,,,,,,,,,,,,,,,,,,,,,,,,,,,,0.14,0.02,0.08,,,0.98,
,"Thu, Jun 18",14:35 ,"Aceite de oliva (EV, PPF)",2,Grano,4 gr,0 gr,0 gr,4 gr,0 gr,36 kcal,,,,,,,,,,,,,,,,,,,,,,,,,,,,0.04,0.40,3.00,,,4.00,
,"Thu, Jun 18",14:35 ,Maní King Tostado Sin Piel Sin Sodio (1 cda sop),0.5,Fruto Seco,8 gr,2 gr,1 gr,4 gr,1 gr,45 kcal,,,,,,,,,,,,,,,,,,,,,,,,,,,,,1.28,1.84,,,3.75,
,"Thu, Jun 18",14:35 ,Nuez (1),2,Fruto Seco,8 gr,1 gr,1 gr,5 gr,0 gr,54 kcal,,,,,,,,,,,,,,,,,,,,,,,,,,,,0.51,2.60,1.12,,,5.10,
,"Thu, Jun 18",14:35 ,Lentejas,0.45,Carb,70 gr,5 gr,11 gr,1 gr,3 gr,65 kcal,,,,,,,,,,,,,,,,,,,,,,,,,,,,,,,,,,
,"Thu, Jun 18",14:35 ,Pan Integral D&D,2,Grano,50 gr,4 gr,24 gr,1 gr,3 gr,116 kcal,,,,,,,,,,,,,,,,,,,,,,,,,,,,,,,,,,
,"Thu, Jun 18",14:35 ,Queso Unt. Finlandia Light,2,Lácteo,20 gr,2 gr,1 gr,3 gr,0 gr,38 kcal,,,,,,,,,,,,,,,,,,,,,,,,,,,,0.03,0.09,0.85,0.12,0.21,1.64,
,"Thu, Jun 18",17:30 ,Café,1,Infusión,0 gr,0 gr,0 gr,0 gr,0 gr,0 kcal,02:55,,,,,,,,,,,,,,,,,,,,,,,,,,,,,,,,,
,"Thu, Jun 18",17:30 ,Miel (1 cda),1,Carb,10 gr,0 gr,7 gr,0 gr,0 gr,28 kcal,,,,,,,,,,,,,,,,,,,,,,,,,,,,,,,,,,
,"Thu, Jun 18",17:30 ,"Leche, Protein",1,Lácteo,100 gr,5 gr,5 gr,0 gr,0 gr,37 kcal,,,,,,,,,,,,,,,,,,,,,,,,,,,,,,,,,,
,"Thu, Jun 18",17:30 ,Whey Protein Bar Chocolate,1,Procesado,65 gr,21 gr,24 gr,10 gr,1 gr,249 kcal,,,,,,,,,,,,,,,,,,,,,,,,,,,,,,,,,,
,"Thu, Jun 18",17:30 ,Nuez (1),2,Fruto Seco,8 gr,1 gr,1 gr,5 gr,0 gr,54 kcal,,,,,,,,,,,,,,,,,,,,,,,,,,,,0.51,2.60,1.12,,,5.10,
,"Thu, Jun 18",20:00 ,Banana,1,Fruta,78 gr,1 gr,18 gr,0 gr,2 gr,69 kcal,02:30,,,,,,,,,,,,,,,,,,,,,,,,,,,,,,,,,
,"Thu, Jun 18",20:00 ,Yogurt Griego Yogusísimo (140g),1,Lácteo,140 gr,9 gr,12 gr,4 gr,0 gr,115 kcal,,,,,,,,,,,,,,,,,,,,,,,,,,,,,,,,,,
,"Thu, Jun 18",20:00 ,Avena Granix Instnatánea (2 cdas),1,Grano,30 gr,4 gr,18 gr,2 gr,3 gr,107 kcal,,,,,,,,,,,,,,,,,,,,,,,,,,,,,,,,,,
,"Thu, Jun 18",21:00 ,Te,1,Infusión,0 gr,0 gr,0 gr,0 gr,0 gr,0 kcal,01:00,,,,,,,,,,,,,,,,,,,,,,,,,,,,,,,,,
,"Thu, Jun 18",21:00 ,Miel (1 cda),1,Carb,10 gr,0 gr,7 gr,0 gr,0 gr,28 kcal,,,,,,,,,,,,,,,,,,,,,,,,,,,,,,,,,,
,"Thu, Jun 18",21:00 ,Vainillas Bimbo,3,Carb,36 gr,2 gr,26 gr,2 gr,0 gr,134 kcal,,,,,,109 gr,244 gr,58 gr,23 gr,"1,888 kcal",1427 gr,,115 gr,100 gr,124 gr,35 gr,2000 kcal,1 gr,8 gr,13 gr,0 gr,0 gr,32 gr,0 gr,22 gr,33 gr,1:8,,,,,,,
,"Fri, Jun 19",10:20 ,Vitaminas,1,Complemento,0 gr,0 gr,0 gr,0 gr,0 gr,0 kcal,13:20,,,,,,,,,,,,,,,,,,,,,,,,,,,,,,,,,
,"Fri, Jun 19",10:20 ,Café,1,Infusión,0 gr,0 gr,0 gr,0 gr,0 gr,0 kcal,,,,,,,,,,,,,,,,,,,,,,,,,,,,,,,,,,
,"Fri, Jun 19",10:20 ,Miel (1 cda),1,Carb,10 gr,0 gr,7 gr,0 gr,0 gr,28 kcal,,,,,,,,,,,,,,,,,,,,,,,,,,,,,,,,,,
,"Fri, Jun 19",10:20 ,"Leche, Protein",0.5,Lácteo,50 gr,2 gr,2 gr,0 gr,0 gr,19 kcal,,,,,,,,,,,,,,,,,,,,,,,,,,,,,,,,,,
,"Fri, Jun 19",10:20 ,Pan Integral D&D,2,Grano,56 gr,4 gr,27 gr,1 gr,3 gr,130 kcal,,,,,,,,,,,,,,,,,,,,,,,,,,,,,,,,,,
,"Fri, Jun 19",10:20 ,Queso Unt. Finlandia Light,2,Lácteo,20 gr,2 gr,1 gr,3 gr,0 gr,38 kcal,,,,,,,,,,,,,,,,,,,,,,,,,,,,0.03,0.09,0.85,0.12,0.21,1.64,
,"Fri, Jun 19",10:20 ,Palta,0.2,Fruta,37 gr,1 gr,3 gr,5 gr,2 gr,59 kcal,,,,,,,,,,,,,,,,,,,,,,,,,,,,0.05,0.76,3.85,,,5.42,
,"Fri, Jun 19",10:20 ,Vainillas Bimbo,3,Carb,36 gr,2 gr,26 gr,2 gr,0 gr,134 kcal,,,,,,,,,,,,,,,,,,,,,,,,,,,,,,,,,,
,"Fri, Jun 19",10:20 ,"Chocolate, Águila (1 barrita)",0.7,Carb,11 gr,1 gr,6 gr,3 gr,1 gr,49 kcal,,,,,,,,,,,,,,,,,,,,,,,,,,,,,0.08,0.83,,,2.52,
,"Fri, Jun 19",10:20 ,Nuez (1),2,Fruto Seco,8 gr,1 gr,1 gr,5 gr,0 gr,54 kcal,,,,,,,,,,,,,,,,,,,,,,,,,,,,0.51,2.60,1.12,,,5.10,
,"Fri, Jun 19",10:20 ,Almendra (1),1,Fruto Seco,6 gr,1 gr,0 gr,3 gr,1 gr,35 kcal,,,,,,,,,,,,,,,,,,,,,,,,,,,,,0.58,2.34,,,3.21,
,"Fri, Jun 19",14:05 ,Pollo (1 pechuga),0.7,Proteína,137 gr,39 gr,0 gr,4 gr,0 gr,207 kcal,03:45,,,,,,,,,,,,,,,,,,,,,,,,,,,0.04,0.88,1.75,,,4.38,
,"Fri, Jun 19",14:05 ,Tomate,2,Verdura,259 gr,2 gr,10 gr,1 gr,3 gr,47 kcal,,,,,,,,,,,,,,,,,,,,,,,,,,,,,,,,,,
,"Fri, Jun 19",14:05 ,Pan Integral D&D,2,Grano,50 gr,4 gr,24 gr,1 gr,3 gr,116 kcal,,,,,,,,,,,,,,,,,,,,,,,,,,,,,,,,,,
,"Fri, Jun 19",14:05 ,Queso Unt. Finlandia Light,2,Lácteo,20 gr,2 gr,1 gr,3 gr,0 gr,38 kcal,,,,,,,,,,,,,,,,,,,,,,,,,,,,0.03,0.09,0.85,0.12,0.21,1.64,
,"Fri, Jun 19",14:05 ,Banana,1,Fruta,90 gr,1 gr,21 gr,0 gr,2 gr,80 kcal,,,,,,,,,,,,,,,,,,,,,,,,,,,,,,,,,,
,"Fri, Jun 19",14:05 ,Vauquita,1,Carb,25 gr,2 gr,14 gr,1 gr,1 gr,68 kcal,,,,,,,,,,,,,,,,,,,,,,,,,,,,,,,,,,
,"Fri, Jun 19",17:00 ,Café,1,Infusión,0 gr,0 gr,0 gr,0 gr,0 gr,0 kcal,02:55,,,,,,,,,,,,,,,,,,,,,,,,,,,,,,,,,
,"Fri, Jun 19",17:00 ,Miel (1 cda),1,Carb,10 gr,0 gr,7 gr,0 gr,0 gr,28 kcal,,,,,,,,,,,,,,,,,,,,,,,,,,,,,,,,,,
,"Fri, Jun 19",17:00 ,"Leche, Protein",1,Lácteo,100 gr,5 gr,5 gr,0 gr,0 gr,37 kcal,,,,,,,,,,,,,,,,,,,,,,,,,,,,,,,,,,
,"Fri, Jun 19",17:00 ,Whey Protein Bar Chocolate,1,Procesado,65 gr,21 gr,24 gr,10 gr,1 gr,249 kcal,,,,,,,,,,,,,,,,,,,,,,,,,,,,,,,,,,
,"Fri, Jun 19",17:00 ,Nuez (1),1,Fruto Seco,4 gr,1 gr,0 gr,3 gr,0 gr,27 kcal,,,,,,,,,,,,,,,,,,,,,,,,,,,,0.26,1.30,0.56,,,2.55,
,"Fri, Jun 19",17:00 ,Almendra (1),0.5,Fruto Seco,4 gr,1 gr,0 gr,2 gr,1 gr,20 kcal,,,,,,,,,,,,,,,,,,,,,,,,,,,,,0.34,1.37,,,1.87,
,"Fri, Jun 19",19:30 ,Manzana,1,Fruta,180 gr,1 gr,34 gr,0 gr,5 gr,130 kcal,02:30,,,,,,,,,,,,,,,,,,,,,,,,,,,,,,,,,
,"Fri, Jun 19",20:40 ,Yogurt Griego Yogusísimo (140g),1,Lácteo,140 gr,9 gr,12 gr,4 gr,0 gr,115 kcal,01:10,,,,,,,,,,,,,,,,,,,,,,,,,,,,,,,,,
,"Fri, Jun 19",20:40 ,Avena Granix Instnatánea (2 cdas),1,Grano,30 gr,4 gr,18 gr,2 gr,3 gr,107 kcal,,,,,,,,,,,,,,,,,,,,,,,,,,,,,,,,,,
,"Fri, Jun 19",20:40 ,Maní King Tostado Sin Piel Sin Sodio (1 cda sop),1,Fruto Seco,15 gr,4 gr,2 gr,8 gr,1 gr,89 kcal,,,,,,109 gr,246 gr,60 gr,28 gr,"1,903 kcal",1362 gr,,115 gr,100 gr,124 gr,35 gr,2000 kcal,1 gr,9 gr,17 gr,0 gr,0 gr,36 gr,0 gr,27 gr,36 gr,1:9,,2.55,3.68,,,7.50,
,"Sat, Jun 20",9:30 ,Vitaminas,1,Complemento,0 gr,0 gr,0 gr,0 gr,0 gr,0 kcal,12:50,,,,,,,,,,,,,,,,,,,,,,,,,,,,,,,,,
,"Sat, Jun 20",9:30 ,Te,1,Infusión,0 gr,0 gr,0 gr,0 gr,0 gr,0 kcal,,,,,,,,,,,,,,,,,,,,,,,,,,,,,,,,,,
,"Sat, Jun 20",9:30 ,Miel (1 cda),1,Carb,10 gr,0 gr,7 gr,0 gr,0 gr,28 kcal,,,,,,,,,,,,,,,,,,,,,,,,,,,,,,,,,,
,"Sat, Jun 20",9:30 ,"Celienergy, galletitas de caceo y maní (1u)",5,Carb,50 gr,2 gr,37 gr,7 gr,1 gr,220 kcal,,,,,,,,,,,,,,,,,,,,,,,,,,,,,,,,,,
,"Sat, Jun 20",9:30 ,Banana,1,Fruta,150 gr,2 gr,35 gr,0 gr,4 gr,134 kcal,,,,,,,,,,,,,,,,,,,,,,,,,,,,,,,,,,
,"Sat, Jun 20",12:00 ,Whey Protein Bar Chocolate,1,Procesado,65 gr,21 gr,24 gr,10 gr,1 gr,249 kcal,02:30,,,,,,,,,,,,,,,,,,,,,,,,,,,,,,,,,
,"Sat, Jun 20",14:15 ,"Vaca, cuadril",1.5,Proteína,221 gr,49 gr,0 gr,15 gr,0 gr,332 kcal,02:15,,,,,,,,,,,,,,,,,,,,,,,,,,,0.15,0.62,6.50,,,7.74,
,"Sat, Jun 20",14:15 ,Tomate,2,Verdura,275 gr,2 gr,11 gr,1 gr,3 gr,50 kcal,,,,,,,,,,,,,,,,,,,,,,,,,,,,,,,,,,
,"Sat, Jun 20",14:15 ,Pan Integral D&D,2,Grano,50 gr,4 gr,24 gr,1 gr,3 gr,116 kcal,,,,,,,,,,,,,,,,,,,,,,,,,,,,,,,,,,
,"Sat, Jun 20",14:15 ,Queso Unt. Finlandia Light,2,Lácteo,20 gr,2 gr,1 gr,3 gr,0 gr,38 kcal,,,,,,,,,,,,,,,,,,,,,,,,,,,,0.03,0.09,0.85,0.12,0.21,1.64,
,"Sat, Jun 20",14:15 ,Vauquita,1,Carb,25 gr,2 gr,14 gr,1 gr,1 gr,68 kcal,,,,,,,,,,,,,,,,,,,,,,,,,,,,,,,,,,
,"Sat, Jun 20",14:15 ,"Chocolate, Águila (1 barrita)",0.7,Carb,11 gr,1 gr,6 gr,3 gr,1 gr,49 kcal,,,,,,,,,,,,,,,,,,,,,,,,,,,,,0.08,0.83,,,2.52,
,"Sat, Jun 20",14:15 ,Nuez (1),2,Fruto Seco,8 gr,1 gr,1 gr,5 gr,0 gr,54 kcal,,,,,,,,,,,,,,,,,,,,,,,,,,,,0.51,2.60,1.12,,,5.10,
,"Sat, Jun 20",17:20 ,Manzana,1,Fruta,160 gr,1 gr,30 gr,0 gr,5 gr,115 kcal,03:05,,,,,,,,,,,,,,,,,,,,,,,,,,,,,,,,,
,"Sat, Jun 20",19:15 ,Pan Integral D&D,2,Grano,50 gr,4 gr,24 gr,1 gr,3 gr,116 kcal,01:55,,,,,,,,,,,,,,,,,,,,,,,,,,,,,,,,,
,"Sat, Jun 20",19:15 ,Huevo,1,Proteína,50 gr,6 gr,0 gr,6 gr,0 gr,78 kcal,,,,,,,,,,,,,,,,,,,,,,,,,,,,0.12,0.94,2.24,,,5.90,
,"Sat, Jun 20",19:15 ,Queso Unt. Finlandia Light,2,Lácteo,20 gr,2 gr,1 gr,3 gr,0 gr,38 kcal,,,,,,,,,,,,,,,,,,,,,,,,,,,,0.03,0.09,0.85,0.12,0.21,1.64,
,"Sat, Jun 20",19:30 ,Vainillas Bimbo,2,Carb,24 gr,2 gr,18 gr,1 gr,0 gr,90 kcal,00:15,,,,,,,,,,,,,,,,,,,,,,,,,,,,,,,,,
,"Sat, Jun 20",19:30 ,Nuez (1),2,Fruto Seco,8 gr,1 gr,1 gr,5 gr,0 gr,54 kcal,,,,,,100 gr,234 gr,63 gr,22 gr,"1,827 kcal",1197 gr,,115 gr,100 gr,124 gr,35 gr,2000 kcal,1 gr,7 gr,14 gr,0 gr,0 gr,30 gr,0 gr,22 gr,30 gr,1:7,0.51,2.60,1.12,,,5.10,
,"Sun, Jun 21",13:00 ,Vitaminas,1,Complemento,0 gr,0 gr,0 gr,0 gr,0 gr,0 kcal,17:30,,,,,,,,,,,,,,,,,,,,,,,,,,,,,,,,,
,"Sun, Jun 21",13:00 ,Cerdo (1 corte),0.35,Proteína,105 gr,29 gr,0 gr,18 gr,0 gr,285 kcal,,,,,,,,,,,,,,,,,,,,,,,,,,,,0.18,1.79,8.03,,,17.85,
,"Sun, Jun 21",13:00 ,"Vaca, cuadril",0.4,Proteína,40 gr,9 gr,0 gr,3 gr,0 gr,60 kcal,,,,,,,,,,,,,,,,,,,,,,,,,,,,0.03,0.11,1.18,,,1.40,
,"Sun, Jun 21",13:00 ,Chorizo,0.4,Proteína,60 gr,8 gr,2 gr,17 gr,0 gr,200 kcal,,,,,,,,,,,,,,,,,,,,,,,,,,,,0.17,1.74,7.83,,,17.40,
,"Sun, Jun 21",13:00 ,Papa,1,Carb,100 gr,2 gr,21 gr,0 gr,0 gr,92 kcal,,,,,,,,,,,,,,,,,,,,,,,,,,,,,,,,,,
,"Sun, Jun 21",13:00 ,Huevo,1,Proteína,65 gr,8 gr,0 gr,8 gr,0 gr,101 kcal,,,,,,,,,,,,,,,,,,,,,,,,,,,,0.15,1.23,2.91,,,7.67,
,"Sun, Jun 21",13:00 ,Chocolate Cofler Block,0.5,Carb,19 gr,3 gr,8 gr,7 gr,0 gr,105 kcal,,,,,,,,,,,,,,,,,,,,,,,,,,,,,0.67,2.66,,,6.65,
,"Sun, Jun 21",16:00 ,Café,1,Infusión,0 gr,0 gr,0 gr,0 gr,0 gr,0 kcal,03:00,,,,,,,,,,,,,,,,,,,,,,,,,,,,,,,,,
,"Sun, Jun 21",16:00 ,Miel (1 cda),1,Carb,10 gr,0 gr,7 gr,0 gr,0 gr,28 kcal,,,,,,,,,,,,,,,,,,,,,,,,,,,,,,,,,,
,"Sun, Jun 21",16:00 ,"Leche, Protein",1,Lácteo,100 gr,5 gr,5 gr,0 gr,0 gr,37 kcal,,,,,,,,,,,,,,,,,,,,,,,,,,,,,,,,,,
,"Sun, Jun 21",16:00 ,Pepas De Membrillo La Abuela,7,Procesado,105 gr,1 gr,67 gr,21 gr,7 gr,459 kcal,,,,,,,,,,,,,,,,,,,,,,,,,,,,,,,,,,
,"Sun, Jun 21",19:15 ,Banana,1,Fruta,150 gr,2 gr,35 gr,0 gr,4 gr,134 kcal,03:15,,,,,,,,,,,,,,,,,,,,,,,,,,,,,,,,,
,"Sun, Jun 21",19:40 ,Atún (1 lata),1,Proteína,120 gr,31 gr,0 gr,1 gr,0 gr,139 kcal,00:25,,,,,,,,,,,,,,,,,,,,,,,,,,,0.14,0.02,0.08,,,0.98,
,"Sun, Jun 21",19:40 ,Huevo,1,Proteína,45 gr,5 gr,0 gr,5 gr,0 gr,70 kcal,,,,,,,,,,,,,,,,,,,,,,,,,,,,0.11,0.85,2.02,,,5.31,
,"Sun, Jun 21",19:40 ,Pan Integral D&D,3,Grano,75 gr,6 gr,36 gr,2 gr,4 gr,174 kcal,,,,,,,,,,,,,,,,,,,,,,,,,,,,,,,,,,
,"Sun, Jun 21",19:40 ,Queso Unt. Finlandia Light,5,Lácteo,50 gr,5 gr,3 gr,7 gr,0 gr,95 kcal,,,,,,112 gr,183 gr,89 gr,15 gr,"1,978 kcal",1044 gr,,115 gr,100 gr,124 gr,35 gr,2000 kcal,1 gr,7 gr,27 gr,0 gr,1 gr,61 gr,0 gr,34 gr,62 gr,1:7,0.07,0.22,2.13,0.29,0.51,4.11,
,"Mon, Jun 22",9:40 ,Vitaminas,1,Complemento,0 gr,0 gr,0 gr,0 gr,0 gr,0 kcal,14:00,,,,,,,,,,,,,,,,,,,,,,,,,,,,,,,,,
,"Mon, Jun 22",9:40 ,Café,1,Infusión,0 gr,0 gr,0 gr,0 gr,0 gr,0 kcal,,,,,,,,,,,,,,,,,,,,,,,,,,,,,,,,,,
,"Mon, Jun 22",9:40 ,Miel (1 cda),1,Carb,10 gr,0 gr,7 gr,0 gr,0 gr,28 kcal,,,,,,,,,,,,,,,,,,,,,,,,,,,,,,,,,,
,"Mon, Jun 22",9:40 ,"Leche, Protein",0.5,Lácteo,50 gr,2 gr,2 gr,0 gr,0 gr,19 kcal,,,,,,,,,,,,,,,,,,,,,,,,,,,,,,,,,,
,"Mon, Jun 22",9:40 ,Pan Integral D&D,2,Grano,50 gr,4 gr,24 gr,1 gr,3 gr,116 kcal,,,,,,,,,,,,,,,,,,,,,,,,,,,,,,,,,,
,"Mon, Jun 22",9:40 ,Palta,0.3,Fruta,48 gr,1 gr,4 gr,7 gr,3 gr,77 kcal,,,,,,,,,,,,,,,,,,,,,,,,,,,,0.07,0.99,5.00,,,7.04,
,"Mon, Jun 22",9:40 ,Queso Unt. Finlandia Light,2,Lácteo,20 gr,2 gr,1 gr,3 gr,0 gr,38 kcal,,,,,,,,,,,,,,,,,,,,,,,,,,,,0.03,0.09,0.85,0.12,0.21,1.64,
,"Mon, Jun 22",9:40 ,Vainillas Bimbo,2,Carb,24 gr,2 gr,18 gr,1 gr,0 gr,90 kcal,,,,,,,,,,,,,,,,,,,,,,,,,,,,,,,,,,
,"Mon, Jun 22",9:40 ,Nuez (1),2,Fruto Seco,8 gr,1 gr,1 gr,5 gr,0 gr,54 kcal,,,,,,,,,,,,,,,,,,,,,,,,,,,,0.51,2.60,1.12,,,5.10,
,"Mon, Jun 22",14:20 ,Pollo (1 pechuga),0.5,Proteína,150 gr,43 gr,0 gr,5 gr,0 gr,227 kcal,04:40,,,,,,,,,,,,,,,,,,,,,,,,,,,0.05,0.96,1.92,,,4.80,
,"Mon, Jun 22",14:20 ,Zucchini,0.3,Verdura,152 gr,2 gr,5 gr,0 gr,2 gr,26 kcal,,,,,,,,,,,,,,,,,,,,,,,,,,,,,,,,,,
,"Mon, Jun 22",14:20 ,Zanahoria,0.3,Verdura,144 gr,1 gr,14 gr,0 gr,4 gr,59 kcal,,,,,,,,,,,,,,,,,,,,,,,,,,,,,,,,,,
,"Mon, Jun 22",14:20 ,Ají,0.3,Verdura,57 gr,1 gr,2 gr,0 gr,0 gr,10 kcal,,,,,,,,,,,,,,,,,,,,,,,,,,,,,,,,,,
,"Mon, Jun 22",14:20 ,Arroz Integral,1,Grano,40 gr,1 gr,9 gr,0 gr,1 gr,44 kcal,,,,,,,,,,,,,,,,,,,,,,,,,,,,,,,,,,
,"Mon, Jun 22",14:20 ,"Aceite de oliva (EV, PPF)",2,Grano,4 gr,0 gr,0 gr,4 gr,0 gr,36 kcal,,,,,,,,,,,,,,,,,,,,,,,,,,,,0.04,0.40,3.00,,,4.00,
,"Mon, Jun 22",14:20 ,"Rapiditas integrales, tortillas",3,Carb,83 gr,7 gr,39 gr,5 gr,6 gr,231 kcal,,,,,,,,,,,,,,,,,,,,,,,,,,,,,,,,,,
,"Mon, Jun 22",14:20 ,Queso Unt. Finlandia Light,2,Lácteo,20 gr,2 gr,1 gr,3 gr,0 gr,38 kcal,,,,,,,,,,,,,,,,,,,,,,,,,,,,0.03,0.09,0.85,0.12,0.21,1.64,
,"Mon, Jun 22",14:20 ,Garbanzos,0.4,Carb,80 gr,5 gr,14 gr,1 gr,3 gr,82 kcal,,,,,,,,,,,,,,,,,,,,,,,,,,,,,,,,,,
,"Mon, Jun 22",14:20 ,Nuez (1),2,Fruto Seco,8 gr,1 gr,1 gr,5 gr,0 gr,54 kcal,,,,,,,,,,,,,,,,,,,,,,,,,,,,0.51,2.60,1.12,,,5.10,
,"Mon, Jun 22",14:20 ,Maní King Tostado Sin Piel Sin Sodio (1 cda sop),0.5,Fruto Seco,8 gr,2 gr,1 gr,4 gr,1 gr,45 kcal,,,,,,,,,,,,,,,,,,,,,,,,,,,,,1.28,1.84,,,3.75,
,"Mon, Jun 22",14:20 ,Vauquita,1,Carb,25 gr,2 gr,14 gr,1 gr,1 gr,68 kcal,,,,,,,,,,,,,,,,,,,,,,,,,,,,,,,,,,
,"Mon, Jun 22",17:00 ,Café,1,Infusión,0 gr,0 gr,0 gr,0 gr,0 gr,0 kcal,02:40,,,,,,,,,,,,,,,,,,,,,,,,,,,,,,,,,
,"Mon, Jun 22",17:00 ,Miel (1 cda),1,Carb,10 gr,0 gr,7 gr,0 gr,0 gr,28 kcal,,,,,,,,,,,,,,,,,,,,,,,,,,,,,,,,,,
,"Mon, Jun 22",17:00 ,Growsbar cookies & cream,1,Procesado,46 gr,14 gr,20 gr,6 gr,1 gr,186 kcal,,,,,,,,,,,,,,,,,,,,,,,,,,,,,,,,,,
,"Mon, Jun 22",20:10 ,Banana,1,Fruta,90 gr,1 gr,21 gr,0 gr,2 gr,80 kcal,03:10,,,,,,,,,,,,,,,,,,,,,,,,,,,,,,,,,
,"Mon, Jun 22",20:10 ,Yogurt Griego Yogusísimo (140g),1,Lácteo,140 gr,9 gr,12 gr,4 gr,0 gr,115 kcal,,,,,,,,,,,,,,,,,,,,,,,,,,,,,,,,,,
,"Mon, Jun 22",20:10 ,Avena Granix Instnatánea (2 cdas),1,Grano,30 gr,4 gr,18 gr,2 gr,3 gr,107 kcal,,,,,,,,,,,,,,,,,,,,,,,,,,,,,,,,,,
,"Mon, Jun 22",20:10 ,Almendra (1),1,Fruto Seco,7 gr,1 gr,0 gr,4 gr,1 gr,40 kcal,,,,,,107 gr,236 gr,61 gr,31 gr,"1,896 kcal",1303 gr,,115 gr,100 gr,124 gr,35 gr,2000 kcal,1 gr,10 gr,18 gr,0 gr,0 gr,37 gr,0 gr,29 gr,37 gr,1:10,,0.67,2.73,,,3.75,
,"Tue, Jun 23",9:50 ,Vitaminas,1,Complemento,0 gr,0 gr,0 gr,0 gr,0 gr,0 kcal,13:40,,,,,,,,,,,,,,,,,,,,,,,,,,,,,,,,,
,"Tue, Jun 23",9:50 ,Café,1,Infusión,0 gr,0 gr,0 gr,0 gr,0 gr,0 kcal,,,,,,,,,,,,,,,,,,,,,,,,,,,,,,,,,,
,"Tue, Jun 23",9:50 ,Miel (1 cda),1,Carb,10 gr,0 gr,7 gr,0 gr,0 gr,28 kcal,,,,,,,,,,,,,,,,,,,,,,,,,,,,,,,,,,
,"Tue, Jun 23",9:50 ,"Leche, Protein",0.5,Lácteo,50 gr,2 gr,2 gr,0 gr,0 gr,19 kcal,,,,,,,,,,,,,,,,,,,,,,,,,,,,,,,,,,
,"Tue, Jun 23",9:50 ,Pan Integral D&D,2,Grano,50 gr,4 gr,24 gr,1 gr,3 gr,116 kcal,,,,,,,,,,,,,,,,,,,,,,,,,,,,,,,,,,
,"Tue, Jun 23",9:50 ,Queso Unt. Finlandia Light,2,Lácteo,20 gr,2 gr,1 gr,3 gr,0 gr,38 kcal,,,,,,,,,,,,,,,,,,,,,,,,,,,,0.03,0.09,0.85,0.12,0.21,1.64,
,"Tue, Jun 23",9:50 ,Palta,0.2,Fruta,32 gr,1 gr,3 gr,5 gr,2 gr,51 kcal,,,,,,,,,,,,,,,,,,,,,,,,,,,,0.05,0.66,3.33,,,4.69,
,"Tue, Jun 23",9:50 ,Huevo,1,Proteína,65 gr,8 gr,0 gr,8 gr,0 gr,101 kcal,,,,,,,,,,,,,,,,,,,,,,,,,,,,0.15,1.23,2.91,,,7.67,
,"Tue, Jun 23",9:50 ,Vainillas Bimbo,2,Carb,24 gr,2 gr,18 gr,1 gr,0 gr,90 kcal,,,,,,,,,,,,,,,,,,,,,,,,,,,,,,,,,,
,"Tue, Jun 23",9:50 ,Nuez (1),2,Fruto Seco,8 gr,1 gr,1 gr,5 gr,0 gr,54 kcal,,,,,,,,,,,,,,,,,,,,,,,,,,,,0.51,2.60,1.12,,,5.10,
,"Tue, Jun 23",14:50 ,Pollo (1 pechuga),0.6,Proteína,227 gr,65 gr,0 gr,7 gr,0 gr,343 kcal,05:00,,,,,,,,,,,,,,,,,,,,,,,,,,,0.07,1.45,2.91,,,7.26,
,"Tue, Jun 23",14:50 ,Ají,0.3,Verdura,70 gr,1 gr,3 gr,0 gr,0 gr,13 kcal,,,,,,,,,,,,,,,,,,,,,,,,,,,,,,,,,,
,"Tue, Jun 23",14:50 ,Zucchini,0.3,Verdura,159 gr,2 gr,6 gr,0 gr,2 gr,27 kcal,,,,,,,,,,,,,,,,,,,,,,,,,,,,,,,,,,
,"Tue, Jun 23",14:50 ,Zanahoria,0.3,Verdura,46 gr,0 gr,4 gr,0 gr,1 gr,19 kcal,,,,,,,,,,,,,,,,,,,,,,,,,,,,,,,,,,
,"Tue, Jun 23",14:50 ,Cebolla,0.5,Verdura,150 gr,1 gr,15 gr,0 gr,2 gr,63 kcal,,,,,,,,,,,,,,,,,,,,,,,,,,,,,,,,,,
,"Tue, Jun 23",14:50 ,"Aceite de oliva (EV, PPF)",2,Grano,4 gr,0 gr,0 gr,4 gr,0 gr,36 kcal,,,,,,,,,,,,,,,,,,,,,,,,,,,,0.04,0.40,3.00,,,4.00,
,"Tue, Jun 23",14:50 ,Maní King Tostado Sin Piel Sin Sodio (1 cda sop),0.5,Fruto Seco,8 gr,2 gr,1 gr,4 gr,1 gr,45 kcal,,,,,,,,,,,,,,,,,,,,,,,,,,,,,1.28,1.84,,,3.75,
,"Tue, Jun 23",14:50 ,Nuez (1),2,Fruto Seco,8 gr,1 gr,1 gr,5 gr,0 gr,54 kcal,,,,,,,,,,,,,,,,,,,,,,,,,,,,0.51,2.60,1.12,,,5.10,
,"Tue, Jun 23",14:50 ,Vauquita,1,Carb,25 gr,2 gr,14 gr,1 gr,1 gr,68 kcal,,,,,,,,,,,,,,,,,,,,,,,,,,,,,,,,,,
,"Tue, Jun 23",17:45 ,Café,1,Infusión,0 gr,0 gr,0 gr,0 gr,0 gr,0 kcal,02:55,,,,,,,,,,,,,,,,,,,,,,,,,,,,,,,,,
,"Tue, Jun 23",17:45 ,Miel (1 cda),1,Carb,10 gr,0 gr,7 gr,0 gr,0 gr,28 kcal,,,,,,,,,,,,,,,,,,,,,,,,,,,,,,,,,,
,"Tue, Jun 23",17:45 ,"Leche, Protein",1,Lácteo,100 gr,5 gr,5 gr,0 gr,0 gr,37 kcal,,,,,,,,,,,,,,,,,,,,,,,,,,,,,,,,,,
,"Tue, Jun 23",17:45 ,Vauquita bañada en chocolate,0.5,Carb,14 gr,1 gr,9 gr,1 gr,0 gr,51 kcal,,,,,,,,,,,,,,,,,,,,,,,,,,,,,,,,,,
,"Tue, Jun 23",20:35 ,Avena Granix Instnatánea (2 cdas),1,Grano,30 gr,4 gr,18 gr,2 gr,3 gr,107 kcal,02:50,,,,,,,,,,,,,,,,,,,,,,,,,,,,,,,,,
,"Tue, Jun 23",20:35 ,"Yogurt, Ser",1,Lácteo,190 gr,9 gr,11 gr,0 gr,0 gr,80 kcal,,,,,,,,,,,,,,,,,,,,,,,,,,,,,,,,,,
,"Tue, Jun 23",20:35 ,Maní King Tostado Sin Piel Sin Sodio (1 cda sop),0.5,Fruto Seco,8 gr,2 gr,1 gr,4 gr,1 gr,45 kcal,,,,,,,,,,,,,,,,,,,,,,,,,,,,,1.28,1.84,,,3.75,
,"Tue, Jun 23",20:35 ,Nuez (1),2,Fruto Seco,8 gr,1 gr,1 gr,5 gr,0 gr,54 kcal,,,,,,,,,,,,,,,,,,,,,,,,,,,,0.51,2.60,1.12,,,5.10,
,"Tue, Jun 23",20:35 ,Banana,1,Fruta,82 gr,1 gr,19 gr,0 gr,2 gr,73 kcal,,,,,,,,,,,,,,,,,,,,,,,,,,,,,,,,,,
,"Tue, Jun 23",21:00 ,Vainillas Bimbo,2,Carb,24 gr,2 gr,18 gr,1 gr,0 gr,90 kcal,00:25,,,,,117 gr,187 gr,58 gr,19 gr,"1,727 kcal",1421 gr,,115 gr,100 gr,124 gr,35 gr,2000 kcal,2 gr,14 gr,20 gr,0 gr,0 gr,48 gr,0 gr,36 gr,48 gr,2:14,,,,,,,
,"Wed, Jun 24",9:25 ,Vitaminas,1,Complemento,0 gr,0 gr,0 gr,0 gr,0 gr,0 kcal,12:25,,,,,,,,,,,,,,,,,,,,,,,,,,,,,,,,,
,"Wed, Jun 24",9:25 ,Pan Integral D&D,2,Grano,50 gr,4 gr,24 gr,1 gr,3 gr,116 kcal,,,,,,,,,,,,,,,,,,,,,,,,,,,,,,,,,,
,"Wed, Jun 24",9:25 ,Queso Unt. Finlandia Light,2,Lácteo,20 gr,2 gr,1 gr,3 gr,0 gr,38 kcal,,,,,,,,,,,,,,,,,,,,,,,,,,,,0.03,0.09,0.85,0.12,0.21,1.64,
,"Wed, Jun 24",9:25 ,Huevo,1,Proteína,65 gr,8 gr,0 gr,8 gr,0 gr,101 kcal,,,,,,,,,,,,,,,,,,,,,,,,,,,,0.15,1.23,2.91,,,7.67,
,"Wed, Jun 24",9:25 ,Café,1,Infusión,0 gr,0 gr,0 gr,0 gr,0 gr,0 kcal,,,,,,,,,,,,,,,,,,,,,,,,,,,,,,,,,,
,"Wed, Jun 24",9:25 ,Miel (1 cda),1,Carb,10 gr,0 gr,7 gr,0 gr,0 gr,28 kcal,,,,,,,,,,,,,,,,,,,,,,,,,,,,,,,,,,
,"Wed, Jun 24",9:25 ,"Leche, Protein",0.5,Lácteo,50 gr,2 gr,2 gr,0 gr,0 gr,19 kcal,,,,,,,,,,,,,,,,,,,,,,,,,,,,,,,,,,
,"Wed, Jun 24",9:25 ,Vainillas Bimbo,3,Carb,36 gr,2 gr,26 gr,2 gr,0 gr,134 kcal,,,,,,,,,,,,,,,,,,,,,,,,,,,,,,,,,,
,"Wed, Jun 24",9:25 ,Nuez (1),2,Fruto Seco,8 gr,1 gr,1 gr,5 gr,0 gr,54 kcal,,,,,,,,,,,,,,,,,,,,,,,,,,,,0.51,2.60,1.12,,,5.10,
,"Wed, Jun 24",9:25 ,"Chocolate, Águila (1 barrita)",0.7,Carb,11 gr,1 gr,6 gr,3 gr,1 gr,49 kcal,,,,,,,,,,,,,,,,,,,,,,,,,,,,,0.08,0.83,,,2.52,
,"Wed, Jun 24",14:45 ,"Vaca, cuadril",1.4,Proteína,133 gr,29 gr,0 gr,9 gr,0 gr,200 kcal,05:20,,,,,,,,,,,,,,,,,,,,,,,,,,,0.09,0.37,3.91,,,4.66,
,"Wed, Jun 24",14:45 ,Arroz Integral,1,Grano,40 gr,1 gr,9 gr,0 gr,1 gr,44 kcal,,,,,,,,,,,,,,,,,,,,,,,,,,,,,,,,,,
,"Wed, Jun 24",14:45 ,Ají,0.3,Verdura,66 gr,1 gr,3 gr,0 gr,0 gr,12 kcal,,,,,,,,,,,,,,,,,,,,,,,,,,,,,,,,,,
,"Wed, Jun 24",14:45 ,Cebolla,0.5,Verdura,156 gr,1 gr,16 gr,0 gr,2 gr,66 kcal,,,,,,,,,,,,,,,,,,,,,,,,,,,,,,,,,,
,"Wed, Jun 24",14:45 ,Zanahoria,0.3,Verdura,60 gr,1 gr,6 gr,0 gr,2 gr,25 kcal,,,,,,,,,,,,,,,,,,,,,,,,,,,,,,,,,,
,"Wed, Jun 24",14:45 ,Zucchini,0.3,Verdura,90 gr,1 gr,3 gr,0 gr,1 gr,15 kcal,,,,,,,,,,,,,,,,,,,,,,,,,,,,,,,,,,
,"Wed, Jun 24",14:45 ,Garbanzos,0.5,Carb,155 gr,10 gr,28 gr,1 gr,7 gr,158 kcal,,,,,,,,,,,,,,,,,,,,,,,,,,,,,,,,,,
,"Wed, Jun 24",14:45 ,"Aceite de oliva (EV, PPF)",2,Grano,4 gr,0 gr,0 gr,4 gr,0 gr,36 kcal,,,,,,,,,,,,,,,,,,,,,,,,,,,,0.04,0.40,3.00,,,4.00,
,"Wed, Jun 24",14:45 ,Maní King Tostado Sin Piel Sin Sodio (1 cda sop),0.5,Fruto Seco,8 gr,2 gr,1 gr,4 gr,1 gr,45 kcal,,,,,,,,,,,,,,,,,,,,,,,,,,,,,1.28,1.84,,,3.75,
,"Wed, Jun 24",14:45 ,Nuez (1),2,Fruto Seco,8 gr,1 gr,1 gr,5 gr,0 gr,54 kcal,,,,,,,,,,,,,,,,,,,,,,,,,,,,0.51,2.60,1.12,,,5.10,
,"Wed, Jun 24",14:45 ,"Rapiditas integrales, tortillas",3,Carb,83 gr,7 gr,39 gr,5 gr,6 gr,231 kcal,,,,,,,,,,,,,,,,,,,,,,,,,,,,,,,,,,
,"Wed, Jun 24",14:45 ,Queso Unt. Finlandia Light,2,Lácteo,20 gr,2 gr,1 gr,3 gr,0 gr,38 kcal,,,,,,,,,,,,,,,,,,,,,,,,,,,,0.03,0.09,0.85,0.12,0.21,1.64,
,"Wed, Jun 24",14:45 ,Vauquita bañada en chocolate,1,Carb,28 gr,2 gr,18 gr,3 gr,0 gr,102 kcal,,,,,,,,,,,,,,,,,,,,,,,,,,,,,,,,,,
,"Wed, Jun 24",17:20 ,Café,1,Infusión,0 gr,0 gr,0 gr,0 gr,0 gr,0 kcal,02:35,,,,,,,,,,,,,,,,,,,,,,,,,,,,,,,,,
,"Wed, Jun 24",17:20 ,Miel (1 cda),1,Carb,10 gr,0 gr,7 gr,0 gr,0 gr,28 kcal,,,,,,,,,,,,,,,,,,,,,,,,,,,,,,,,,,
,"Wed, Jun 24",17:20 ,"Leche, Protein",1,Lácteo,100 gr,5 gr,5 gr,0 gr,0 gr,37 kcal,,,,,,,,,,,,,,,,,,,,,,,,,,,,,,,,,,
,"Wed, Jun 24",17:20 ,Nuez (1),2,Fruto Seco,8 gr,1 gr,1 gr,5 gr,0 gr,54 kcal,,,,,,,,,,,,,,,,,,,,,,,,,,,,0.51,2.60,1.12,,,5.10,
,"Wed, Jun 24",17:20 ,Vainillas Bimbo,3,Carb,36 gr,2 gr,26 gr,2 gr,0 gr,134 kcal,,,,,,,,,,,,,,,,,,,,,,,,,,,,,,,,,,
,"Wed, Jun 24",17:20 ,"Chocolate, Águila (1 barrita)",0.7,Carb,11 gr,1 gr,6 gr,3 gr,1 gr,49 kcal,,,,,,,,,,,,,,,,,,,,,,,,,,,,,0.08,0.83,,,2.52,
,"Wed, Jun 24",20:25 ,"Yogurt, Ser",1,Lácteo,190 gr,9 gr,11 gr,0 gr,0 gr,80 kcal,03:05,,,,,,,,,,,,,,,,,,,,,,,,,,,,,,,,,
,"Wed, Jun 24",20:25 ,Avena Granix Instnatánea (2 cdas),1,Grano,30 gr,4 gr,18 gr,2 gr,3 gr,107 kcal,,,,,,,,,,,,,,,,,,,,,,,,,,,,,,,,,,
,"Wed, Jun 24",20:25 ,Banana,1,Fruta,120 gr,1 gr,28 gr,0 gr,3 gr,107 kcal,,,,,,,,,,,,,,,,,,,,,,,,,,,,,,,,,,
,"Wed, Jun 24",20:25 ,Nuez (1),1,Fruto Seco,4 gr,1 gr,0 gr,3 gr,0 gr,27 kcal,,,,,,,,,,,,,,,,,,,,,,,,,,,,0.26,1.30,0.56,,,2.55,
,"Wed, Jun 24",20:25 ,Maní King Tostado Sin Piel Sin Sodio (1 cda sop),0.5,Fruto Seco,8 gr,2 gr,1 gr,4 gr,1 gr,45 kcal,,,,,,104 gr,295 gr,75 gr,31 gr,"2,232 kcal",1616 gr,,115 gr,100 gr,124 gr,35 gr,2000 kcal,2 gr,14 gr,21 gr,0 gr,0 gr,50 gr,0 gr,37 gr,51 gr,2:14,,1.28,1.84,,,3.75,
,"Thu, Jun 25",9:50 ,Café,1,Infusión,0 gr,0 gr,0 gr,0 gr,0 gr,0 kcal,13:25,,,,,,,,,,,,,,,,,,,,,,,,,,,,,,,,,
,"Thu, Jun 25",9:50 ,Miel (1 cda),1,Carb,10 gr,0 gr,7 gr,0 gr,0 gr,28 kcal,,,,,,,,,,,,,,,,,,,,,,,,,,,,,,,,,,
,"Thu, Jun 25",9:50 ,"Leche, Protein",0.5,Lácteo,50 gr,2 gr,2 gr,0 gr,0 gr,19 kcal,,,,,,,,,,,,,,,,,,,,,,,,,,,,,,,,,,
,"Thu, Jun 25",9:50 ,Pan Integral D&D,2,Grano,46 gr,4 gr,22 gr,1 gr,2 gr,107 kcal,,,,,,,,,,,,,,,,,,,,,,,,,,,,,,,,,,
,"Thu, Jun 25",9:50 ,Queso Unt. Finlandia Light,2,Lácteo,20 gr,2 gr,1 gr,3 gr,0 gr,38 kcal,,,,,,,,,,,,,,,,,,,,,,,,,,,,0.03,0.09,0.85,0.12,0.21,1.64,
,"Thu, Jun 25",9:50 ,Palta,0.3,Fruta,40 gr,1 gr,3 gr,6 gr,3 gr,64 kcal,,,,,,,,,,,,,,,,,,,,,,,,,,,,0.06,0.82,4.16,,,5.86,
,"Thu, Jun 25",9:50 ,Huevo,1,Proteína,55 gr,7 gr,0 gr,6 gr,0 gr,86 kcal,,,,,,,,,,,,,,,,,,,,,,,,,,,,0.13,1.04,2.47,,,6.49,
,"Thu, Jun 25",9:50 ,Vainillas Bimbo,2,Carb,24 gr,2 gr,18 gr,1 gr,0 gr,90 kcal,,,,,,,,,,,,,,,,,,,,,,,,,,,,,,,,,,
,"Thu, Jun 25",9:50 ,Nuez (1),2,Fruto Seco,8 gr,1 gr,1 gr,5 gr,0 gr,54 kcal,,,,,,,,,,,,,,,,,,,,,,,,,,,,0.51,2.60,1.12,,,5.10,
,"Thu, Jun 25",9:50 ,Vitaminas,1,Complemento,0 gr,0 gr,0 gr,0 gr,0 gr,0 kcal,,,,,,,,,,,,,,,,,,,,,,,,,,,,,,,,,,
,"Thu, Jun 25",15:20 ,Arroz Integral,1,Grano,40 gr,1 gr,9 gr,0 gr,1 gr,44 kcal,05:30,,,,,,,,,,,,,,,,,,,,,,,,,,,,,,,,,
,"Thu, Jun 25",15:20 ,Ají,0.3,Verdura,53 gr,1 gr,2 gr,0 gr,0 gr,10 kcal,,,,,,,,,,,,,,,,,,,,,,,,,,,,,,,,,,
,"Thu, Jun 25",15:20 ,Zucchini,0.3,Verdura,123 gr,1 gr,4 gr,0 gr,1 gr,21 kcal,,,,,,,,,,,,,,,,,,,,,,,,,,,,,,,,,,
,"Thu, Jun 25",15:20 ,Zanahoria,0.3,Verdura,108 gr,1 gr,10 gr,0 gr,3 gr,44 kcal,,,,,,,,,,,,,,,,,,,,,,,,,,,,,,,,,,
,"Thu, Jun 25",15:20 ,Cebolla,0.5,Verdura,132 gr,1 gr,13 gr,0 gr,2 gr,55 kcal,,,,,,,,,,,,,,,,,,,,,,,,,,,,,,,,,,
,"Thu, Jun 25",15:20 ,Pollo (1 pechuga),1,Proteína,140 gr,40 gr,0 gr,4 gr,0 gr,211 kcal,,,,,,,,,,,,,,,,,,,,,,,,,,,,0.04,0.90,1.79,,,4.48,
,"Thu, Jun 25",15:20 ,"Aceite de oliva (EV, PPF)",2.5,Grano,5 gr,0 gr,0 gr,5 gr,0 gr,45 kcal,,,,,,,,,,,,,,,,,,,,,,,,,,,,0.05,0.50,3.75,,,5.00,
,"Thu, Jun 25",15:20 ,Maní King Tostado Sin Piel Sin Sodio (1 cda sop),0.65,Fruto Seco,10 gr,3 gr,1 gr,5 gr,1 gr,58 kcal,,,,,,,,,,,,,,,,,,,,,,,,,,,,,1.66,2.39,,,4.88,
,"Thu, Jun 25",15:20 ,Nuez (1),2,Fruto Seco,8 gr,1 gr,1 gr,5 gr,0 gr,54 kcal,,,,,,,,,,,,,,,,,,,,,,,,,,,,0.51,2.60,1.12,,,5.10,
,"Thu, Jun 25",15:20 ,Pan Integral D&D,2,Grano,50 gr,4 gr,24 gr,1 gr,3 gr,116 kcal,,,,,,,,,,,,,,,,,,,,,,,,,,,,,,,,,,
,"Thu, Jun 25",15:20 ,Queso Unt. Finlandia Light,2,Lácteo,20 gr,2 gr,1 gr,3 gr,0 gr,38 kcal,,,,,,,,,,,,,,,,,,,,,,,,,,,,0.03,0.09,0.85,0.12,0.21,1.64,
,"Thu, Jun 25",15:20 ,Vauquita,1,Carb,25 gr,2 gr,14 gr,1 gr,1 gr,68 kcal,,,,,,,,,,,,,,,,,,,,,,,,,,,,,,,,,,
,"Thu, Jun 25",17:20 ,Vainillas Bimbo,2,Carb,24 gr,2 gr,18 gr,1 gr,0 gr,90 kcal,02:00,,,,,,,,,,,,,,,,,,,,,,,,,,,,,,,,,
,"Thu, Jun 25",20:30 ,Banana,1,Fruta,103 gr,1 gr,24 gr,0 gr,3 gr,92 kcal,03:10,,,,,,,,,,,,,,,,,,,,,,,,,,,,,,,,,
,"Thu, Jun 25",20:30 ,Avena Granix Instnatánea (2 cdas),1,Grano,30 gr,4 gr,18 gr,2 gr,3 gr,107 kcal,,,,,,,,,,,,,,,,,,,,,,,,,,,,,,,,,,
,"Thu, Jun 25",20:30 ,Maní King Tostado Sin Piel Sin Sodio (1 cda sop),0.5,Fruto Seco,8 gr,2 gr,1 gr,4 gr,1 gr,45 kcal,,,,,,,,,,,,,,,,,,,,,,,,,,,,,1.28,1.84,,,3.75,
,"Thu, Jun 25",20:30 ,Nuez (1),2,Fruto Seco,8 gr,1 gr,1 gr,5 gr,0 gr,54 kcal,,,,,,,,,,,,,,,,,,,,,,,,,,,,0.51,2.60,1.12,,,5.10,
,"Thu, Jun 25",20:30 ,"Ena Protein Bar, Banana Split",1,Procesado,46 gr,12 gr,27 gr,5 gr,1 gr,204 kcal,,,,,,96 gr,222 gr,66 gr,26 gr,"1,839 kcal",1184 gr,,115 gr,100 gr,124 gr,35 gr,2000 kcal,2 gr,14 gr,21 gr,0 gr,0 gr,49 gr,0 gr,38 gr,50 gr,2:14,,,,,,,
,"Fri, Jun 26",10:15 ,Pan Integral D&D,2.7,Grano,68 gr,5 gr,32 gr,2 gr,3 gr,157 kcal,13:45,,,,,,,,,,,,,,,,,,,,,,,,,,,,,,,,,
,"Fri, Jun 26",10:15 ,Palta,0.2,Fruta,32 gr,1 gr,3 gr,5 gr,2 gr,51 kcal,,,,,,,,,,,,,,,,,,,,,,,,,,,,0.05,0.66,3.33,,,4.69,
,"Fri, Jun 26",10:15 ,Queso Unt. Finlandia Light,2,Lácteo,20 gr,2 gr,1 gr,3 gr,0 gr,38 kcal,,,,,,,,,,,,,,,,,,,,,,,,,,,,0.03,0.09,0.85,0.12,0.21,1.64,
,"Fri, Jun 26",10:15 ,Huevo,0.9,Proteína,59 gr,7 gr,0 gr,7 gr,0 gr,91 kcal,,,,,,,,,,,,,,,,,,,,,,,,,,,,0.14,1.10,2.62,,,6.90,
,"Fri, Jun 26",10:15 ,Café,1,Infusión,0 gr,0 gr,0 gr,0 gr,0 gr,0 kcal,,,,,,,,,,,,,,,,,,,,,,,,,,,,,,,,,,
,"Fri, Jun 26",10:15 ,"Leche, Protein",0.5,Lácteo,50 gr,2 gr,2 gr,0 gr,0 gr,19 kcal,,,,,,,,,,,,,,,,,,,,,,,,,,,,,,,,,,
,"Fri, Jun 26",10:15 ,Miel (1 cda),1,Carb,10 gr,0 gr,7 gr,0 gr,0 gr,28 kcal,,,,,,,,,,,,,,,,,,,,,,,,,,,,,,,,,,
,"Fri, Jun 26",10:15 ,"Frutigran, Salvado",2,Procesado,30 gr,2 gr,19 gr,4 gr,3 gr,122 kcal,,,,,,,,,,,,,,,,,,,,,,,,,,,,,,,,,,
,"Fri, Jun 26",10:15 ,Nuez (1),2,Fruto Seco,8 gr,1 gr,1 gr,5 gr,0 gr,54 kcal,,,,,,,,,,,,,,,,,,,,,,,,,,,,0.51,2.60,1.12,,,5.10,
,"Fri, Jun 26",10:15 ,Vitaminas,1,Complemento,0 gr,0 gr,0 gr,0 gr,0 gr,0 kcal,,,,,,,,,,,,,,,,,,,,,,,,,,,,,,,,,,
,"Fri, Jun 26",14:15 ,Pollo (1 pechuga),0.7,Proteína,208 gr,59 gr,0 gr,7 gr,0 gr,314 kcal,04:00,,,,,,,,,,,,,,,,,,,,,,,,,,,0.07,1.33,2.66,,,6.66,
,"Fri, Jun 26",14:15 ,Tomate,2,Verdura,263 gr,2 gr,10 gr,1 gr,3 gr,47 kcal,,,,,,,,,,,,,,,,,,,,,,,,,,,,,,,,,,
,"Fri, Jun 26",14:15 ,Pan Integral D&D,2,Grano,50 gr,4 gr,24 gr,1 gr,3 gr,116 kcal,,,,,,,,,,,,,,,,,,,,,,,,,,,,,,,,,,
,"Fri, Jun 26",14:15 ,Queso Unt. Finlandia Light,2,Lácteo,20 gr,2 gr,1 gr,3 gr,0 gr,38 kcal,,,,,,,,,,,,,,,,,,,,,,,,,,,,0.03,0.09,0.85,0.12,0.21,1.64,
,"Fri, Jun 26",14:15 ,Bombón de dulce de membrillo Profecía,1,Carb,30 gr,0 gr,23 gr,0 gr,0 gr,92 kcal,,,,,,,,,,,,,,,,,,,,,,,,,,,,,,,,,,
,"Fri, Jun 26",17:10 ,Café,1,Infusión,0 gr,0 gr,0 gr,0 gr,0 gr,0 kcal,02:55,,,,,,,,,,,,,,,,,,,,,,,,,,,,,,,,,
,"Fri, Jun 26",17:10 ,Miel (1 cda),1,Carb,10 gr,0 gr,7 gr,0 gr,0 gr,28 kcal,,,,,,,,,,,,,,,,,,,,,,,,,,,,,,,,,,
,"Fri, Jun 26",17:10 ,"Leche, Protein",1,Lácteo,100 gr,5 gr,5 gr,0 gr,0 gr,37 kcal,,,,,,,,,,,,,,,,,,,,,,,,,,,,,,,,,,
,"Fri, Jun 26",17:10 ,"Frutigran, Salvado",2,Procesado,30 gr,2 gr,19 gr,4 gr,3 gr,122 kcal,,,,,,,,,,,,,,,,,,,,,,,,,,,,,,,,,,
,"Fri, Jun 26",17:10 ,Nuez (1),2,Fruto Seco,8 gr,1 gr,1 gr,5 gr,0 gr,54 kcal,,,,,,,,,,,,,,,,,,,,,,,,,,,,0.51,2.60,1.12,,,5.10,
,"Fri, Jun 26",19:30 ,Café,1,Infusión,0 gr,0 gr,0 gr,0 gr,0 gr,0 kcal,02:20,,,,,,,,,,,,,,,,,,,,,,,,,,,,,,,,,
,"Fri, Jun 26",19:30 ,"Leche, Protein",1,Lácteo,100 gr,5 gr,5 gr,0 gr,0 gr,37 kcal,,,,,,,,,,,,,,,,,,,,,,,,,,,,,,,,,,
,"Fri, Jun 26",19:30 ,Miel (1 cda),1,Carb,10 gr,0 gr,7 gr,0 gr,0 gr,28 kcal,,,,,,,,,,,,,,,,,,,,,,,,,,,,,,,,,,
,"Fri, Jun 26",19:30 ,"Frutigran, Salvado",2,Procesado,30 gr,2 gr,19 gr,4 gr,3 gr,122 kcal,,,,,,,,,,,,,,,,,,,,,,,,,,,,,,,,,,
,"Fri, Jun 26",21:05 ,Banana,1,Fruta,117 gr,1 gr,27 gr,0 gr,3 gr,104 kcal,01:35,,,,,,,,,,,,,,,,,,,,,,,,,,,,,,,,,
,"Fri, Jun 26",21:05 ,"Yogurt, Ser",1,Lácteo,190 gr,9 gr,11 gr,0 gr,0 gr,80 kcal,,,,,,,,,,,,,,,,,,,,,,,,,,,,,,,,,,
,"Fri, Jun 26",21:05 ,Avena Granix Instnatánea (2 cdas),1,Grano,30 gr,4 gr,18 gr,2 gr,3 gr,107 kcal,,,,,,,,,,,,,,,,,,,,,,,,,,,,,,,,,,
,"Fri, Jun 26",21:05 ,Maní King Tostado Sin Piel Sin Sodio (1 cda sop),0.5,Fruto Seco,8 gr,2 gr,1 gr,4 gr,1 gr,45 kcal,,,,,,,,,,,,,,,,,,,,,,,,,,,,,1.28,1.84,,,3.75,
,"Fri, Jun 26",21:05 ,Nuez (1),2,Fruto Seco,8 gr,1 gr,1 gr,5 gr,0 gr,54 kcal,,,,,,121 gr,243 gr,61 gr,27 gr,"1,982 kcal",1488 gr,,115 gr,100 gr,124 gr,35 gr,2000 kcal,2 gr,12 gr,16 gr,0 gr,0 gr,41 gr,0 gr,30 gr,41 gr,2:12,0.51,2.60,1.12,,,5.10,
,"Sat, Jun 27",9:20 ,Café,1,Infusión,0 gr,0 gr,0 gr,0 gr,0 gr,0 kcal,12:15,,,,,,,,,,,,,,,,,,,,,,,,,,,,,,,,,
,"Sat, Jun 27",9:20 ,Miel (1 cda),1,Carb,10 gr,0 gr,7 gr,0 gr,0 gr,28 kcal,,,,,,,,,,,,,,,,,,,,,,,,,,,,,,,,,,
,"Sat, Jun 27",9:20 ,"Leche, Protein",0.4,Lácteo,40 gr,2 gr,2 gr,0 gr,0 gr,15 kcal,,,,,,,,,,,,,,,,,,,,,,,,,,,,,,,,,,
,"Sat, Jun 27",9:20 ,Queso Unt. Finlandia Light,3,Lácteo,30 gr,3 gr,2 gr,4 gr,0 gr,57 kcal,,,,,,,,,,,,,,,,,,,,,,,,,,,,0.04,0.13,1.28,0.18,0.31,2.46,
,"Sat, Jun 27",9:20 ,Tostadas de arroz Leiva,3,Procesado,30 gr,2 gr,25 gr,0 gr,0 gr,109 kcal,,,,,,,,,,,,,,,,,,,,,,,,,,,,,,,,,,
,"Sat, Jun 27",9:20 ,"Galletitas Integra, maní & almendras (1 un)",1,Carb,12 gr,2 gr,7 gr,2 gr,2 gr,47 kcal,,,,,,,,,,,,,,,,,,,,,,,,,,,,,,,,,,
,"Sat, Jun 27",15:00 ,Pollo (1 pechuga),0.7,Proteína,195 gr,56 gr,0 gr,6 gr,0 gr,294 kcal,05:40,,,,,,,,,,,,,,,,,,,,,,,,,,,0.06,1.25,2.50,,,6.24,
,"Sat, Jun 27",15:00 ,Lentejas,0.45,Carb,70 gr,5 gr,11 gr,1 gr,3 gr,65 kcal,,,,,,,,,,,,,,,,,,,,,,,,,,,,,,,,,,
,"Sat, Jun 27",15:00 ,Cebolla,1.3,Verdura,182 gr,2 gr,18 gr,0 gr,3 gr,76 kcal,,,,,,,,,,,,,,,,,,,,,,,,,,,,,,,,,,
,"Sat, Jun 27",15:00 ,Ají,1.4,Verdura,70 gr,1 gr,3 gr,0 gr,0 gr,13 kcal,,,,,,,,,,,,,,,,,,,,,,,,,,,,,,,,,,
,"Sat, Jun 27",15:00 ,Arroz Integral,1.25,Grano,50 gr,1 gr,11 gr,0 gr,1 gr,55 kcal,,,,,,,,,,,,,,,,,,,,,,,,,,,,,,,,,,
,"Sat, Jun 27",15:00 ,Pan Integral D&D,2.5,Grano,63 gr,5 gr,30 gr,2 gr,3 gr,145 kcal,,,,,,,,,,,,,,,,,,,,,,,,,,,,,,,,,,
,"Sat, Jun 27",15:00 ,Queso Unt. Finlandia Light,2.5,Lácteo,25 gr,2 gr,1 gr,4 gr,0 gr,48 kcal,,,,,,,,,,,,,,,,,,,,,,,,,,,,0.04,0.11,1.06,0.15,0.26,2.05,
,"Sat, Jun 27",15:00 ,Maní King Tostado Sin Piel Sin Sodio (1 cda sop),0.6,Fruto Seco,9 gr,2 gr,1 gr,5 gr,1 gr,54 kcal,,,,,,,,,,,,,,,,,,,,,,,,,,,,,1.53,2.21,,,4.50,
,"Sat, Jun 27",15:00 ,Nuez (1),2,Fruto Seco,8 gr,1 gr,1 gr,5 gr,0 gr,54 kcal,,,,,,,,,,,,,,,,,,,,,,,,,,,,0.51,2.60,1.12,,,5.10,
,"Sat, Jun 27",15:00 ,"Aceite de oliva (EV, PPF)",3,Grano,6 gr,0 gr,0 gr,6 gr,0 gr,54 kcal,,,,,,,,,,,,,,,,,,,,,,,,,,,,0.06,0.60,4.50,,,6.00,
,"Sat, Jun 27",15:00 ,Vitaminas,1,Complemento,0 gr,0 gr,0 gr,0 gr,0 gr,0 kcal,,,,,,,,,,,,,,,,,,,,,,,,,,,,,,,,,,
,"Sat, Jun 27",15:00 ,Vauquita,1,Carb,25 gr,2 gr,14 gr,1 gr,1 gr,68 kcal,,,,,,,,,,,,,,,,,,,,,,,,,,,,,,,,,,
,"Sat, Jun 27",19:00 ,Café,1,Infusión,0 gr,0 gr,0 gr,0 gr,0 gr,0 kcal,04:00,,,,,,,,,,,,,,,,,,,,,,,,,,,,,,,,,
,"Sat, Jun 27",19:00 ,Miel (1 cda),1,Carb,10 gr,0 gr,7 gr,0 gr,0 gr,28 kcal,,,,,,,,,,,,,,,,,,,,,,,,,,,,,,,,,,
,"Sat, Jun 27",19:00 ,"Leche, Protein",1,Lácteo,100 gr,5 gr,5 gr,0 gr,0 gr,37 kcal,,,,,,,,,,,,,,,,,,,,,,,,,,,,,,,,,,
,"Sat, Jun 27",19:00 ,"Frutigran, Salvado",1,Procesado,15 gr,1 gr,10 gr,2 gr,1 gr,61 kcal,,,,,,,,,,,,,,,,,,,,,,,,,,,,,,,,,,
,"Sat, Jun 27",22:30 ,Pan Francés,2,Grano,120 gr,13 gr,62 gr,3 gr,3 gr,326 kcal,03:30,,,,,,,,,,,,,,,,,,,,,,,,,,,,,,,,,
,"Sat, Jun 27",22:30 ,"Vaca, Vacío (1 corte)",0.2,Proteína,60 gr,11 gr,0 gr,10 gr,0 gr,144 kcal,,,,,,,,,,,,,,,,,,,,,,,,,,,,0.10,0.41,4.28,,,5.10,
,"Sat, Jun 27",22:30 ,Cerdo (1 corte),0.4,Proteína,120 gr,33 gr,0 gr,20 gr,0 gr,325 kcal,,,,,,,,,,,,,,,,,,,,,,,,,,,,0.20,2.04,9.18,,,20.40,
,"Sat, Jun 27",22:30 ,Alfajorcito de Maizena,3,Carb,120 gr,7 gr,76 gr,16 gr,2 gr,477 kcal,,,,,,154 gr,293 gr,86 gr,21 gr,"2,579 kcal",1370 gr,,115 gr,100 gr,124 gr,35 gr,2000 kcal,1 gr,9 gr,26 gr,0 gr,1 gr,52 gr,0 gr,36 gr,53 gr,1:9,,,,,,,
,"Sun, Jun 28",10:30 ,Café,1,Infusión,0 gr,0 gr,0 gr,0 gr,0 gr,0 kcal,12:00,,,,,,,,,,,,,,,,,,,,,,,,,,,,,,,,,
,"Sun, Jun 28",10:30 ,Miel (1 cda),1,Carb,10 gr,0 gr,7 gr,0 gr,0 gr,28 kcal,,,,,,,,,,,,,,,,,,,,,,,,,,,,,,,,,,
,"Sun, Jun 28",10:30 ,"Leche, Protein",1,Lácteo,100 gr,5 gr,5 gr,0 gr,0 gr,37 kcal,,,,,,,,,,,,,,,,,,,,,,,,,,,,,,,,,,
,"Sun, Jun 28",10:30 ,Pan Integral D&D,2,Grano,50 gr,4 gr,24 gr,1 gr,3 gr,116 kcal,,,,,,,,,,,,,,,,,,,,,,,,,,,,,,,,,,
,"Sun, Jun 28",10:30 ,Palta,0.2,Fruta,33 gr,1 gr,3 gr,5 gr,2 gr,53 kcal,,,,,,,,,,,,,,,,,,,,,,,,,,,,0.05,0.68,3.43,,,4.84,
,"Sun, Jun 28",10:30 ,Queso Unt. Finlandia Light,2,Lácteo,20 gr,2 gr,1 gr,3 gr,0 gr,38 kcal,,,,,,,,,,,,,,,,,,,,,,,,,,,,0.03,0.09,0.85,0.12,0.21,1.64,
,"Sun, Jun 28",10:30 ,Nuez (1),2,Fruto Seco,8 gr,1 gr,1 gr,5 gr,0 gr,54 kcal,,,,,,,,,,,,,,,,,,,,,,,,,,,,0.51,2.60,1.12,,,5.10,
,"Sun, Jun 28",10:30 ,"Frutigran, Salvado",2,Procesado,30 gr,2 gr,19 gr,4 gr,3 gr,122 kcal,,,,,,,,,,,,,,,,,,,,,,,,,,,,,,,,,,
,"Sun, Jun 28",10:30 ,Vitaminas,1,Complemento,0 gr,0 gr,0 gr,0 gr,0 gr,0 kcal,,,,,,,,,,,,,,,,,,,,,,,,,,,,,,,,,,
,"Sun, Jun 28",12:30 ,Banana,1,Fruta,104 gr,1 gr,24 gr,0 gr,3 gr,93 kcal,02:00,,,,,,,,,,,,,,,,,,,,,,,,,,,,,,,,,
,"Sun, Jun 28",12:30 ,Avena Granix Instnatánea (2 cdas),1,Grano,30 gr,4 gr,18 gr,2 gr,3 gr,107 kcal,,,,,,,,,,,,,,,,,,,,,,,,,,,,,,,,,,
,"Sun, Jun 28",12:30 ,Maní King Tostado Sin Piel Sin Sodio (1 cda sop),1,Fruto Seco,15 gr,4 gr,2 gr,8 gr,1 gr,89 kcal,,,,,,,,,,,,,,,,,,,,,,,,,,,,,2.55,3.68,,,7.50,
,"Sun, Jun 28",12:30 ,"Yogurt, Ser",1,Lácteo,190 gr,9 gr,11 gr,0 gr,0 gr,80 kcal,,,,,,,,,,,,,,,,,,,,,,,,,,,,,,,,,,
,"Sun, Jun 28",12:30 ,Almendra (1),0.7,Fruto Seco,5 gr,1 gr,0 gr,3 gr,1 gr,28 kcal,,,,,,,,,,,,,,,,,,,,,,,,,,,,,0.47,1.91,,,2.62,
,"Sun, Jun 28",14:55 ,Pan Integral D&D,2,Grano,50 gr,4 gr,24 gr,1 gr,3 gr,116 kcal,02:25,,,,,,,,,,,,,,,,,,,,,,,,,,,,,,,,,
,"Sun, Jun 28",14:55 ,Palta,0.2,Fruta,35 gr,1 gr,3 gr,5 gr,2 gr,56 kcal,,,,,,,,,,,,,,,,,,,,,,,,,,,,0.05,0.72,3.64,,,5.13,
,"Sun, Jun 28",14:55 ,Queso Unt. Finlandia Light,2,Lácteo,20 gr,2 gr,1 gr,3 gr,0 gr,38 kcal,,,,,,,,,,,,,,,,,,,,,,,,,,,,0.03,0.09,0.85,0.12,0.21,1.64,
,"Sun, Jun 28",14:55 ,Huevo,1,Proteína,56 gr,7 gr,0 gr,7 gr,0 gr,87 kcal,,,,,,,,,,,,,,,,,,,,,,,,,,,,0.13,1.06,2.51,,,6.61,
,"Sun, Jun 28",14:55 ,Te,1,Infusión,0 gr,0 gr,0 gr,0 gr,0 gr,0 kcal,,,,,,,,,,,,,,,,,,,,,,,,,,,,,,,,,,
,"Sun, Jun 28",14:55 ,Miel (1 cda),1,Carb,10 gr,0 gr,7 gr,0 gr,0 gr,28 kcal,,,,,,,,,,,,,,,,,,,,,,,,,,,,,,,,,,
,"Sun, Jun 28",14:55 ,Bombón de dulce de membrillo Profecía,1,Carb,30 gr,0 gr,23 gr,0 gr,0 gr,92 kcal,,,,,,,,,,,,,,,,,,,,,,,,,,,,,,,,,,
,"Sun, Jun 28",14:55 ,"Frutigran, Salvado",3,Procesado,45 gr,4 gr,29 gr,6 gr,4 gr,182 kcal,,,,,,,,,,,,,,,,,,,,,,,,,,,,,,,,,,
,"Sun, Jun 28",17:30 ,Manzana,1,Fruta,180 gr,1 gr,34 gr,0 gr,5 gr,130 kcal,02:35,,,,,,,,,,,,,,,,,,,,,,,,,,,,,,,,,
,"Sun, Jun 28",18:45 ,Café,1,Infusión,0 gr,0 gr,0 gr,0 gr,0 gr,0 kcal,01:15,,,,,,,,,,,,,,,,,,,,,,,,,,,,,,,,,
,"Sun, Jun 28",18:45 ,"Leche, Protein",1,Lácteo,100 gr,5 gr,5 gr,0 gr,0 gr,37 kcal,,,,,,,,,,,,,,,,,,,,,,,,,,,,,,,,,,
,"Sun, Jun 28",18:45 ,Miel (1 cda),1,Carb,10 gr,0 gr,7 gr,0 gr,0 gr,28 kcal,,,,,,,,,,,,,,,,,,,,,,,,,,,,,,,,,,
,"Sun, Jun 28",18:45 ,"Frutigran, Salvado",2,Procesado,30 gr,2 gr,19 gr,4 gr,3 gr,122 kcal,,,,,,,,,,,,,,,,,,,,,,,,,,,,,,,,,,
,"Sun, Jun 28",22:15 ,Huevo,1,Proteína,65 gr,8 gr,0 gr,8 gr,0 gr,101 kcal,03:30,,,,,,,,,,,,,,,,,,,,,,,,,,,0.15,1.23,2.91,,,7.67,
,"Sun, Jun 28",22:15 ,Pan Integral D&D,2,Grano,50 gr,4 gr,24 gr,1 gr,3 gr,116 kcal,,,,,,,,,,,,,,,,,,,,,,,,,,,,,,,,,,
,"Sun, Jun 28",22:15 ,Queso Unt. Finlandia Light,2,Lácteo,20 gr,2 gr,1 gr,3 gr,0 gr,38 kcal,,,,,,,,,,,,,,,,,,,,,,,,,,,,0.03,0.09,0.85,0.12,0.21,1.64,
,"Sun, Jun 28",22:15 ,Whey Protein Bar Chocolate,1,Procesado,65 gr,21 gr,24 gr,10 gr,1 gr,249 kcal,,,,,,93 gr,315 gr,78 gr,36 gr,"2,264 kcal",1361 gr,,115 gr,100 gr,124 gr,35 gr,2000 kcal,1 gr,10 gr,22 gr,0 gr,1 gr,44 gr,0 gr,32 gr,45 gr,1:10,,,,,,,
,"Mon, Jun 29",10:00 ,Pan Integral D&D,2,Grano,50 gr,4 gr,24 gr,1 gr,3 gr,116 kcal,11:45,,,,,,,,,,,,,,,,,,,,,,,,,,,,,,,,,
,"Mon, Jun 29",10:00 ,Huevo,1,Proteína,65 gr,8 gr,0 gr,8 gr,0 gr,101 kcal,,,,,,,,,,,,,,,,,,,,,,,,,,,,0.15,1.23,2.91,,,7.67,
,"Mon, Jun 29",10:00 ,Queso Unt. Finlandia Light,2,Lácteo,20 gr,2 gr,1 gr,3 gr,0 gr,38 kcal,,,,,,,,,,,,,,,,,,,,,,,,,,,,0.03,0.09,0.85,0.12,0.21,1.64,
,"Mon, Jun 29",10:00 ,Café,1,Infusión,0 gr,0 gr,0 gr,0 gr,0 gr,0 kcal,,,,,,,,,,,,,,,,,,,,,,,,,,,,,,,,,,
,"Mon, Jun 29",10:00 ,Miel (1 cda),1,Carb,10 gr,0 gr,7 gr,0 gr,0 gr,28 kcal,,,,,,,,,,,,,,,,,,,,,,,,,,,,,,,,,,
,"Mon, Jun 29",10:00 ,"Leche, Protein",0.5,Lácteo,50 gr,2 gr,2 gr,0 gr,0 gr,19 kcal,,,,,,,,,,,,,,,,,,,,,,,,,,,,,,,,,,
,"Mon, Jun 29",10:00 ,Nuez (1),2,Fruto Seco,8 gr,1 gr,1 gr,5 gr,0 gr,54 kcal,,,,,,,,,,,,,,,,,,,,,,,,,,,,0.51,2.60,1.12,,,5.10,
,"Mon, Jun 29",10:00 ,"Frutigran, Salvado",2,Procesado,30 gr,2 gr,19 gr,4 gr,3 gr,122 kcal,,,,,,,,,,,,,,,,,,,,,,,,,,,,,,,,,,
,"Mon, Jun 29",14:40,Zucchini,0.4,Verdura,198 gr,2 gr,7 gr,0 gr,2 gr,34 kcal,04:40,,,,,,,,,,,,,,,,,,,,,,,,,,,,,,,,,
,"Mon, Jun 29",14:40 ,Lentejas,0.5,Carb,155 gr,10 gr,25 gr,2 gr,7 gr,144 kcal,,,,,,,,,,,,,,,,,,,,,,,,,,,,,,,,,,
,"Mon, Jun 29",14:40 ,Ají,0.3,Verdura,52 gr,1 gr,2 gr,0 gr,0 gr,9 kcal,,,,,,,,,,,,,,,,,,,,,,,,,,,,,,,,,,
,"Mon, Jun 29",14:40 ,Arroz Integral,1,Grano,40 gr,1 gr,9 gr,0 gr,1 gr,44 kcal,,,,,,,,,,,,,,,,,,,,,,,,,,,,,,,,,,
,"Mon, Jun 29",14:40 ,Pollo (1 pechuga),0.6,Proteína,194 gr,55 gr,0 gr,6 gr,0 gr,293 kcal,,,,,,,,,,,,,,,,,,,,,,,,,,,,0.06,1.24,2.48,,,6.21,
,"Mon, Jun 29",14:40 ,"Aceite de oliva (EV, PPF)",3,Grano,6 gr,0 gr,0 gr,6 gr,0 gr,54 kcal,,,,,,,,,,,,,,,,,,,,,,,,,,,,0.06,0.60,4.50,,,6.00,
,"Mon, Jun 29",14:40 ,Nuez (1),2,Fruto Seco,8 gr,1 gr,1 gr,5 gr,0 gr,54 kcal,,,,,,,,,,,,,,,,,,,,,,,,,,,,0.51,2.60,1.12,,,5.10,
,"Mon, Jun 29",14:40 ,Vitamina D,1,Complemento,0 gr,0 gr,0 gr,0 gr,0 gr,0 kcal,,,,,,,,,,,,,,,,,,,,,,,,,,,,,,,,,,
,"Mon, Jun 29",16:15 ,Café,1,Infusión,0 gr,0 gr,0 gr,0 gr,0 gr,0 kcal,01:35,,,,,,,,,,,,,,,,,,,,,,,,,,,,,,,,,
,"Mon, Jun 29",16:15 ,Miel (1 cda),1,Carb,10 gr,0 gr,7 gr,0 gr,0 gr,28 kcal,,,,,,,,,,,,,,,,,,,,,,,,,,,,,,,,,,
,"Mon, Jun 29",16:15 ,"Leche, Protein",1,Lácteo,100 gr,5 gr,5 gr,0 gr,0 gr,37 kcal,,,,,,,,,,,,,,,,,,,,,,,,,,,,,,,,,,
,"Mon, Jun 29",16:15 ,"Frutigran, Salvado",3,Procesado,45 gr,4 gr,29 gr,6 gr,4 gr,182 kcal,,,,,,,,,,,,,,,,,,,,,,,,,,,,,,,,,,
,"Mon, Jun 29",16:15 ,"Chocolate Colonial, amargo dietético 70%",2,Carb,14 gr,2 gr,7 gr,5 gr,1 gr,69 kcal,,,,,,,,,,,,,,,,,,,,,,,,,,,,,0.14,1.57,,,4.76,
,"Mon, Jun 29",16:15 ,Nuez (1),1.2,Fruto Seco,5 gr,1 gr,1 gr,3 gr,0 gr,32 kcal,,,,,,,,,,,,,,,,,,,,,,,,,,,,0.31,1.56,0.67,,,3.06,
,"Mon, Jun 29",19:30 ,Banana,1,Fruta,150 gr,2 gr,35 gr,0 gr,4 gr,134 kcal,03:15,,,,,,,,,,,,,,,,,,,,,,,,,,,,,,,,,
,"Mon, Jun 29",19:30 ,Yogurt Griego Yogusísimo (140g),1,Lácteo,140 gr,9 gr,12 gr,4 gr,0 gr,115 kcal,,,,,,,,,,,,,,,,,,,,,,,,,,,,,,,,,,
,"Mon, Jun 29",19:30 ,Avena Granix Instnatánea (2 cdas),1,Grano,30 gr,4 gr,18 gr,2 gr,3 gr,107 kcal,,,,,,,,,,,,,,,,,,,,,,,,,,,,,,,,,,
,"Mon, Jun 29",19:30 ,Pasta de maní King natural,1.3,Fruto Seco,20 gr,5 gr,2 gr,10 gr,2 gr,114 kcal,,,,,,,,,,,,,,,,,,,,,,,,,,,,,3.25,4.68,,,9.56,
,"Mon, Jun 29",19:30 ,Almendra (1),1,Fruto Seco,7 gr,1 gr,0 gr,4 gr,1 gr,40 kcal,,,,,,,,,,,,,,,,,,,,,,,,,,,,,0.67,2.73,,,3.75,
,"Mon, Jun 29",20:50 ,Te,1,Infusión,0 gr,0 gr,0 gr,0 gr,0 gr,0 kcal,01:20,,,,,,,,,,,,,,,,,,,,,,,,,,,,,,,,,
,"Mon, Jun 29",20:50 ,Miel (1 cda),1,Carb,10 gr,0 gr,7 gr,0 gr,0 gr,28 kcal,,,,,,,,,,,,,,,,,,,,,,,,,,,,,,,,,,
,"Mon, Jun 29",20:50 ,"Medallón de chocolate con menta, Benot",1,Procesado,14 gr,0 gr,10 gr,1 gr,1 gr,35 kcal,,,,,,121 gr,229 gr,75 gr,33 gr,"2,031 kcal",1430 gr,,115 gr,100 gr,124 gr,35 gr,2000 kcal,2 gr,14 gr,23 gr,0 gr,0 gr,54 gr,0 gr,39 gr,54 gr,2:14,,0.04,0.42,,,1.26,
,"Tue, Jun 30",10:15 ,Pan Integral D&D,2,Grano,50 gr,4 gr,24 gr,1 gr,3 gr,116 kcal,13:25,,,,,,,,,,,,,,,,,,,,,,,,,,,,,,,,,
,"Tue, Jun 30",10:15 ,Queso Unt. Finlandia Light,2,Lácteo,20 gr,2 gr,1 gr,3 gr,0 gr,38 kcal,,,,,,,,,,,,,,,,,,,,,,,,,,,,0.03,0.09,0.85,0.12,0.21,1.64,
,"Tue, Jun 30",10:15 ,Palta,0.3,Fruta,48 gr,1 gr,4 gr,7 gr,3 gr,77 kcal,,,,,,,,,,,,,,,,,,,,,,,,,,,,0.07,0.99,5.00,,,7.04,
,"Tue, Jun 30",10:15 ,Café,1,Infusión,0 gr,0 gr,0 gr,0 gr,0 gr,0 kcal,,,,,,,,,,,,,,,,,,,,,,,,,,,,,,,,,,
,"Tue, Jun 30",10:15 ,Miel (1 cda),1,Carb,10 gr,0 gr,7 gr,0 gr,0 gr,28 kcal,,,,,,,,,,,,,,,,,,,,,,,,,,,,,,,,,,
,"Tue, Jun 30",10:15 ,"Leche, Protein",0.5,Lácteo,50 gr,2 gr,2 gr,0 gr,0 gr,19 kcal,,,,,,,,,,,,,,,,,,,,,,,,,,,,,,,,,,
,"Tue, Jun 30",10:15 ,Vainillas Bimbo,3,Carb,36 gr,2 gr,26 gr,2 gr,0 gr,134 kcal,,,,,,,,,,,,,,,,,,,,,,,,,,,,,,,,,,
,"Tue, Jun 30",10:15 ,Nuez (1),2,Fruto Seco,8 gr,1 gr,1 gr,5 gr,0 gr,54 kcal,,,,,,,,,,,,,,,,,,,,,,,,,,,,0.51,2.60,1.12,,,5.10,
,"Tue, Jun 30",10:15 ,"Chocolate Colonial, amargo dietético 70%",0.7,Carb,5 gr,1 gr,2 gr,2 gr,0 gr,24 kcal,,,,,,,,,,,,,,,,,,,,,,,,,,,,,0.05,0.55,,,1.67,
,"Tue, Jun 30",14:40 ,"Vaca, cuadril",1.5,Proteína,139 gr,31 gr,0 gr,10 gr,0 gr,209 kcal,04:25,,,,,,,,,,,,,,,,,,,,,,,,,,,0.10,0.39,4.09,,,4.87,
,"Tue, Jun 30",14:40 ,Tomate,2,Verdura,217 gr,2 gr,9 gr,0 gr,3 gr,39 kcal,,,,,,,,,,,,,,,,,,,,,,,,,,,,,,,,,,
,"Tue, Jun 30",14:40 ,Pan Integral D&D,2,Grano,50 gr,4 gr,24 gr,1 gr,3 gr,116 kcal,,,,,,,,,,,,,,,,,,,,,,,,,,,,,,,,,,
,"Tue, Jun 30",14:40 ,Queso Unt. Finlandia Light,2,Lácteo,20 gr,2 gr,1 gr,3 gr,0 gr,38 kcal,,,,,,,,,,,,,,,,,,,,,,,,,,,,0.03,0.09,0.85,0.12,0.21,1.64,
,"Tue, Jun 30",14:40 ,"Medallón de chocolate con menta, Benot",1,Procesado,14 gr,0 gr,10 gr,1 gr,1 gr,35 kcal,,,,,,,,,,,,,,,,,,,,,,,,,,,,,0.04,0.42,,,1.26,
,"Tue, Jun 30",17:25 ,Café,1,Infusión,0 gr,0 gr,0 gr,0 gr,0 gr,0 kcal,02:45,,,,,,,,,,,,,,,,,,,,,,,,,,,,,,,,,
,"Tue, Jun 30",17:25 ,Miel (1 cda),1,Carb,10 gr,0 gr,7 gr,0 gr,0 gr,28 kcal,,,,,,,,,,,,,,,,,,,,,,,,,,,,,,,,,,
,"Tue, Jun 30",17:25 ,"Leche, Protein",1,Lácteo,100 gr,5 gr,5 gr,0 gr,0 gr,37 kcal,,,,,,,,,,,,,,,,,,,,,,,,,,,,,,,,,,
,"Tue, Jun 30",17:25 ,Whey Protein Bar Chocolate,1,Procesado,65 gr,21 gr,24 gr,10 gr,1 gr,249 kcal,,,,,,,,,,,,,,,,,,,,,,,,,,,,,,,,,,
,"Tue, Jun 30",20:35 ,Banana,1,Fruta,101 gr,1 gr,23 gr,0 gr,3 gr,90 kcal,03:10,,,,,,,,,,,,,,,,,,,,,,,,,,,,,,,,,
,"Tue, Jun 30",20:35 ,"Yogurt, Ser",1,Lácteo,190 gr,9 gr,11 gr,0 gr,0 gr,80 kcal,,,,,,,,,,,,,,,,,,,,,,,,,,,,,,,,,,
,"Tue, Jun 30",20:35 ,Maní King Tostado Sin Piel Sin Sodio (1 cda sop),0.5,Fruto Seco,8 gr,2 gr,1 gr,4 gr,1 gr,45 kcal,,,,,,,,,,,,,,,,,,,,,,,,,,,,,1.28,1.84,,,3.75,
,"Tue, Jun 30",20:35 ,Almendra (1),1,Fruto Seco,7 gr,1 gr,0 gr,4 gr,1 gr,40 kcal,,,,,,,,,,,,,,,,,,,,,,,,,,,,,0.67,2.73,,,3.75,
,"Tue, Jun 30",20:35 ,Avena Granix Instnatánea (2 cdas),1,Grano,30 gr,4 gr,18 gr,2 gr,3 gr,107 kcal,,,,,,94 gr,200 gr,55 gr,21 gr,"1,602 kcal",1177 gr,,115 gr,100 gr,124 gr,35 gr,2000 kcal,1 gr,6 gr,17 gr,0 gr,0 gr,31 gr,0 gr,24 gr,31 gr,1:6,,,,,,,
,"Wed, Jul 1",10:10 ,Pan Integral D&D,2,Grano,50 gr,4 gr,24 gr,1 gr,3 gr,116 kcal,13:35,,,,,,,,,,,,,,,,,,,,,,,,,,,,,,,,,
,"Wed, Jul 1",10:10 ,Queso Unt. Finlandia Light,2,Lácteo,20 gr,2 gr,1 gr,3 gr,0 gr,38 kcal,,,,,,,,,,,,,,,,,,,,,,,,,,,,0.03,0.09,0.85,0.12,0.21,1.64,
,"Wed, Jul 1",10:10 ,Palta,0.3,Fruta,48 gr,1 gr,4 gr,7 gr,3 gr,77 kcal,,,,,,,,,,,,,,,,,,,,,,,,,,,,0.07,0.99,5.00,,,7.04,
,"Wed, Jul 1",10:10 ,Huevo,1,Proteína,54 gr,6 gr,0 gr,6 gr,0 gr,84 kcal,,,,,,,,,,,,,,,,,,,,,,,,,,,,0.13,1.02,2.42,,,6.37,
,"Wed, Jul 1",10:10 ,Café,1,Infusión,0 gr,0 gr,0 gr,0 gr,0 gr,0 kcal,,,,,,,,,,,,,,,,,,,,,,,,,,,,,,,,,,
,"Wed, Jul 1",10:10 ,Miel (1 cda),1,Carb,10 gr,0 gr,7 gr,0 gr,0 gr,28 kcal,,,,,,,,,,,,,,,,,,,,,,,,,,,,,,,,,,
,"Wed, Jul 1",10:10 ,"Leche, Protein",0.5,Lácteo,50 gr,2 gr,2 gr,0 gr,0 gr,19 kcal,,,,,,,,,,,,,,,,,,,,,,,,,,,,,,,,,,
,"Wed, Jul 1",10:10 ,Vainillas Bimbo,2,Carb,24 gr,2 gr,18 gr,1 gr,0 gr,90 kcal,,,,,,,,,,,,,,,,,,,,,,,,,,,,,,,,,,
,"Wed, Jul 1",10:10 ,Nuez (1),2.2,Fruto Seco,9 gr,1 gr,1 gr,6 gr,1 gr,59 kcal,,,,,,,,,,,,,,,,,,,,,,,,,,,,0.56,2.86,1.24,,,5.61,
,"Wed, Jul 1",10:10 ,"Chocolate Colonial, amargo dietético 70%",1.5,Carb,11 gr,1 gr,5 gr,4 gr,1 gr,52 kcal,,,,,,,,,,,,,,,,,,,,,,,,,,,,,0.11,1.18,,,3.57,
,"Wed, Jul 1",14:20 ,Pollo (1 pechuga),0.7,Proteína,171 gr,49 gr,0 gr,5 gr,0 gr,258 kcal,04:10,,,,,,,,,,,,,,,,,,,,,,,,,,,0.05,1.09,2.19,,,5.47,
,"Wed, Jul 1",14:20 ,Arroz Integral,1,Grano,40 gr,1 gr,9 gr,0 gr,1 gr,44 kcal,,,,,,,,,,,,,,,,,,,,,,,,,,,,,,,,,,
,"Wed, Jul 1",14:20 ,Ají,0.4,Verdura,52 gr,1 gr,2 gr,0 gr,0 gr,9 kcal,,,,,,,,,,,,,,,,,,,,,,,,,,,,,,,,,,
,"Wed, Jul 1",14:20 ,Lentejas,0.5,Carb,92 gr,6 gr,15 gr,1 gr,4 gr,86 kcal,,,,,,,,,,,,,,,,,,,,,,,,,,,,,,,,,,
,"Wed, Jul 1",14:20 ,Champiñones,0.5,Proteína,90 gr,4 gr,3 gr,0 gr,1 gr,27 kcal,,,,,,,,,,,,,,,,,,,,,,,,,,,,,,,,,,
,"Wed, Jul 1",14:20 ,"Aceite de oliva (EV, PPF)",3,Grano,6 gr,0 gr,0 gr,6 gr,0 gr,54 kcal,,,,,,,,,,,,,,,,,,,,,,,,,,,,0.06,0.60,4.50,,,6.00,
,"Wed, Jul 1",14:20 ,Maní King Tostado Sin Piel Sin Sodio (1 cda sop),0.6,Fruto Seco,9 gr,2 gr,1 gr,5 gr,1 gr,54 kcal,,,,,,,,,,,,,,,,,,,,,,,,,,,,,1.53,2.21,,,4.50,
,"Wed, Jul 1",14:20 ,Nuez (1),2,Fruto Seco,8 gr,1 gr,1 gr,5 gr,0 gr,54 kcal,,,,,,,,,,,,,,,,,,,,,,,,,,,,0.51,2.60,1.12,,,5.10,
,"Wed, Jul 1",14:20 ,Pan Integral D&D,2,Grano,50 gr,4 gr,24 gr,1 gr,3 gr,116 kcal,,,,,,,,,,,,,,,,,,,,,,,,,,,,,,,,,,
,"Wed, Jul 1",14:20 ,Queso Unt. Finlandia Light,2,Lácteo,20 gr,2 gr,1 gr,3 gr,0 gr,38 kcal,,,,,,,,,,,,,,,,,,,,,,,,,,,,0.03,0.09,0.85,0.12,0.21,1.64,
,"Wed, Jul 1",14:20 ,Tomate,1,Verdura,151 gr,1 gr,6 gr,0 gr,2 gr,27 kcal,,,,,,,,,,,,,,,,,,,,,,,,,,,,,,,,,,
,"Wed, Jul 1",14:20 ,Vauquita bañada en chocolate,1,Carb,28 gr,2 gr,18 gr,3 gr,0 gr,102 kcal,,,,,,,,,,,,,,,,,,,,,,,,,,,,,,,,,,
,"Wed, Jul 1",17:00 ,Café,1,Infusión,0 gr,0 gr,0 gr,0 gr,0 gr,0 kcal,02:40,,,,,,,,,,,,,,,,,,,,,,,,,,,,,,,,,
,"Wed, Jul 1",17:00 ,Miel (1 cda),1,Carb,10 gr,0 gr,7 gr,0 gr,0 gr,28 kcal,,,,,,,,,,,,,,,,,,,,,,,,,,,,,,,,,,
,"Wed, Jul 1",17:00 ,"Leche, Protein",1,Lácteo,100 gr,5 gr,5 gr,0 gr,0 gr,37 kcal,,,,,,,,,,,,,,,,,,,,,,,,,,,,,,,,,,
,"Wed, Jul 1",17:00 ,Vainillas Bimbo,2,Carb,24 gr,2 gr,18 gr,1 gr,0 gr,90 kcal,,,,,,,,,,,,,,,,,,,,,,,,,,,,,,,,,,
,"Wed, Jul 1",17:00 ,Almendra (1),1,Fruto Seco,7 gr,1 gr,0 gr,4 gr,1 gr,40 kcal,,,,,,,,,,,,,,,,,,,,,,,,,,,,,0.67,2.73,,,3.75,
,"Wed, Jul 1",20:15 ,"Yogurt, Ser",1,Lácteo,190 gr,9 gr,11 gr,0 gr,0 gr,80 kcal,03:15,,,,,,,,,,,,,,,,,,,,,,,,,,,,,,,,,
,"Wed, Jul 1",20:15 ,Avena Granix Instnatánea (2 cdas),1,Grano,30 gr,4 gr,18 gr,2 gr,3 gr,107 kcal,,,,,,112 gr,200 gr,66 gr,23 gr,"1,813 kcal",1353 gr,,115 gr,100 gr,124 gr,35 gr,2000 kcal,1 gr,12 gr,24 gr,0 gr,0 gr,51 gr,0 gr,37 gr,51 gr,1:12,,,,,,,
,"Thu, Jul 2",9:45 ,Huevo,1,Proteína,58 gr,7 gr,0 gr,7 gr,0 gr,90 kcal,13:30,,,,,,,,,,,,,,,,,,,,,,,,,,,0.14,1.10,2.60,,,6.84,
,"Thu, Jul 2",9:45 ,Pan Integral D&D,2,Grano,50 gr,4 gr,24 gr,1 gr,3 gr,116 kcal,,,,,,,,,,,,,,,,,,,,,,,,,,,,,,,,,,
,"Thu, Jul 2",9:45 ,Queso Unt. Finlandia Light,2,Lácteo,20 gr,2 gr,1 gr,3 gr,0 gr,38 kcal,,,,,,,,,,,,,,,,,,,,,,,,,,,,0.03,0.09,0.85,0.12,0.21,1.64,
,"Thu, Jul 2",9:45 ,Café,1,Infusión,0 gr,0 gr,0 gr,0 gr,0 gr,0 kcal,,,,,,,,,,,,,,,,,,,,,,,,,,,,,,,,,,
,"Thu, Jul 2",9:45 ,Miel (1 cda),1,Carb,10 gr,0 gr,7 gr,0 gr,0 gr,28 kcal,,,,,,,,,,,,,,,,,,,,,,,,,,,,,,,,,,
,"Thu, Jul 2",9:45 ,"Leche, Protein",0.5,Lácteo,50 gr,2 gr,2 gr,0 gr,0 gr,19 kcal,,,,,,,,,,,,,,,,,,,,,,,,,,,,,,,,,,
,"Thu, Jul 2",9:45 ,"Chocolate Colonial, amargo dietético 70%",1,Carb,7 gr,1 gr,3 gr,2 gr,1 gr,35 kcal,,,,,,,,,,,,,,,,,,,,,,,,,,,,,0.07,0.79,,,2.38,
,"Thu, Jul 2",9:45 ,Nuez (1),2,Fruto Seco,8 gr,1 gr,1 gr,5 gr,0 gr,54 kcal,,,,,,,,,,,,,,,,,,,,,,,,,,,,0.51,2.60,1.12,,,5.10,
,"Thu, Jul 2",9:45 ,Vainillas Bimbo,2,Carb,24 gr,2 gr,18 gr,1 gr,0 gr,90 kcal,,,,,,,,,,,,,,,,,,,,,,,,,,,,,,,,,,
,"Thu, Jul 2",9:45 ,Vitaminas,1,Complemento,0 gr,0 gr,0 gr,0 gr,0 gr,0 kcal,,,,,,,,,,,,,,,,,,,,,,,,,,,,,,,,,,
,"Thu, Jul 2",9:45 ,Vitamina D,1,Complemento,0 gr,0 gr,0 gr,0 gr,0 gr,0 kcal,,,,,,,,,,,,,,,,,,,,,,,,,,,,,,,,,,
,"Thu, Jul 2",14:20 ,Pollo (1 pechuga),0.7,Proteína,189 gr,54 gr,0 gr,6 gr,0 gr,285 kcal,04:35,,,,,,,,,,,,,,,,,,,,,,,,,,,0.06,1.21,2.42,,,6.05,
,"Thu, Jul 2",14:20 ,Arroz Integral,1,Grano,40 gr,1 gr,9 gr,0 gr,1 gr,44 kcal,,,,,,,,,,,,,,,,,,,,,,,,,,,,,,,,,,
,"Thu, Jul 2",14:20 ,Ají,0.4,Verdura,52 gr,1 gr,2 gr,0 gr,0 gr,9 kcal,,,,,,,,,,,,,,,,,,,,,,,,,,,,,,,,,,
,"Thu, Jul 2",14:20 ,Lentejas,0.5,Carb,127 gr,8 gr,20 gr,1 gr,6 gr,118 kcal,,,,,,,,,,,,,,,,,,,,,,,,,,,,,,,,,,
,"Thu, Jul 2",14:20 ,Champiñones,0.5,Proteína,145 gr,6 gr,4 gr,1 gr,1 gr,44 kcal,,,,,,,,,,,,,,,,,,,,,,,,,,,,,,,,,,
,"Thu, Jul 2",14:20 ,Pan Integral D&D,2,Grano,50 gr,4 gr,24 gr,1 gr,3 gr,116 kcal,,,,,,,,,,,,,,,,,,,,,,,,,,,,,,,,,,
,"Thu, Jul 2",14:20 ,Queso Unt. Finlandia Light,2,Lácteo,20 gr,2 gr,1 gr,3 gr,0 gr,38 kcal,,,,,,,,,,,,,,,,,,,,,,,,,,,,0.03,0.09,0.85,0.12,0.21,1.64,
,"Thu, Jul 2",14:20 ,"Aceite de oliva (EV, PPF)",3,Grano,6 gr,0 gr,0 gr,6 gr,0 gr,54 kcal,,,,,,,,,,,,,,,,,,,,,,,,,,,,0.06,0.60,4.50,,,6.00,
,"Thu, Jul 2",14:20 ,Nuez (1),2,Fruto Seco,8 gr,1 gr,1 gr,5 gr,0 gr,54 kcal,,,,,,,,,,,,,,,,,,,,,,,,,,,,0.51,2.60,1.12,,,5.10,
,"Thu, Jul 2",14:20 ,Maní King Tostado Sin Piel Sin Sodio (1 cda sop),0.5,Fruto Seco,8 gr,2 gr,1 gr,4 gr,1 gr,45 kcal,,,,,,,,,,,,,,,,,,,,,,,,,,,,,1.28,1.84,,,3.75,
,"Thu, Jul 2",17:30 ,Café,1,Infusión,0 gr,0 gr,0 gr,0 gr,0 gr,0 kcal,03:10,,,,,,,,,,,,,,,,,,,,,,,,,,,,,,,,,
,"Thu, Jul 2",17:30 ,Miel (1 cda),1,Carb,10 gr,0 gr,7 gr,0 gr,0 gr,28 kcal,,,,,,,,,,,,,,,,,,,,,,,,,,,,,,,,,,
,"Thu, Jul 2",17:30 ,"Leche, Protein",1,Lácteo,100 gr,5 gr,5 gr,0 gr,0 gr,37 kcal,,,,,,,,,,,,,,,,,,,,,,,,,,,,,,,,,,
,"Thu, Jul 2",17:30 ,Vainillas Bimbo,2,Carb,24 gr,2 gr,18 gr,1 gr,0 gr,90 kcal,,,,,,,,,,,,,,,,,,,,,,,,,,,,,,,,,,
,"Thu, Jul 2",17:30 ,"Chocolate Colonial, amargo dietético 70%",1,Carb,7 gr,1 gr,3 gr,2 gr,1 gr,35 kcal,,,,,,,,,,,,,,,,,,,,,,,,,,,,,0.07,0.79,,,2.38,
,"Thu, Jul 2",20:25 ,Banana,1,Fruta,94 gr,1 gr,22 gr,0 gr,2 gr,84 kcal,02:55,,,,,,,,,,,,,,,,,,,,,,,,,,,,,,,,,
,"Thu, Jul 2",20:25 ,"Yogurt, Ser",1,Lácteo,190 gr,9 gr,11 gr,0 gr,0 gr,80 kcal,,,,,,,,,,,,,,,,,,,,,,,,,,,,,,,,,,
,"Thu, Jul 2",20:25 ,Avena Granix Instnatánea (2 cdas),1,Grano,30 gr,4 gr,18 gr,2 gr,3 gr,107 kcal,,,,,,,,,,,,,,,,,,,,,,,,,,,,,,,,,,
,"Thu, Jul 2",20:25 ,Almendra (1),1,Fruto Seco,7 gr,1 gr,0 gr,4 gr,1 gr,40 kcal,,,,,,,,,,,,,,,,,,,,,,,,,,,,,0.67,2.73,,,3.75,
,"Thu, Jul 2",20:25 ,Maní King Tostado Sin Piel Sin Sodio (1 cda sop),0.5,Fruto Seco,8 gr,2 gr,1 gr,4 gr,1 gr,45 kcal,,,,,,121 gr,203 gr,61 gr,24 gr,"1,821 kcal",1341 gr,,115 gr,100 gr,124 gr,35 gr,2000 kcal,1 gr,12 gr,21 gr,0 gr,0 gr,48 gr,0 gr,34 gr,49 gr,1:12,,1.28,1.84,,,3.75,
,"Fri, Jul 3",9:10 ,Pan Integral D&D,2,Grano,50 gr,4 gr,24 gr,1 gr,3 gr,116 kcal,12:45,,,,,,,,,,,,,,,,,,,,,,,,,,,,,,,,,
,"Fri, Jul 3",9:10 ,Queso Unt. Finlandia Light,2,Lácteo,20 gr,2 gr,1 gr,3 gr,0 gr,38 kcal,,,,,,,,,,,,,,,,,,,,,,,,,,,,0.03,0.09,0.85,0.12,0.21,1.64,
,"Fri, Jul 3",9:10 ,Huevo,1,Proteína,45 gr,5 gr,0 gr,5 gr,0 gr,70 kcal,,,,,,,,,,,,,,,,,,,,,,,,,,,,0.11,0.85,2.02,,,5.31,
,"Fri, Jul 3",9:10 ,Café,1,Infusión,0 gr,0 gr,0 gr,0 gr,0 gr,0 kcal,,,,,,,,,,,,,,,,,,,,,,,,,,,,,,,,,,
,"Fri, Jul 3",9:10 ,Miel (1 cda),1,Carb,10 gr,0 gr,7 gr,0 gr,0 gr,28 kcal,,,,,,,,,,,,,,,,,,,,,,,,,,,,,,,,,,
,"Fri, Jul 3",9:10 ,"Leche, Protein",0.5,Lácteo,50 gr,2 gr,2 gr,0 gr,0 gr,19 kcal,,,,,,,,,,,,,,,,,,,,,,,,,,,,,,,,,,
,"Fri, Jul 3",9:10 ,Vainillas Bimbo,2,Carb,24 gr,2 gr,18 gr,1 gr,0 gr,90 kcal,,,,,,,,,,,,,,,,,,,,,,,,,,,,,,,,,,
,"Fri, Jul 3",9:10 ,"Chocolate Colonial, amargo dietético 70%",1,Carb,7 gr,1 gr,3 gr,2 gr,1 gr,35 kcal,,,,,,,,,,,,,,,,,,,,,,,,,,,,,0.07,0.79,,,2.38,
,"Fri, Jul 3",9:10 ,Nuez (1),2,Fruto Seco,8 gr,1 gr,1 gr,5 gr,0 gr,54 kcal,,,,,,,,,,,,,,,,,,,,,,,,,,,,0.51,2.60,1.12,,,5.10,
,"Fri, Jul 3",9:10 ,Vitaminas,1,Complemento,0 gr,0 gr,0 gr,0 gr,0 gr,0 kcal,,,,,,,,,,,,,,,,,,,,,,,,,,,,,,,,,,
,"Fri, Jul 3",9:10 ,Vitamina D,1,Complemento,0 gr,0 gr,0 gr,0 gr,0 gr,0 kcal,,,,,,,,,,,,,,,,,,,,,,,,,,,,,,,,,,
,"Fri, Jul 3",13:50 ,"Vaca, cuadril",1.32,Proteína,132 gr,29 gr,0 gr,9 gr,0 gr,198 kcal,04:40,,,,,,,,,,,,,,,,,,,,,,,,,,,0.09,0.37,3.88,,,4.62,
,"Fri, Jul 3",13:50 ,Tomate,1,Verdura,166 gr,1 gr,7 gr,0 gr,2 gr,30 kcal,,,,,,,,,,,,,,,,,,,,,,,,,,,,,,,,,,
,"Fri, Jul 3",13:50 ,"Ensalada (lechuga, repollo b+m, zanahoria)",0.9,Verdura,108 gr,1 gr,5 gr,0 gr,2 gr,27 kcal,,,,,,,,,,,,,,,,,,,,,,,,,,,,,,,,,,
,"Fri, Jul 3",13:50 ,Queso Unt. Finlandia Light,5,Lácteo,50 gr,5 gr,3 gr,7 gr,0 gr,95 kcal,,,,,,,,,,,,,,,,,,,,,,,,,,,,0.07,0.22,2.13,0.29,0.51,4.11,
,"Fri, Jul 3",13:50 ,"Aceite de oliva (EV, PPF)",3,Grano,6 gr,0 gr,0 gr,6 gr,0 gr,54 kcal,,,,,,,,,,,,,,,,,,,,,,,,,,,,0.06,0.60,4.50,,,6.00,
,"Fri, Jul 3",13:50 ,Pan Integral D&D,2,Grano,50 gr,4 gr,24 gr,1 gr,3 gr,116 kcal,,,,,,,,,,,,,,,,,,,,,,,,,,,,,,,,,,
,"Fri, Jul 3",16:35 ,Café,1,Infusión,0 gr,0 gr,0 gr,0 gr,0 gr,0 kcal,02:45,,,,,,,,,,,,,,,,,,,,,,,,,,,,,,,,,
,"Fri, Jul 3",16:35 ,Miel (1 cda),1,Carb,10 gr,0 gr,7 gr,0 gr,0 gr,28 kcal,,,,,,,,,,,,,,,,,,,,,,,,,,,,,,,,,,
,"Fri, Jul 3",16:35 ,"Leche, Protein",1,Lácteo,100 gr,5 gr,5 gr,0 gr,0 gr,37 kcal,,,,,,,,,,,,,,,,,,,,,,,,,,,,,,,,,,
,"Fri, Jul 3",16:35 ,"Ena Protein Bar, Chocolate Brownie",1,Procesado,46 gr,12 gr,27 gr,5 gr,1 gr,200 kcal,,,,,,,,,,,,,,,,,,,,,,,,,,,,,,,,,,
,"Fri, Jul 3",19:10 ,Yogurt Griego Yogusísimo (140g),1,Lácteo,140 gr,9 gr,12 gr,4 gr,0 gr,115 kcal,02:35,,,,,,,,,,,,,,,,,,,,,,,,,,,,,,,,,
,"Fri, Jul 3",19:10 ,Avena Granix Instnatánea (2 cdas),1,Grano,30 gr,4 gr,18 gr,2 gr,3 gr,107 kcal,,,,,,,,,,,,,,,,,,,,,,,,,,,,,,,,,,
,"Fri, Jul 3",19:10 ,Banana,1,Fruta,101 gr,1 gr,23 gr,0 gr,3 gr,90 kcal,,,,,,,,,,,,,,,,,,,,,,,,,,,,,,,,,,
,"Fri, Jul 3",19:10 ,Maní King Tostado Sin Piel Sin Sodio (1 cda sop),1,Fruto Seco,15 gr,4 gr,2 gr,8 gr,1 gr,89 kcal,,,,,,,,,,,,,,,,,,,,,,,,,,,,,2.55,3.68,,,7.50,
,"Fri, Jul 3",19:10 ,Frutilla,2,Fruta,72 gr,0 gr,6 gr,0 gr,1 gr,23 kcal,,,,,,,,,,,,,,,,,,,,,,,,,,,,,,,,,,
,"Fri, Jul 3",19:40 ,Te,1,Infusión,0 gr,0 gr,0 gr,0 gr,0 gr,0 kcal,00:30,,,,,,,,,,,,,,,,,,,,,,,,,,,,,,,,,
,"Fri, Jul 3",19:40 ,Miel (1 cda),1,Carb,10 gr,0 gr,7 gr,0 gr,0 gr,28 kcal,,,,,,92 gr,200 gr,62 gr,20 gr,"1,686 kcal",1250 gr,,115 gr,100 gr,124 gr,35 gr,2000 kcal,1 gr,7 gr,19 gr,0 gr,1 gr,37 gr,0 gr,27 gr,38 gr,1:7,,,,,,,
,"Sat, Jul 4",9:15 ,Huevo,1,Proteína,65 gr,8 gr,0 gr,8 gr,0 gr,101 kcal,13:35,,,,,,,,,,,,,,,,,,,,,,,,,,,0.15,1.23,2.91,,,7.67,
,"Sat, Jul 4",9:15 ,Atún (1 lata),1,Proteína,120 gr,31 gr,0 gr,1 gr,0 gr,139 kcal,,,,,,,,,,,,,,,,,,,,,,,,,,,,0.14,0.02,0.08,,,0.98,
,"Sat, Jul 4",9:15 ,Pan Integral D&D,2,Grano,50 gr,4 gr,24 gr,1 gr,3 gr,116 kcal,,,,,,,,,,,,,,,,,,,,,,,,,,,,,,,,,,
,"Sat, Jul 4",9:15 ,Queso Unt. Finlandia Light,5,Lácteo,50 gr,5 gr,3 gr,7 gr,0 gr,95 kcal,,,,,,,,,,,,,,,,,,,,,,,,,,,,0.07,0.22,2.13,0.29,0.51,4.11,
,"Sat, Jul 4",9:15 ,"Galletas Angiota, bañadas en chocolate",2,Carb,30 gr,1 gr,19 gr,5 gr,0 gr,124 kcal,,,,,,,,,,,,,,,,,,,,,,,,,,,,,,,,,,
,"Sat, Jul 4",9:15 ,Pasta de maní King natural,1,Fruto Seco,15 gr,4 gr,2 gr,7 gr,1 gr,88 kcal,,,,,,,,,,,,,,,,,,,,,,,,,,,,,2.50,3.60,,,7.35,
,"Sat, Jul 4",9:15 ,Vainillas Bimbo,2,Carb,24 gr,2 gr,18 gr,1 gr,0 gr,90 kcal,,,,,,,,,,,,,,,,,,,,,,,,,,,,,,,,,,
,"Sat, Jul 4",9:15 ,Nuez (1),2,Fruto Seco,8 gr,1 gr,1 gr,5 gr,0 gr,54 kcal,,,,,,,,,,,,,,,,,,,,,,,,,,,,0.51,2.60,1.12,,,5.10,
,"Sat, Jul 4",15:30 ,Pollo (1 pechuga),0.4,Proteína,108 gr,31 gr,0 gr,3 gr,0 gr,163 kcal,06:15,,,,,,,,,,,,,,,,,,,,,,,,,,,0.03,0.69,1.38,,,3.46,
,"Sat, Jul 4",15:30 ,Arroz Integral,1,Grano,40 gr,1 gr,9 gr,0 gr,1 gr,44 kcal,,,,,,,,,,,,,,,,,,,,,,,,,,,,,,,,,,
,"Sat, Jul 4",15:30 ,Cebolla,0.5,Verdura,127 gr,1 gr,13 gr,0 gr,2 gr,53 kcal,,,,,,,,,,,,,,,,,,,,,,,,,,,,,,,,,,
,"Sat, Jul 4",15:30 ,Ají,0.4,Verdura,43 gr,0 gr,2 gr,0 gr,0 gr,8 kcal,,,,,,,,,,,,,,,,,,,,,,,,,,,,,,,,,,
,"Sat, Jul 4",15:30 ,Zanahoria,0.4,Verdura,65 gr,1 gr,6 gr,0 gr,2 gr,27 kcal,,,,,,,,,,,,,,,,,,,,,,,,,,,,,,,,,,
,"Sat, Jul 4",15:30 ,Zucchini,0.4,Verdura,144 gr,2 gr,5 gr,0 gr,2 gr,24 kcal,,,,,,,,,,,,,,,,,,,,,,,,,,,,,,,,,,
,"Sat, Jul 4",15:30 ,"Aceite de oliva (EV, PPF)",2,Grano,4 gr,0 gr,0 gr,4 gr,0 gr,36 kcal,,,,,,,,,,,,,,,,,,,,,,,,,,,,0.04,0.40,3.00,,,4.00,
,"Sat, Jul 4",15:30 ,Maní King Tostado Sin Piel Sin Sodio (1 cda sop),0.5,Fruto Seco,8 gr,2 gr,1 gr,4 gr,1 gr,45 kcal,,,,,,,,,,,,,,,,,,,,,,,,,,,,,1.28,1.84,,,3.75,
,"Sat, Jul 4",15:30 ,Nuez (1),2,Fruto Seco,8 gr,1 gr,1 gr,5 gr,0 gr,54 kcal,,,,,,,,,,,,,,,,,,,,,,,,,,,,0.51,2.60,1.12,,,5.10,
,"Sat, Jul 4",15:30 ,"Medallón de chocolate con menta, Benot",1,Procesado,14 gr,0 gr,10 gr,1 gr,1 gr,35 kcal,,,,,,,,,,,,,,,,,,,,,,,,,,,,,0.04,0.42,,,1.26,
,"Sat, Jul 4",18:00 ,Café,1,Infusión,0 gr,0 gr,0 gr,0 gr,0 gr,0 kcal,02:30,,,,,,,,,,,,,,,,,,,,,,,,,,,,,,,,,
,"Sat, Jul 4",18:00 ,Miel (1 cda),1,Carb,10 gr,0 gr,7 gr,0 gr,0 gr,28 kcal,,,,,,,,,,,,,,,,,,,,,,,,,,,,,,,,,,
,"Sat, Jul 4",18:00 ,"Leche, Protein",1,Lácteo,100 gr,5 gr,5 gr,0 gr,0 gr,37 kcal,,,,,,,,,,,,,,,,,,,,,,,,,,,,,,,,,,
,"Sat, Jul 4",18:00 ,Vainillas Bimbo,2,Carb,24 gr,2 gr,18 gr,1 gr,0 gr,90 kcal,,,,,,,,,,,,,,,,,,,,,,,,,,,,,,,,,,
,"Sat, Jul 4",20:30 ,Banana,1,Fruta,100 gr,1 gr,23 gr,0 gr,3 gr,89 kcal,02:30,,,,,,,,,,,,,,,,,,,,,,,,,,,,,,,,,
,"Sat, Jul 4",20:30 ,Avena Granix Instnatánea (2 cdas),1,Grano,30 gr,4 gr,18 gr,2 gr,3 gr,107 kcal,,,,,,,,,,,,,,,,,,,,,,,,,,,,,,,,,,
,"Sat, Jul 4",20:30 ,Yogurt Griego Yogusísimo (140g),1,Lácteo,140 gr,9 gr,12 gr,4 gr,0 gr,115 kcal,,,,,,,,,,,,,,,,,,,,,,,,,,,,,,,,,,
,"Sat, Jul 4",20:30 ,Frutilla,2,Fruta,67 gr,0 gr,5 gr,0 gr,1 gr,21 kcal,,,,,,113 gr,199 gr,62 gr,20 gr,"1,782 kcal",1394 gr,,115 gr,100 gr,124 gr,35 gr,2000 kcal,1 gr,12 gr,18 gr,0 gr,1 gr,43 gr,0 gr,31 gr,44 gr,1:12,,,,,,,
,"Sun, Jul 5",11:15 ,Pan Integral D&D,2,Grano,50 gr,4 gr,24 gr,1 gr,3 gr,116 kcal,14:45,,,,,,,,,,,,,,,,,,,,,,,,,,,,,,,,,
,"Sun, Jul 5",11:15 ,Queso Unt. Finlandia Light,2,Lácteo,20 gr,2 gr,1 gr,3 gr,0 gr,38 kcal,,,,,,,,,,,,,,,,,,,,,,,,,,,,0.03,0.09,0.85,0.12,0.21,1.64,
,"Sun, Jul 5",11:15 ,Palta,0.25,Fruta,38 gr,1 gr,3 gr,6 gr,3 gr,61 kcal,,,,,,,,,,,,,,,,,,,,,,,,,,,,0.06,0.78,3.96,,,5.57,
,"Sun, Jul 5",11:15 ,Huevo,1,Proteína,51 gr,6 gr,0 gr,6 gr,0 gr,80 kcal,,,,,,,,,,,,,,,,,,,,,,,,,,,,0.12,0.96,2.29,,,6.02,
,"Sun, Jul 5",11:15 ,Café,1,Infusión,0 gr,0 gr,0 gr,0 gr,0 gr,0 kcal,,,,,,,,,,,,,,,,,,,,,,,,,,,,,,,,,,
,"Sun, Jul 5",11:15 ,Miel (1 cda),1,Carb,10 gr,0 gr,7 gr,0 gr,0 gr,28 kcal,,,,,,,,,,,,,,,,,,,,,,,,,,,,,,,,,,
,"Sun, Jul 5",11:15 ,"Leche, Protein",0.5,Lácteo,50 gr,2 gr,2 gr,0 gr,0 gr,19 kcal,,,,,,,,,,,,,,,,,,,,,,,,,,,,,,,,,,
,"Sun, Jul 5",11:15 ,Vainillas Bimbo,2,Carb,24 gr,2 gr,18 gr,1 gr,0 gr,90 kcal,,,,,,,,,,,,,,,,,,,,,,,,,,,,,,,,,,
,"Sun, Jul 5",11:15 ,Nuez (1),2,Fruto Seco,8 gr,1 gr,1 gr,5 gr,0 gr,54 kcal,,,,,,,,,,,,,,,,,,,,,,,,,,,,0.51,2.60,1.12,,,5.10,
,"Sun, Jul 5",11:15 ,"Chocolate Colonial, amargo dietético 70%",1,Carb,7 gr,1 gr,3 gr,2 gr,1 gr,35 kcal,,,,,,,,,,,,,,,,,,,,,,,,,,,,,0.07,0.79,,,2.38,
,"Sun, Jul 5",11:15 ,Vitaminas,1,Complemento,0 gr,0 gr,0 gr,0 gr,0 gr,0 kcal,,,,,,,,,,,,,,,,,,,,,,,,,,,,,,,,,,
,"Sun, Jul 5",11:15 ,Vitamina D,1,Complemento,0 gr,0 gr,0 gr,0 gr,0 gr,0 kcal,,,,,,,,,,,,,,,,,,,,,,,,,,,,,,,,,,
,"Sun, Jul 5",14:00 ,Arroz Integral,1,Grano,40 gr,1 gr,9 gr,0 gr,1 gr,44 kcal,02:45,,,,,,,,,,,,,,,,,,,,,,,,,,,,,,,,,
,"Sun, Jul 5",14:00 ,Atún (1 lata),1,Proteína,120 gr,31 gr,0 gr,1 gr,0 gr,139 kcal,,,,,,,,,,,,,,,,,,,,,,,,,,,,0.14,0.02,0.08,,,0.98,
,"Sun, Jul 5",14:00 ,Ají,0.5,Verdura,48 gr,0 gr,2 gr,0 gr,0 gr,9 kcal,,,,,,,,,,,,,,,,,,,,,,,,,,,,,,,,,,
,"Sun, Jul 5",14:00 ,Cebolla,0.5,Verdura,103 gr,1 gr,10 gr,0 gr,1 gr,43 kcal,,,,,,,,,,,,,,,,,,,,,,,,,,,,,,,,,,
,"Sun, Jul 5",14:00 ,Zanahoria,0.4,Verdura,83 gr,1 gr,8 gr,0 gr,2 gr,34 kcal,,,,,,,,,,,,,,,,,,,,,,,,,,,,,,,,,,
,"Sun, Jul 5",14:00 ,Zucchini,0.4,Verdura,178 gr,2 gr,6 gr,0 gr,2 gr,30 kcal,,,,,,,,,,,,,,,,,,,,,,,,,,,,,,,,,,
,"Sun, Jul 5",14:00 ,Maní King Tostado Sin Piel Sin Sodio (1 cda sop),1,Fruto Seco,15 gr,4 gr,2 gr,8 gr,1 gr,89 kcal,,,,,,,,,,,,,,,,,,,,,,,,,,,,,2.55,3.68,,,7.50,
,"Sun, Jul 5",14:00 ,Nuez (1),2,Fruto Seco,8 gr,1 gr,1 gr,5 gr,0 gr,54 kcal,,,,,,,,,,,,,,,,,,,,,,,,,,,,0.51,2.60,1.12,,,5.10,
,"Sun, Jul 5",14:00 ,"Aceite de oliva (EV, PPF)",2,Grano,4 gr,0 gr,0 gr,4 gr,0 gr,36 kcal,,,,,,,,,,,,,,,,,,,,,,,,,,,,0.04,0.40,3.00,,,4.00,
,"Sun, Jul 5",15:37 ,Café,1,Infusión,0 gr,0 gr,0 gr,0 gr,0 gr,0 kcal,01:37,,,,,,,,,,,,,,,,,,,,,,,,,,,,,,,,,
,"Sun, Jul 5",15:37 ,"Leche, Protein",0.5,Lácteo,50 gr,2 gr,2 gr,0 gr,0 gr,19 kcal,,,,,,,,,,,,,,,,,,,,,,,,,,,,,,,,,,
,"Sun, Jul 5",15:37 ,Miel (1 cda),1,Carb,10 gr,0 gr,7 gr,0 gr,0 gr,28 kcal,,,,,,,,,,,,,,,,,,,,,,,,,,,,,,,,,,
,"Sun, Jul 5",15:37 ,Vauquita,2,Carb,50 gr,3 gr,28 gr,1 gr,2 gr,136 kcal,,,,,,,,,,,,,,,,,,,,,,,,,,,,,,,,,,
,"Sun, Jul 5",15:37 ,"Chocolate Colonial, amargo dietético 70%",1.4,Carb,10 gr,1 gr,5 gr,3 gr,1 gr,49 kcal,,,,,,,,,,,,,,,,,,,,,,,,,,,,,0.10,1.10,,,3.33,
,"Sun, Jul 5",15:37 ,Almendra (1),1,Fruto Seco,7 gr,1 gr,0 gr,4 gr,1 gr,40 kcal,,,,,,,,,,,,,,,,,,,,,,,,,,,,,0.67,2.73,,,3.75,
,"Sun, Jul 5",18:45 ,Café,1,Infusión,0 gr,0 gr,0 gr,0 gr,0 gr,0 kcal,03:08,,,,,,,,,,,,,,,,,,,,,,,,,,,,,,,,,
,"Sun, Jul 5",18:45 ,"Leche, Protein",0.5,Lácteo,50 gr,2 gr,2 gr,0 gr,0 gr,19 kcal,,,,,,,,,,,,,,,,,,,,,,,,,,,,,,,,,,
,"Sun, Jul 5",18:45 ,Azúcar (1 cda),2,Carb,40 gr,0 gr,40 gr,0 gr,0 gr,155 kcal,,,,,,,,,,,,,,,,,,,,,,,,,,,,,,,,,,
,"Sun, Jul 5",18:45 ,Alfajorcito de Maizena,1,Carb,40 gr,2 gr,25 gr,5 gr,1 gr,159 kcal,,,,,,,,,,,,,,,,,,,,,,,,,,,,,,,,,,
,"Sun, Jul 5",20:30 ,Banana,1,Fruta,96 gr,1 gr,22 gr,0 gr,2 gr,85 kcal,01:45,,,,,,,,,,,,,,,,,,,,,,,,,,,,,,,,,
,"Sun, Jul 5",20:30 ,Avena Granix Instnatánea (2 cdas),1,Grano,30 gr,4 gr,18 gr,2 gr,3 gr,107 kcal,,,,,,,,,,,,,,,,,,,,,,,,,,,,,,,,,,
,"Sun, Jul 5",20:30 ,Yogurt Griego Yogusísimo (140g),1,Lácteo,140 gr,9 gr,12 gr,4 gr,0 gr,115 kcal,,,,,,,,,,,,,,,,,,,,,,,,,,,,,,,,,,
,"Sun, Jul 5",20:30 ,Maní King Tostado Sin Piel Sin Sodio (1 cda sop),1,Fruto Seco,10 gr,3 gr,1 gr,5 gr,1 gr,60 kcal,,,,,,,,,,,,,,,,,,,,,,,,,,,,,1.70,2.45,,,5.00,
,"Sun, Jul 5",20:30 ,Frutilla,2,Fruta,40 gr,0 gr,3 gr,0 gr,1 gr,13 kcal,,,,,,,,,,,,,,,,,,,,,,,,,,,,,,,,,,
,"Sun, Jul 5",20:30 ,Te,1,Infusión,0 gr,0 gr,0 gr,0 gr,0 gr,0 kcal,,,,,,,,,,,,,,,,,,,,,,,,,,,,,,,,,,
,"Sun, Jul 5",20:30 ,Miel (1 cda),1,Carb,10 gr,0 gr,7 gr,0 gr,0 gr,28 kcal,,,,,,89 gr,271 gr,68 gr,27 gr,"2,009 kcal",1440 gr,,115 gr,100 gr,124 gr,35 gr,2000 kcal,1 gr,13 gr,23 gr,0 gr,0 gr,50 gr,0 gr,37 gr,51 gr,1:13,,,,,,,
,"Mon, Jul 6",9:35 ,Pan Integral D&D,2,Grano,50 gr,4 gr,24 gr,1 gr,3 gr,116 kcal,13:05,,,,,,,,,,,,,,,,,,,,,,,,,,,,,,,,,
,"Mon, Jul 6",9:35 ,Queso Unt. Finlandia Light,2,Lácteo,20 gr,2 gr,1 gr,3 gr,0 gr,38 kcal,,,,,,,,,,,,,,,,,,,,,,,,,,,,0.03,0.09,0.85,0.12,0.21,1.64,
,"Mon, Jul 6",9:35 ,Palta,0.2,Fruta,32 gr,1 gr,3 gr,5 gr,2 gr,51 kcal,,,,,,,,,,,,,,,,,,,,,,,,,,,,0.05,0.66,3.33,,,4.69,
,"Mon, Jul 6",9:35 ,Huevo,1,Proteína,60 gr,7 gr,0 gr,7 gr,0 gr,94 kcal,,,,,,,,,,,,,,,,,,,,,,,,,,,,0.14,1.13,2.69,,,7.08,
,"Mon, Jul 6",9:35 ,Café,1,Infusión,0 gr,0 gr,0 gr,0 gr,0 gr,0 kcal,,,,,,,,,,,,,,,,,,,,,,,,,,,,,,,,,,
,"Mon, Jul 6",9:35 ,Miel (1 cda),1,Carb,10 gr,0 gr,7 gr,0 gr,0 gr,28 kcal,,,,,,,,,,,,,,,,,,,,,,,,,,,,,,,,,,
,"Mon, Jul 6",9:35 ,"Leche, Protein",0.5,Lácteo,50 gr,2 gr,2 gr,0 gr,0 gr,19 kcal,,,,,,,,,,,,,,,,,,,,,,,,,,,,,,,,,,
,"Mon, Jul 6",9:35 ,Vainillas Bimbo,2,Carb,24 gr,2 gr,18 gr,1 gr,0 gr,90 kcal,,,,,,,,,,,,,,,,,,,,,,,,,,,,,,,,,,
,"Mon, Jul 6",9:35 ,Nuez (1),2,Fruto Seco,8 gr,1 gr,1 gr,5 gr,0 gr,54 kcal,,,,,,,,,,,,,,,,,,,,,,,,,,,,0.51,2.60,1.12,,,5.10,
,"Mon, Jul 6",9:35 ,"Chocolate Colonial, amargo dietético 70%",1.4,Carb,10 gr,1 gr,5 gr,3 gr,1 gr,49 kcal,,,,,,,,,,,,,,,,,,,,,,,,,,,,,0.10,1.10,,,3.33,
,"Mon, Jul 6",14:10 ,Arroz Integral,1,Grano,40 gr,1 gr,9 gr,0 gr,1 gr,44 kcal,04:35,,,,,,,,,,,,,,,,,,,,,,,,,,,,,,,,,
,"Mon, Jul 6",14:10 ,Lentejas,0.5,Carb,102 gr,7 gr,16 gr,1 gr,5 gr,95 kcal,,,,,,,,,,,,,,,,,,,,,,,,,,,,,,,,,,
,"Mon, Jul 6",14:10 ,Champiñones,0.5,Proteína,102 gr,4 gr,3 gr,1 gr,1 gr,31 kcal,,,,,,,,,,,,,,,,,,,,,,,,,,,,,,,,,,
,"Mon, Jul 6",14:10 ,Nuez (1),2,Fruto Seco,8 gr,1 gr,1 gr,5 gr,0 gr,54 kcal,,,,,,,,,,,,,,,,,,,,,,,,,,,,0.51,2.60,1.12,,,5.10,
,"Mon, Jul 6",14:10 ,Maní King Tostado Sin Piel Sin Sodio (1 cda sop),0.5,Fruto Seco,8 gr,2 gr,1 gr,4 gr,1 gr,45 kcal,,,,,,,,,,,,,,,,,,,,,,,,,,,,,1.28,1.84,,,3.75,
,"Mon, Jul 6",14:10 ,"Aceite de oliva (EV, PPF)",3,Grano,6 gr,0 gr,0 gr,6 gr,0 gr,54 kcal,,,,,,,,,,,,,,,,,,,,,,,,,,,,0.06,0.60,4.50,,,6.00,
,"Mon, Jul 6",14:10 ,Pollo (1 pechuga),0.6,Proteína,168 gr,48 gr,0 gr,5 gr,0 gr,254 kcal,,,,,,,,,,,,,,,,,,,,,,,,,,,,0.05,1.08,2.15,,,5.38,
,"Mon, Jul 6",14:10 ,Tomate,1,Verdura,156 gr,1 gr,6 gr,0 gr,2 gr,28 kcal,,,,,,,,,,,,,,,,,,,,,,,,,,,,,,,,,,
,"Mon, Jul 6",14:10 ,Vitaminas,1,Complemento,0 gr,0 gr,0 gr,0 gr,0 gr,0 kcal,,,,,,,,,,,,,,,,,,,,,,,,,,,,,,,,,,
,"Mon, Jul 6",14:10 ,Vitamina D,1,Complemento,0 gr,0 gr,0 gr,0 gr,0 gr,0 kcal,,,,,,,,,,,,,,,,,,,,,,,,,,,,,,,,,,
,"Mon, Jul 6",14:10 ,Vauquita bañada en chocolate,1,Carb,28 gr,2 gr,18 gr,3 gr,0 gr,102 kcal,,,,,,,,,,,,,,,,,,,,,,,,,,,,,,,,,,
,"Mon, Jul 6",16:30 ,Café,1,Infusión,0 gr,0 gr,0 gr,0 gr,0 gr,0 kcal,02:20,,,,,,,,,,,,,,,,,,,,,,,,,,,,,,,,,
,"Mon, Jul 6",16:30 ,Miel (1 cda),1,Carb,10 gr,0 gr,7 gr,0 gr,0 gr,28 kcal,,,,,,,,,,,,,,,,,,,,,,,,,,,,,,,,,,
,"Mon, Jul 6",16:30 ,"Leche, Protein",1,Lácteo,100 gr,5 gr,5 gr,0 gr,0 gr,37 kcal,,,,,,,,,,,,,,,,,,,,,,,,,,,,,,,,,,
,"Mon, Jul 6",16:30 ,Vainillas Bimbo,2,Carb,24 gr,2 gr,18 gr,1 gr,0 gr,90 kcal,,,,,,,,,,,,,,,,,,,,,,,,,,,,,,,,,,
,"Mon, Jul 6",16:30 ,"Chocolate Colonial, amargo dietético 70%",1.4,Carb,10 gr,1 gr,5 gr,3 gr,1 gr,49 kcal,,,,,,,,,,,,,,,,,,,,,,,,,,,,,0.10,1.10,,,3.33,
,"Mon, Jul 6",20:45 ,Banana,1,Fruta,104 gr,1 gr,24 gr,0 gr,3 gr,93 kcal,04:15,,,,,,,,,,,,,,,,,,,,,,,,,,,,,,,,,
,"Mon, Jul 6",20:45 ,Avena Granix Instnatánea (2 cdas),1,Grano,30 gr,4 gr,18 gr,2 gr,3 gr,107 kcal,,,,,,,,,,,,,,,,,,,,,,,,,,,,,,,,,,
,"Mon, Jul 6",20:45 ,"Yogurt, Ser",1,Lácteo,190 gr,9 gr,11 gr,0 gr,0 gr,80 kcal,,,,,,,,,,,,,,,,,,,,,,,,,,,,,,,,,,
,"Mon, Jul 6",20:45 ,Frutilla,1,Fruta,12 gr,0 gr,1 gr,0 gr,0 gr,4 kcal,,,,,,,,,,,,,,,,,,,,,,,,,,,,,,,,,,
,"Mon, Jul 6",20:45 ,Maní King Tostado Sin Piel Sin Sodio (1 cda sop),1,Fruto Seco,15 gr,4 gr,2 gr,8 gr,1 gr,89 kcal,,,,,,,,,,,,,,,,,,,,,,,,,,,,,2.55,3.68,,,7.50,
,"Mon, Jul 6",21:10 ,Te,1,Infusión,0 gr,0 gr,0 gr,0 gr,0 gr,0 kcal,00:25,,,,,,,,,,,,,,,,,,,,,,,,,,,,,,,,,
,"Mon, Jul 6",21:10 ,Miel (1 cda),1,Carb,10 gr,0 gr,7 gr,0 gr,0 gr,28 kcal,,,,,,111 gr,211 gr,66 gr,24 gr,"1,847 kcal",1386 gr,,115 gr,100 gr,124 gr,35 gr,2000 kcal,1 gr,13 gr,23 gr,0 gr,0 gr,53 gr,0 gr,38 gr,53 gr,1:13,,,,,,,
,"Tue, Jul 7",9:43 ,Pan Integral D&D,2,Grano,50 gr,4 gr,24 gr,1 gr,3 gr,116 kcal,12:33,,,,,,,,,,,,,,,,,,,,,,,,,,,,,,,,,
,"Tue, Jul 7",9:43 ,Queso Unt. Finlandia Light,2,Lácteo,20 gr,2 gr,1 gr,3 gr,0 gr,38 kcal,,,,,,,,,,,,,,,,,,,,,,,,,,,,0.03,0.09,0.85,0.12,0.21,1.64,
,"Tue, Jul 7",9:43 ,Huevo,1,Proteína,65 gr,8 gr,0 gr,8 gr,0 gr,101 kcal,,,,,,,,,,,,,,,,,,,,,,,,,,,,0.15,1.23,2.91,,,7.67,
,"Tue, Jul 7",9:43 ,Café,1,Infusión,0 gr,0 gr,0 gr,0 gr,0 gr,0 kcal,,,,,,,,,,,,,,,,,,,,,,,,,,,,,,,,,,
,"Tue, Jul 7",9:43 ,Miel (1 cda),1,Carb,10 gr,0 gr,7 gr,0 gr,0 gr,28 kcal,,,,,,,,,,,,,,,,,,,,,,,,,,,,,,,,,,
,"Tue, Jul 7",9:43 ,"Leche, Protein",0.5,Lácteo,50 gr,2 gr,2 gr,0 gr,0 gr,19 kcal,,,,,,,,,,,,,,,,,,,,,,,,,,,,,,,,,,
,"Tue, Jul 7",9:43 ,Nuez (1),2,Fruto Seco,8 gr,1 gr,1 gr,5 gr,0 gr,54 kcal,,,,,,,,,,,,,,,,,,,,,,,,,,,,0.51,2.60,1.12,,,5.10,
,"Tue, Jul 7",9:43 ,Vainillas Bimbo,2,Carb,24 gr,2 gr,18 gr,1 gr,0 gr,90 kcal,,,,,,,,,,,,,,,,,,,,,,,,,,,,,,,,,,
,"Tue, Jul 7",9:43 ,"Chocolate Colonial, amargo dietético 70%",0.5,Carb,4 gr,0 gr,2 gr,1 gr,0 gr,17 kcal,,,,,,,,,,,,,,,,,,,,,,,,,,,,,0.04,0.39,,,1.19,
,"Tue, Jul 7",13:40 ,Arroz Integral,1,Grano,40 gr,1 gr,9 gr,0 gr,1 gr,44 kcal,03:57,,,,,,,,,,,,,,,,,,,,,,,,,,,,,,,,,
,"Tue, Jul 7",13:40 ,Lentejas,0.5,Carb,75 gr,5 gr,12 gr,1 gr,4 gr,70 kcal,,,,,,,,,,,,,,,,,,,,,,,,,,,,,,,,,,
,"Tue, Jul 7",13:40 ,Champiñones,0.5,Proteína,50 gr,2 gr,2 gr,0 gr,1 gr,15 kcal,,,,,,,,,,,,,,,,,,,,,,,,,,,,,,,,,,
,"Tue, Jul 7",13:40 ,Pollo (1 pechuga),0.5,Proteína,153 gr,44 gr,0 gr,5 gr,0 gr,231 kcal,,,,,,,,,,,,,,,,,,,,,,,,,,,,0.05,0.98,1.96,,,4.90,
,"Tue, Jul 7",13:40 ,Maní King Tostado Sin Piel Sin Sodio (1 cda sop),0.5,Fruto Seco,8 gr,2 gr,1 gr,4 gr,1 gr,45 kcal,,,,,,,,,,,,,,,,,,,,,,,,,,,,,1.28,1.84,,,3.75,
,"Tue, Jul 7",13:40 ,Nuez (1),2,Fruto Seco,8 gr,1 gr,1 gr,5 gr,0 gr,54 kcal,,,,,,,,,,,,,,,,,,,,,,,,,,,,0.51,2.60,1.12,,,5.10,
,"Tue, Jul 7",13:40 ,"Aceite de oliva (EV, PPF)",2,Grano,4 gr,0 gr,0 gr,4 gr,0 gr,36 kcal,,,,,,,,,,,,,,,,,,,,,,,,,,,,0.04,0.40,3.00,,,4.00,
,"Tue, Jul 7",13:40 ,Tomate,1,Verdura,179 gr,2 gr,7 gr,0 gr,2 gr,32 kcal,,,,,,,,,,,,,,,,,,,,,,,,,,,,,,,,,,
,"Tue, Jul 7",13:40 ,Cebolla,0.6,Verdura,161 gr,1 gr,16 gr,0 gr,2 gr,68 kcal,,,,,,,,,,,,,,,,,,,,,,,,,,,,,,,,,,
,"Tue, Jul 7",13:40 ,"Medallón de chocolate con menta, Benot",1,Procesado,14 gr,0 gr,10 gr,1 gr,1 gr,35 kcal,,,,,,,,,,,,,,,,,,,,,,,,,,,,,0.04,0.42,,,1.26,
,"Tue, Jul 7",16:20 ,Café,1,Infusión,0 gr,0 gr,0 gr,0 gr,0 gr,0 kcal,02:40,,,,,,,,,,,,,,,,,,,,,,,,,,,,,,,,,
,"Tue, Jul 7",16:20 ,Miel (1 cda),1,Carb,10 gr,0 gr,7 gr,0 gr,0 gr,28 kcal,,,,,,,,,,,,,,,,,,,,,,,,,,,,,,,,,,
,"Tue, Jul 7",16:20 ,"Leche, Protein",1,Lácteo,100 gr,5 gr,5 gr,0 gr,0 gr,37 kcal,,,,,,,,,,,,,,,,,,,,,,,,,,,,,,,,,,
,"Tue, Jul 7",16:20 ,"Chocolate Colonial, amargo dietético 70%",1,Carb,7 gr,1 gr,3 gr,2 gr,1 gr,35 kcal,,,,,,,,,,,,,,,,,,,,,,,,,,,,,0.07,0.79,,,2.38,
,"Tue, Jul 7",16:20 ,Almendra (1),1.2,Fruto Seco,8 gr,2 gr,0 gr,4 gr,1 gr,48 kcal,,,,,,,,,,,,,,,,,,,,,,,,,,,,,0.81,3.28,,,4.49,
,"Tue, Jul 7",16:20 ,Vainillas Bimbo,2,Carb,24 gr,2 gr,18 gr,1 gr,0 gr,90 kcal,,,,,,,,,,,,,,,,,,,,,,,,,,,,,,,,,,
,"Tue, Jul 7",20:40 ,Huevo,2,Proteína,130 gr,16 gr,0 gr,15 gr,0 gr,203 kcal,04:20,,,,,,,,,,,,,,,,,,,,,,,,,,,0.31,2.45,5.83,,,15.34,
,"Tue, Jul 7",20:40 ,Avena Granix Instnatánea (2 cdas),1,Grano,30 gr,4 gr,18 gr,2 gr,3 gr,107 kcal,,,,,,,,,,,,,,,,,,,,,,,,,,,,,,,,,,
,"Tue, Jul 7",20:40 ,Champiñones,0.3,Proteína,49 gr,2 gr,1 gr,0 gr,0 gr,15 kcal,,,,,,,,,,,,,,,,,,,,,,,,,,,,,,,,,,
,"Tue, Jul 7",20:40 ,Ají,0.4,Verdura,37 gr,0 gr,1 gr,0 gr,0 gr,7 kcal,,,,,,,,,,,,,,,,,,,,,,,,,,,,,,,,,,
,"Tue, Jul 7",20:40 ,Cebolla,0.3,Verdura,44 gr,0 gr,4 gr,0 gr,1 gr,18 kcal,,,,,,108 gr,170 gr,66 gr,21 gr,"1,679 kcal",1361 gr,,115 gr,100 gr,124 gr,35 gr,2000 kcal,2 gr,13 gr,24 gr,0 gr,0 gr,57 gr,0 gr,38 gr,57 gr,2:13,,,,,,,
,"Wed, Jul 8",10:27 ,Pan Integral D&D,2,Grano,50 gr,4 gr,24 gr,1 gr,3 gr,116 kcal,13:47,,,,,,,,,,,,,,,,,,,,,,,,,,,,,,,,,
,"Wed, Jul 8",10:27 ,Queso Unt. Finlandia Light,2,Lácteo,20 gr,2 gr,1 gr,3 gr,0 gr,38 kcal,,,,,,,,,,,,,,,,,,,,,,,,,,,,0.03,0.09,0.85,0.12,0.21,1.64,
,"Wed, Jul 8",10:27 ,Palta,0.3,Fruta,48 gr,1 gr,4 gr,7 gr,3 gr,77 kcal,,,,,,,,,,,,,,,,,,,,,,,,,,,,0.07,0.99,5.00,,,7.04,
,"Wed, Jul 8",10:27 ,Café,1,Infusión,0 gr,0 gr,0 gr,0 gr,0 gr,0 kcal,,,,,,,,,,,,,,,,,,,,,,,,,,,,,,,,,,
,"Wed, Jul 8",10:27 ,"Leche, Protein",0.5,Lácteo,50 gr,2 gr,2 gr,0 gr,0 gr,19 kcal,,,,,,,,,,,,,,,,,,,,,,,,,,,,,,,,,,
,"Wed, Jul 8",10:27 ,Nuez (1),2,Fruto Seco,8 gr,1 gr,1 gr,5 gr,0 gr,54 kcal,,,,,,,,,,,,,,,,,,,,,,,,,,,,0.51,2.60,1.12,,,5.10,
,"Wed, Jul 8",10:27 ,Vainillas Bimbo,2,Carb,24 gr,2 gr,18 gr,1 gr,0 gr,90 kcal,,,,,,,,,,,,,,,,,,,,,,,,,,,,,,,,,,
,"Wed, Jul 8",10:27 ,"Chocolate Colonial, amargo dietético 70%",1,Carb,7 gr,1 gr,3 gr,2 gr,1 gr,35 kcal,,,,,,,,,,,,,,,,,,,,,,,,,,,,,0.07,0.79,,,2.38,
,"Wed, Jul 8",10:27 ,Vitaminas,1,Complemento,0 gr,0 gr,0 gr,0 gr,0 gr,0 kcal,,,,,,,,,,,,,,,,,,,,,,,,,,,,,,,,,,
,"Wed, Jul 8",10:27 ,Vitamina D,1,Complemento,0 gr,0 gr,0 gr,0 gr,0 gr,0 kcal,,,,,,,,,,,,,,,,,,,,,,,,,,,,,,,,,,
,"Wed, Jul 8",13:25 ,"Ensalada (lechuga, repollo b+m, zanahoria)",1,Verdura,120 gr,2 gr,5 gr,0 gr,2 gr,30 kcal,02:58,,,,,,,,,,,,,,,,,,,,,,,,,,,,,,,,,
,"Wed, Jul 8",13:25 ,Queso Unt. Finlandia Light,5,Lácteo,50 gr,5 gr,3 gr,7 gr,0 gr,95 kcal,,,,,,,,,,,,,,,,,,,,,,,,,,,,0.07,0.22,2.13,0.29,0.51,4.11,
,"Wed, Jul 8",13:25 ,"Vaca, cuadril",1.1,Proteína,117 gr,26 gr,0 gr,8 gr,0 gr,176 kcal,,,,,,,,,,,,,,,,,,,,,,,,,,,,0.08,0.33,3.44,,,4.10,
,"Wed, Jul 8",13:25 ,Pan Integral D&D,2,Grano,50 gr,4 gr,24 gr,1 gr,3 gr,116 kcal,,,,,,,,,,,,,,,,,,,,,,,,,,,,,,,,,,
,"Wed, Jul 8",13:25 ,"Aceite de oliva (EV, PPF)",3,Grano,6 gr,0 gr,0 gr,6 gr,0 gr,54 kcal,,,,,,,,,,,,,,,,,,,,,,,,,,,,0.06,0.60,4.50,,,6.00,
,"Wed, Jul 8",13:25 ,Tomate,1,Verdura,175 gr,2 gr,7 gr,0 gr,2 gr,32 kcal,,,,,,,,,,,,,,,,,,,,,,,,,,,,,,,,,,
,"Wed, Jul 8",13:25 ,"Medallón de chocolate con menta, Benot",1,Procesado,14 gr,0 gr,10 gr,1 gr,1 gr,35 kcal,,,,,,,,,,,,,,,,,,,,,,,,,,,,,0.04,0.42,,,1.26,
,"Wed, Jul 8",16:00 ,Café,1,Infusión,0 gr,0 gr,0 gr,0 gr,0 gr,0 kcal,02:35,,,,,,,,,,,,,,,,,,,,,,,,,,,,,,,,,
,"Wed, Jul 8",16:00 ,"Leche, Protein",1,Lácteo,100 gr,5 gr,5 gr,0 gr,0 gr,37 kcal,,,,,,,,,,,,,,,,,,,,,,,,,,,,,,,,,,
,"Wed, Jul 8",16:00 ,Pan Integral D&D,2,Grano,50 gr,4 gr,24 gr,1 gr,3 gr,116 kcal,,,,,,,,,,,,,,,,,,,,,,,,,,,,,,,,,,
,"Wed, Jul 8",16:00 ,Queso Unt. Finlandia Light,2.2,Lácteo,22 gr,2 gr,1 gr,3 gr,0 gr,42 kcal,,,,,,,,,,,,,,,,,,,,,,,,,,,,0.03,0.10,0.94,0.13,0.23,1.81,
,"Wed, Jul 8",16:00 ,Pasta de maní King natural,1.5,Fruto Seco,23 gr,6 gr,2 gr,11 gr,2 gr,132 kcal,,,,,,,,,,,,,,,,,,,,,,,,,,,,,3.75,5.40,,,11.03,
,"Wed, Jul 8",16:00 ,Nuez (1),2,Fruto Seco,8 gr,1 gr,1 gr,5 gr,0 gr,54 kcal,,,,,,,,,,,,,,,,,,,,,,,,,,,,0.51,2.60,1.12,,,5.10,
,"Wed, Jul 8",16:00 ,"Dicomere, cacao amargo puro en polvo",0.1,Procesado,1 gr,0 gr,0 gr,0 gr,0 gr,3 kcal,,,,,,,,,,,,,,,,,,,,,,,,,,,,,,,,,,
,"Wed, Jul 8",16:00 ,"Chocolate Colonial, amargo dietético 70%",1,Carb,7 gr,1 gr,3 gr,2 gr,1 gr,35 kcal,,,,,,,,,,,,,,,,,,,,,,,,,,,,,0.07,0.79,,,2.38,
,"Wed, Jul 8",21:00 ,Avena Granix Instnatánea (2 cdas),1,Grano,30 gr,4 gr,18 gr,2 gr,3 gr,107 kcal,05:00,,,,,,,,,,,,,,,,,,,,,,,,,,,,,,,,,
,"Wed, Jul 8",21:00 ,Huevo,2,Proteína,130 gr,16 gr,0 gr,15 gr,0 gr,203 kcal,,,,,,,,,,,,,,,,,,,,,,,,,,,,0.31,2.45,5.83,,,15.34,
,"Wed, Jul 8",21:00 ,Maizena,0.5,Carb,5 gr,0 gr,0 gr,0 gr,0 gr,18 kcal,,,,,,,,,,,,,,,,,,,,,,,,,,,,,,,,,,
,"Wed, Jul 8",21:00 ,Queso Unt. Finlandia Light,6,Lácteo,60 gr,5 gr,3 gr,9 gr,0 gr,114 kcal,,,,,,,,,,,,,,,,,,,,,,,,,,,,0.09,0.26,2.55,0.35,0.62,4.93,
,"Wed, Jul 8",21:00 ,"Chocolate Colonial, amargo dietético 70%",1,Carb,7 gr,1 gr,3 gr,2 gr,1 gr,35 kcal,,,,,,94 gr,163 gr,97 gr,24 gr,"1,858 kcal",1182 gr,,115 gr,100 gr,124 gr,35 gr,2000 kcal,2 gr,14 gr,36 gr,1 gr,2 gr,75 gr,0 gr,52 gr,77 gr,2:14,,0.07,0.79,,,2.38,
,"Thu, Jul 9",10:20 ,Pan Integral D&D,2,Grano,50 gr,4 gr,24 gr,1 gr,3 gr,116 kcal,13:20,,,,,,,,,,,,,,,,,,,,,,,,,,,,,,,,,
,"Thu, Jul 9",10:20 ,Queso Unt. Finlandia Light,2,Lácteo,20 gr,2 gr,1 gr,3 gr,0 gr,38 kcal,,,,,,,,,,,,,,,,,,,,,,,,,,,,0.03,0.09,0.85,0.12,0.21,1.64,
,"Thu, Jul 9",10:20 ,Palta,0.3,Fruta,48 gr,1 gr,4 gr,7 gr,3 gr,77 kcal,,,,,,,,,,,,,,,,,,,,,,,,,,,,0.07,0.99,5.00,,,7.04,
,"Thu, Jul 9",10:20 ,Huevo,1,Proteína,65 gr,8 gr,0 gr,8 gr,0 gr,101 kcal,,,,,,,,,,,,,,,,,,,,,,,,,,,,0.15,1.23,2.91,,,7.67,
,"Thu, Jul 9",10:20 ,Café,1,Infusión,0 gr,0 gr,0 gr,0 gr,0 gr,0 kcal,,,,,,,,,,,,,,,,,,,,,,,,,,,,,,,,,,
,"Thu, Jul 9",10:20 ,"Leche, Protein",0.5,Lácteo,50 gr,2 gr,2 gr,0 gr,0 gr,19 kcal,,,,,,,,,,,,,,,,,,,,,,,,,,,,,,,,,,
,"Thu, Jul 9",10:20 ,"Chocolate Colonial, amargo dietético 70%",1.3,Carb,9 gr,1 gr,4 gr,3 gr,1 gr,45 kcal,,,,,,,,,,,,,,,,,,,,,,,,,,,,,0.09,1.02,,,3.09,
,"Thu, Jul 9",10:20 ,Nuez (1),2.2,Fruto Seco,9 gr,1 gr,1 gr,6 gr,1 gr,59 kcal,,,,,,,,,,,,,,,,,,,,,,,,,,,,0.56,2.86,1.24,,,5.61,
,"Thu, Jul 9",10:20 ,Vainillas Bimbo,1,Carb,12 gr,1 gr,9 gr,1 gr,0 gr,45 kcal,,,,,,,,,,,,,,,,,,,,,,,,,,,,,,,,,,
,"Thu, Jul 9",14:45 ,Arroz Integral,1,Grano,40 gr,1 gr,9 gr,0 gr,1 gr,44 kcal,04:25,,,,,,,,,,,,,,,,,,,,,,,,,,,,,,,,,
,"Thu, Jul 9",14:45 ,Pollo (1 pechuga),0.5,Proteína,121 gr,34 gr,0 gr,4 gr,0 gr,183 kcal,,,,,,,,,,,,,,,,,,,,,,,,,,,,0.04,0.77,1.55,,,3.87,
,"Thu, Jul 9",14:45 ,"Aceite de oliva (EV, PPF)",2.2,Grano,4 gr,0 gr,0 gr,4 gr,0 gr,40 kcal,,,,,,,,,,,,,,,,,,,,,,,,,,,,0.04,0.44,3.30,,,4.40,
,"Thu, Jul 9",14:45 ,Champiñones,0.5,Proteína,76 gr,3 gr,2 gr,0 gr,1 gr,23 kcal,,,,,,,,,,,,,,,,,,,,,,,,,,,,,,,,,,
,"Thu, Jul 9",14:45 ,Ají,0.5,Verdura,35 gr,0 gr,1 gr,0 gr,0 gr,6 kcal,,,,,,,,,,,,,,,,,,,,,,,,,,,,,,,,,,
,"Thu, Jul 9",14:45 ,Cebolla,0.5,Verdura,98 gr,1 gr,10 gr,0 gr,1 gr,41 kcal,,,,,,,,,,,,,,,,,,,,,,,,,,,,,,,,,,
,"Thu, Jul 9",14:45 ,Maní King Tostado Sin Piel Sin Sodio (1 cda sop),1,Fruto Seco,15 gr,4 gr,2 gr,8 gr,1 gr,89 kcal,,,,,,,,,,,,,,,,,,,,,,,,,,,,,2.55,3.68,,,7.50,
,"Thu, Jul 9",14:45 ,Nuez (1),2,Fruto Seco,8 gr,1 gr,1 gr,5 gr,0 gr,54 kcal,,,,,,,,,,,,,,,,,,,,,,,,,,,,0.51,2.60,1.12,,,5.10,
,"Thu, Jul 9",14:45 ,Lentejas,0.5,Carb,108 gr,7 gr,17 gr,1 gr,5 gr,100 kcal,,,,,,,,,,,,,,,,,,,,,,,,,,,,,,,,,,
,"Thu, Jul 9",14:45 ,Vauquita bañada en chocolate,1,Carb,28 gr,2 gr,18 gr,3 gr,0 gr,102 kcal,,,,,,,,,,,,,,,,,,,,,,,,,,,,,,,,,,
,"Thu, Jul 9",15:50 ,Café,1,Infusión,0 gr,0 gr,0 gr,0 gr,0 gr,0 kcal,01:05,,,,,,,,,,,,,,,,,,,,,,,,,,,,,,,,,
,"Thu, Jul 9",18:15 ,Café,1,Infusión,0 gr,0 gr,0 gr,0 gr,0 gr,0 kcal,02:25,,,,,,,,,,,,,,,,,,,,,,,,,,,,,,,,,
,"Thu, Jul 9",18:15 ,"Leche, Protein",1,Lácteo,100 gr,5 gr,5 gr,0 gr,0 gr,37 kcal,,,,,,,,,,,,,,,,,,,,,,,,,,,,,,,,,,
,"Thu, Jul 9",18:15 ,"Chocolate Colonial, amargo dietético 70%",1,Carb,7 gr,1 gr,3 gr,2 gr,1 gr,35 kcal,,,,,,,,,,,,,,,,,,,,,,,,,,,,,0.07,0.79,,,2.38,
,"Thu, Jul 9",18:15 ,Nuez (1),2,Fruto Seco,8 gr,1 gr,1 gr,5 gr,0 gr,54 kcal,,,,,,,,,,,,,,,,,,,,,,,,,,,,0.51,2.60,1.12,,,5.10,
,"Thu, Jul 9",18:15 ,Almendra (1),1.4,Fruto Seco,10 gr,2 gr,0 gr,5 gr,1 gr,56 kcal,,,,,,,,,,,,,,,,,,,,,,,,,,,,,0.94,3.83,,,5.24,
,"Thu, Jul 9",20:30 ,Huevo,2,Proteína,130 gr,16 gr,0 gr,15 gr,0 gr,203 kcal,02:15,,,,,,,,,,,,,,,,,,,,,,,,,,,0.31,2.45,5.83,,,15.34,
,"Thu, Jul 9",20:30 ,Avena Granix Instnatánea (2 cdas),1,Grano,30 gr,4 gr,18 gr,2 gr,3 gr,107 kcal,,,,,,,,,,,,,,,,,,,,,,,,,,,,,,,,,,
,"Thu, Jul 9",20:30 ,Queso Unt. Finlandia Light,2,Lácteo,20 gr,2 gr,1 gr,3 gr,0 gr,38 kcal,,,,,,,,,,,,,,,,,,,,,,,,,,,,0.03,0.09,0.85,0.12,0.21,1.64,
,"Thu, Jul 9",20:30 ,Queso Tregar Portsalut,2.3,Lácteo,69 gr,20 gr,0 gr,9 gr,0 gr,161 kcal,,,,,,,,,,,,,,,,,,,,,,,,,,,,0.09,0.27,2.60,0.36,0.63,5.02,
,"Thu, Jul 9",20:30 ,Te,1,Infusión,0 gr,0 gr,0 gr,0 gr,0 gr,0 kcal,,,,,,123 gr,135 gr,96 gr,23 gr,"1,873 kcal",1170 gr,,115 gr,100 gr,124 gr,35 gr,2000 kcal,2 gr,18 gr,36 gr,1 gr,1 gr,81 gr,0 gr,56 gr,82 gr,2:18,,,,,,,
,"Fri, Jul 10",10:20 ,Pan Integral D&D,2,Grano,50 gr,4 gr,24 gr,1 gr,3 gr,116 kcal,13:50,,,,,,,,,,,,,,,,,,,,,,,,,,,,,,,,,
,"Fri, Jul 10",10:20 ,Queso Unt. Finlandia Light,2,Lácteo,20 gr,2 gr,1 gr,3 gr,0 gr,38 kcal,,,,,,,,,,,,,,,,,,,,,,,,,,,,0.03,0.09,0.85,0.12,0.21,1.64,
,"Fri, Jul 10",10:20 ,Huevo,1,Proteína,65 gr,8 gr,0 gr,8 gr,0 gr,101 kcal,,,,,,,,,,,,,,,,,,,,,,,,,,,,0.15,1.23,2.91,,,7.67,
,"Fri, Jul 10",10:20 ,Café,1,Infusión,0 gr,0 gr,0 gr,0 gr,0 gr,0 kcal,,,,,,,,,,,,,,,,,,,,,,,,,,,,,,,,,,
,"Fri, Jul 10",10:20 ,"Leche, Protein",0.5,Lácteo,50 gr,2 gr,2 gr,0 gr,0 gr,19 kcal,,,,,,,,,,,,,,,,,,,,,,,,,,,,,,,,,,
,"Fri, Jul 10",10:20 ,Vainillas Bimbo,1,Carb,12 gr,1 gr,9 gr,1 gr,0 gr,45 kcal,,,,,,,,,,,,,,,,,,,,,,,,,,,,,,,,,,
,"Fri, Jul 10",10:20 ,Nuez (1),2,Fruto Seco,8 gr,1 gr,1 gr,5 gr,0 gr,54 kcal,,,,,,,,,,,,,,,,,,,,,,,,,,,,0.51,2.60,1.12,,,5.10,
,"Fri, Jul 10",10:20 ,Vitaminas,1,Complemento,0 gr,0 gr,0 gr,0 gr,0 gr,0 kcal,,,,,,,,,,,,,,,,,,,,,,,,,,,,,,,,,,
,"Fri, Jul 10",10:20 ,Vitamina D,1,Complemento,0 gr,0 gr,0 gr,0 gr,0 gr,0 kcal,,,,,,,,,,,,,,,,,,,,,,,,,,,,,,,,,,
,"Fri, Jul 10",11:40 ,Banana,1,Fruta,124 gr,1 gr,29 gr,0 gr,3 gr,110 kcal,01:20,,,,,,,,,,,,,,,,,,,,,,,,,,,,,,,,,
,"Fri, Jul 10",11:40 ,Pasta de maní King natural,1,Fruto Seco,15 gr,4 gr,2 gr,7 gr,1 gr,88 kcal,,,,,,,,,,,,,,,,,,,,,,,,,,,,,2.50,3.60,,,7.35,
,"Fri, Jul 10",14:20 ,Arroz Integral,1,Grano,40 gr,1 gr,9 gr,0 gr,1 gr,44 kcal,02:40,,,,,,,,,,,,,,,,,,,,,,,,,,,,,,,,,
,"Fri, Jul 10",14:20 ,Ají,0.5,Verdura,50 gr,1 gr,2 gr,0 gr,0 gr,9 kcal,,,,,,,,,,,,,,,,,,,,,,,,,,,,,,,,,,
,"Fri, Jul 10",14:20 ,Zanahoria,0.4,Verdura,86 gr,1 gr,8 gr,0 gr,2 gr,35 kcal,,,,,,,,,,,,,,,,,,,,,,,,,,,,,,,,,,
,"Fri, Jul 10",14:20 ,Zucchini,0.4,Verdura,144 gr,2 gr,5 gr,0 gr,2 gr,24 kcal,,,,,,,,,,,,,,,,,,,,,,,,,,,,,,,,,,
,"Fri, Jul 10",14:20 ,Lentejas,0.5,Carb,113 gr,7 gr,18 gr,1 gr,5 gr,105 kcal,,,,,,,,,,,,,,,,,,,,,,,,,,,,,,,,,,
,"Fri, Jul 10",14:20 ,Pollo (1 pechuga),0.6,Proteína,164 gr,47 gr,0 gr,5 gr,0 gr,248 kcal,,,,,,,,,,,,,,,,,,,,,,,,,,,,0.05,1.05,2.10,,,5.25,
,"Fri, Jul 10",14:20 ,Maní King Tostado Sin Piel Sin Sodio (1 cda sop),0.5,Fruto Seco,8 gr,2 gr,1 gr,4 gr,1 gr,45 kcal,,,,,,,,,,,,,,,,,,,,,,,,,,,,,1.28,1.84,,,3.75,
,"Fri, Jul 10",14:20 ,Nuez (1),2.2,Fruto Seco,9 gr,1 gr,1 gr,6 gr,1 gr,59 kcal,,,,,,,,,,,,,,,,,,,,,,,,,,,,0.56,2.86,1.24,,,5.61,
,"Fri, Jul 10",14:20 ,"Aceite de oliva (EV, PPF)",3,Grano,6 gr,0 gr,0 gr,6 gr,0 gr,54 kcal,,,,,,,,,,,,,,,,,,,,,,,,,,,,0.06,0.60,4.50,,,6.00,
,"Fri, Jul 10",15:00 ,Vauquita,1,Carb,25 gr,2 gr,14 gr,1 gr,1 gr,68 kcal,00:40,,,,,,,,,,,,,,,,,,,,,,,,,,,,,,,,,
,"Fri, Jul 10",17:00 ,Café,1,Infusión,0 gr,0 gr,0 gr,0 gr,0 gr,0 kcal,02:00,,,,,,,,,,,,,,,,,,,,,,,,,,,,,,,,,
,"Fri, Jul 10",17:00 ,"Leche, Protein",1,Lácteo,100 gr,5 gr,5 gr,0 gr,0 gr,37 kcal,,,,,,,,,,,,,,,,,,,,,,,,,,,,,,,,,,
,"Fri, Jul 10",17:00 ,"Chocolate Colonial, amargo dietético 70%",1.4,Carb,10 gr,1 gr,5 gr,3 gr,1 gr,49 kcal,,,,,,,,,,,,,,,,,,,,,,,,,,,,,0.10,1.10,,,3.33,
,"Fri, Jul 10",17:00 ,Nuez (1),2,Fruto Seco,8 gr,1 gr,1 gr,5 gr,0 gr,54 kcal,,,,,,,,,,,,,,,,,,,,,,,,,,,,0.51,2.60,1.12,,,5.10,
,"Fri, Jul 10",17:00 ,Pasta de maní King natural,0.2,Fruto Seco,3 gr,1 gr,0 gr,1 gr,0 gr,18 kcal,,,,,,,,,,,,,,,,,,,,,,,,,,,,,0.50,0.72,,,1.47,
,"Fri, Jul 10",19:30 ,Huevo,1,Proteína,65 gr,8 gr,0 gr,8 gr,0 gr,101 kcal,02:30,,,,,,,,,,,,,,,,,,,,,,,,,,,0.15,1.23,2.91,,,7.67,
,"Fri, Jul 10",19:30 ,Avena Granix Instnatánea (2 cdas),0.7,Grano,21 gr,3 gr,12 gr,2 gr,2 gr,75 kcal,,,,,,,,,,,,,,,,,,,,,,,,,,,,,,,,,,
,"Fri, Jul 10",19:30 ,Queso Tregar Portsalut,1,Lácteo,30 gr,9 gr,0 gr,4 gr,0 gr,70 kcal,,,,,,,,,,,,,,,,,,,,,,,,,,,,0.04,0.12,1.13,0.16,0.27,2.18,
,"Fri, Jul 10",19:30 ,"Leche, Protein",0.3,Lácteo,30 gr,1 gr,1 gr,0 gr,0 gr,11 kcal,,,,,,,,,,,,,,,,,,,,,,,,,,,,,,,,,,
,"Fri, Jul 10",19:30 ,Te,1,Infusión,0 gr,0 gr,0 gr,0 gr,0 gr,0 kcal,,,,,,,,,,,,,,,,,,,,,,,,,,,,,,,,,,
,"Fri, Jul 10",19:30 ,"Aceite de oliva (EV, PPF)",1,Grano,2 gr,0 gr,0 gr,2 gr,0 gr,18 kcal,,,,,,,,,,,,,,,,,,,,,,,,,,,,0.02,0.20,1.50,,,2.00,
,"Fri, Jul 10",19:30 ,Pasta de maní King natural,0.5,Fruto Seco,8 gr,2 gr,1 gr,4 gr,1 gr,44 kcal,,,,,,116 gr,151 gr,77 gr,25 gr,"1,738 kcal",1265 gr,,115 gr,100 gr,124 gr,35 gr,2000 kcal,2 gr,18 gr,28 gr,0 gr,0 gr,68 gr,0 gr,49 gr,69 gr,2:18,,1.25,1.80,,,3.68,
,"Sat, Jul 11",9:15 ,"Galletitas Smams, chips de chocolate",1,Carb,30 gr,2 gr,20 gr,5 gr,0 gr,105 kcal,13:45,,,,,,,,,,,,,,,,,,,,,,,,,,,,,,,,,
,"Sat, Jul 11",9:15 ,Huevo,1,Proteína,65 gr,8 gr,0 gr,8 gr,0 gr,101 kcal,,,,,,,,,,,,,,,,,,,,,,,,,,,,0.15,1.23,2.91,,,7.67,
,"Sat, Jul 11",9:15 ,Nuez (1),2,Fruto Seco,8 gr,1 gr,1 gr,5 gr,0 gr,54 kcal,,,,,,,,,,,,,,,,,,,,,,,,,,,,0.51,2.60,1.12,,,5.10,
,"Sat, Jul 11",9:15 ,Almendra (1),1,Fruto Seco,7 gr,1 gr,0 gr,4 gr,1 gr,40 kcal,,,,,,,,,,,,,,,,,,,,,,,,,,,,,0.67,2.73,,,3.75,
,"Sat, Jul 11",9:15 ,Tostadas de arroz Leiva,3,Procesado,30 gr,2 gr,25 gr,0 gr,0 gr,109 kcal,,,,,,,,,,,,,,,,,,,,,,,,,,,,,,,,,,
,"Sat, Jul 11",11:30 ,"Galletitas Smams, chips de chocolate",5,Carb,150 gr,10 gr,99 gr,23 gr,1 gr,527 kcal,02:15,,,,,,,,,,,,,,,,,,,,,,,,,,,,,,,,,
,"Sat, Jul 11",14:10 ,Pollo (1 pechuga),0.4,Proteína,113 gr,32 gr,0 gr,4 gr,0 gr,171 kcal,02:40,,,,,,,,,,,,,,,,,,,,,,,,,,,0.04,0.72,1.45,,,3.62,
,"Sat, Jul 11",14:10 ,"Ensalada (lechuga, repollo b+m, zanahoria)",0.9,Verdura,108 gr,1 gr,5 gr,0 gr,2 gr,27 kcal,,,,,,,,,,,,,,,,,,,,,,,,,,,,,,,,,,
,"Sat, Jul 11",14:10 ,"Aceite de oliva (EV, PPF)",3,Grano,6 gr,0 gr,0 gr,6 gr,0 gr,54 kcal,,,,,,,,,,,,,,,,,,,,,,,,,,,,0.06,0.60,4.50,,,6.00,
,"Sat, Jul 11",14:10 ,Queso Unt. Finlandia Light,3,Lácteo,30 gr,3 gr,2 gr,4 gr,0 gr,57 kcal,,,,,,,,,,,,,,,,,,,,,,,,,,,,0.04,0.13,1.28,0.18,0.31,2.46,
,"Sat, Jul 11",14:10 ,Queso Tregar Portsalut,1,Lácteo,30 gr,9 gr,0 gr,4 gr,0 gr,70 kcal,,,,,,,,,,,,,,,,,,,,,,,,,,,,0.04,0.12,1.13,0.16,0.27,2.18,
,"Sat, Jul 11",15:30 ,Café,1,Infusión,0 gr,0 gr,0 gr,0 gr,0 gr,0 kcal,01:20,,,,,,,,,,,,,,,,,,,,,,,,,,,,,,,,,
,"Sat, Jul 11",15:30 ,"Leche, Protein",1,Lácteo,100 gr,5 gr,5 gr,0 gr,0 gr,37 kcal,,,,,,,,,,,,,,,,,,,,,,,,,,,,,,,,,,
,"Sat, Jul 11",15:30 ,Nuez (1),2,Fruto Seco,8 gr,1 gr,1 gr,5 gr,0 gr,54 kcal,,,,,,,,,,,,,,,,,,,,,,,,,,,,0.51,2.60,1.12,,,5.10,
,"Sat, Jul 11",15:30 ,Almendra (1),1,Fruto Seco,7 gr,1 gr,0 gr,4 gr,1 gr,40 kcal,,,,,,,,,,,,,,,,,,,,,,,,,,,,,0.67,2.73,,,3.75,
,"Sat, Jul 11",15:30 ,"Chocolate Colonial, amargo dietético 70%",2,Carb,14 gr,2 gr,7 gr,5 gr,1 gr,69 kcal,,,,,,,,,,,,,,,,,,,,,,,,,,,,,0.14,1.57,,,4.76,
,"Sat, Jul 11",15:30 ,Maní King Tostado Sin Piel Sin Sodio (1 cda sop),0.5,Fruto Seco,8 gr,2 gr,1 gr,4 gr,1 gr,45 kcal,,,,,,,,,,,,,,,,,,,,,,,,,,,,,1.28,1.84,,,3.75,
,"Sat, Jul 11",21:15 ,Huevo,2,Proteína,130 gr,16 gr,0 gr,15 gr,0 gr,203 kcal,05:45,,,,,,,,,,,,,,,,,,,,,,,,,,,0.31,2.45,5.83,,,15.34,
,"Sat, Jul 11",21:15 ,Queso Tregar Portsalut,2,Lácteo,60 gr,17 gr,0 gr,8 gr,0 gr,140 kcal,,,,,,,,,,,,,,,,,,,,,,,,,,,,0.08,0.23,2.26,0.31,0.55,4.37,
,"Sat, Jul 11",21:15 ,Te,1,Infusión,0 gr,0 gr,0 gr,0 gr,0 gr,0 kcal,,,,,,,,,,,,,,,,,,,,,,,,,,,,,,,,,,
,"Sat, Jul 11",21:15 ,Maní King Tostado Sin Piel Sin Sodio (1 cda sop),1,Fruto Seco,15 gr,4 gr,2 gr,8 gr,1 gr,89 kcal,,,,,,117 gr,167 gr,110 gr,10 gr,"1,993 kcal",919 gr,,115 gr,100 gr,124 gr,35 gr,2000 kcal,2 gr,16 gr,34 gr,1 gr,1 gr,75 gr,0 gr,52 gr,77 gr,2:16,,2.55,3.68,,,7.50,
,"Sun, Jul 12",9:25 ,Pan Integral D&D,2,Grano,50 gr,4 gr,24 gr,1 gr,3 gr,116 kcal,12:10,,,,,,,,,,,,,,,,,,,,,,,,,,,,,,,,,
,"Sun, Jul 12",9:25 ,Huevo,1,Proteína,53 gr,6 gr,0 gr,6 gr,0 gr,83 kcal,,,,,,,,,,,,,,,,,,,,,,,,,,,,0.13,1.00,2.38,,,6.25,
,"Sun, Jul 12",9:25 ,Palta,0.2,Fruta,35 gr,1 gr,3 gr,5 gr,2 gr,56 kcal,,,,,,,,,,,,,,,,,,,,,,,,,,,,0.05,0.72,3.64,,,5.13,
,"Sun, Jul 12",9:25 ,Queso Unt. Finlandia Light,2,Lácteo,20 gr,2 gr,1 gr,3 gr,0 gr,38 kcal,,,,,,13 gr,28 gr,16 gr,5 gr,293 kcal,158 gr,,115 gr,100 gr,124 gr,35 gr,2000 kcal,0 gr,2 gr,7 gr,0 gr,0 gr,13 gr,0 gr,9 gr,13 gr,0:2,0.03,0.09,0.85,0.12,0.21,1.64,
,"Mon, Jul 13",9:20 ,Café,1,Infusión,0 gr,0 gr,0 gr,0 gr,0 gr,0 kcal,23:55,,,,,,,,,,,,,,,,,,,,,,,,,,,,,,,,,
,"Mon, Jul 13",9:20 ,"Leche, Protein",0.55,Lácteo,55 gr,3 gr,3 gr,0 gr,0 gr,20 kcal,,,,,,,,,,,,,,,,,,,,,,,,,,,,,,,,,,
,"Mon, Jul 13",9:20 ,Nuez (1),2,Fruto Seco,8 gr,1 gr,1 gr,5 gr,0 gr,54 kcal,,,,,,,,,,,,,,,,,,,,,,,,,,,,0.51,2.60,1.12,,,5.10,
,"Mon, Jul 13",9:20 ,"Chocolate Colonial, amargo dietético 70%",1,Carb,7 gr,1 gr,3 gr,2 gr,1 gr,35 kcal,,,,,,,,,,,,,,,,,,,,,,,,,,,,,0.07,0.79,,,2.38,
,"Mon, Jul 13",9:50 ,Pan Integral D&D,2,Grano,50 gr,4 gr,24 gr,1 gr,3 gr,116 kcal,00:30,,,,,,,,,,,,,,,,,,,,,,,,,,,,,,,,,
,"Mon, Jul 13",9:50 ,Queso Unt. Finlandia Light,2.2,Lácteo,22 gr,2 gr,1 gr,3 gr,0 gr,42 kcal,,,,,,,,,,,,,,,,,,,,,,,,,,,,0.03,0.10,0.94,0.13,0.23,1.81,
,"Mon, Jul 13",9:50 ,Palta,0.3,Fruta,43 gr,1 gr,4 gr,6 gr,3 gr,69 kcal,,,,,,,,,,,,,,,,,,,,,,,,,,,,0.06,0.88,4.48,,,6.30,
,"Mon, Jul 13",9:50 ,Huevo,1,Proteína,53 gr,6 gr,0 gr,6 gr,0 gr,83 kcal,,,,,,,,,,,,,,,,,,,,,,,,,,,,0.13,1.00,2.38,,,6.25,
,"Mon, Jul 13",9:50 ,Café,1,Infusión,0 gr,0 gr,0 gr,0 gr,0 gr,0 kcal,,,,,,,,,,,,,,,,,,,,,,,,,,,,,,,,,,
,"Mon, Jul 13",9:50 ,"Leche, Protein",0.5,Lácteo,50 gr,2 gr,2 gr,0 gr,0 gr,19 kcal,,,,,,,,,,,,,,,,,,,,,,,,,,,,,,,,,,
,"Mon, Jul 13",9:50 ,Almendra (1),1,Fruto Seco,7 gr,1 gr,0 gr,4 gr,1 gr,40 kcal,,,,,,,,,,,,,,,,,,,,,,,,,,,,,0.67,2.73,,,3.75,
,"Mon, Jul 13",9:50 ,Maní King Tostado Sin Piel Sin Sodio (1 cda sop),0.5,Fruto Seco,8 gr,2 gr,1 gr,4 gr,1 gr,45 kcal,,,,,,,,,,,,,,,,,,,,,,,,,,,,,1.28,1.84,,,3.75,
,"Mon, Jul 13",9:50 ,Vainillas Bimbo,2,Carb,24 gr,2 gr,18 gr,1 gr,0 gr,90 kcal,,,,,,,,,,,,,,,,,,,,,,,,,,,,,,,,,,
,"Mon, Jul 13",9:50 ,"Chocolate Colonial, amargo dietético 70%",1,Carb,7 gr,1 gr,3 gr,2 gr,1 gr,35 kcal,,,,,,,,,,,,,,,,,,,,,,,,,,,,,0.07,0.79,,,2.38,
,"Mon, Jul 13",13:40 ,Arroz Integral,1,Grano,40 gr,1 gr,9 gr,0 gr,1 gr,44 kcal,03:50,,,,,,,,,,,,,,,,,,,,,,,,,,,,,,,,,
,"Mon, Jul 13",13:40 ,Ají,0.3,Verdura,46 gr,0 gr,2 gr,0 gr,0 gr,8 kcal,,,,,,,,,,,,,,,,,,,,,,,,,,,,,,,,,,
,"Mon, Jul 13",13:40 ,Zanahoria,0.3,Verdura,59 gr,1 gr,6 gr,0 gr,2 gr,24 kcal,,,,,,,,,,,,,,,,,,,,,,,,,,,,,,,,,,
,"Mon, Jul 13",13:40 ,Zucchini,0.3,Verdura,114 gr,1 gr,4 gr,0 gr,1 gr,19 kcal,,,,,,,,,,,,,,,,,,,,,,,,,,,,,,,,,,
,"Mon, Jul 13",13:40 ,Champiñones,0.5,Proteína,102 gr,4 gr,3 gr,1 gr,1 gr,31 kcal,,,,,,,,,,,,,,,,,,,,,,,,,,,,,,,,,,
,"Mon, Jul 13",13:40 ,Pollo (1 pechuga),0.5,Proteína,104 gr,30 gr,0 gr,3 gr,0 gr,157 kcal,,,,,,,,,,,,,,,,,,,,,,,,,,,,0.03,0.67,1.33,,,3.33,
,"Mon, Jul 13",13:40 ,Nuez (1),2,Fruto Seco,8 gr,1 gr,1 gr,5 gr,0 gr,54 kcal,,,,,,,,,,,,,,,,,,,,,,,,,,,,0.51,2.60,1.12,,,5.10,
,"Mon, Jul 13",13:40 ,Maní King Tostado Sin Piel Sin Sodio (1 cda sop),1,Fruto Seco,15 gr,4 gr,2 gr,8 gr,1 gr,89 kcal,,,,,,,,,,,,,,,,,,,,,,,,,,,,,2.55,3.68,,,7.50,
,"Mon, Jul 13",13:40 ,"Aceite de oliva (EV, PPF)",2,Grano,4 gr,0 gr,0 gr,4 gr,0 gr,36 kcal,,,,,,,,,,,,,,,,,,,,,,,,,,,,0.04,0.40,3.00,,,4.00,
,"Mon, Jul 13",13:40 ,Yogurt Griego Yogusísimo (140g),1,Lácteo,140 gr,9 gr,12 gr,4 gr,0 gr,115 kcal,,,,,,,,,,,,,,,,,,,,,,,,,,,,,,,,,,
,"Mon, Jul 13",13:40 ,Avena Granix Instnatánea (2 cdas),1,Grano,30 gr,4 gr,18 gr,2 gr,3 gr,107 kcal,,,,,,,,,,,,,,,,,,,,,,,,,,,,,,,,,,
,"Mon, Jul 13",13:40 ,Almendra (1),1,Fruto Seco,7 gr,1 gr,0 gr,4 gr,1 gr,40 kcal,,,,,,,,,,,,,,,,,,,,,,,,,,,,,0.67,2.73,,,3.75,
,"Mon, Jul 13",15:30 ,Café,1,Infusión,0 gr,0 gr,0 gr,0 gr,0 gr,0 kcal,01:50,,,,,,,,,,,,,,,,,,,,,,,,,,,,,,,,,
,"Mon, Jul 13",15:30 ,"Leche, Protein",1,Lácteo,100 gr,5 gr,5 gr,0 gr,0 gr,37 kcal,,,,,,,,,,,,,,,,,,,,,,,,,,,,,,,,,,
,"Mon, Jul 13",15:30 ,"Chocolate Colonial, amargo dietético 70%",1,Carb,7 gr,1 gr,3 gr,2 gr,1 gr,35 kcal,,,,,,,,,,,,,,,,,,,,,,,,,,,,,0.07,0.79,,,2.38,
,"Mon, Jul 13",15:30 ,Maní King Tostado Sin Piel Sin Sodio (1 cda sop),0.5,Fruto Seco,8 gr,2 gr,1 gr,4 gr,1 gr,45 kcal,,,,,,,,,,,,,,,,,,,,,,,,,,,,,1.28,1.84,,,3.75,
,"Mon, Jul 13",18:30 ,Te,1,Infusión,0 gr,0 gr,0 gr,0 gr,0 gr,0 kcal,03:00,,,,,,,,,,,,,,,,,,,,,,,,,,,,,,,,,
,"Mon, Jul 13",18:30 ,Nuez (1),2.4,Fruto Seco,10 gr,1 gr,1 gr,6 gr,1 gr,65 kcal,,,,,,,,,,,,,,,,,,,,,,,,,,,,0.61,3.12,1.35,,,6.12,
,"Mon, Jul 13",19:45 ,Huevo,1,Proteína,53 gr,6 gr,0 gr,6 gr,0 gr,83 kcal,01:15,,,,,,,,,,,,,,,,,,,,,,,,,,,0.13,1.00,2.38,,,6.25,
,"Mon, Jul 13",19:45 ,Queso Pategrás La Paulina,1,Lácteo,30 gr,8 gr,0 gr,9 gr,0 gr,110 kcal,,,,,,,,,,,,,,,,,,,,,,,,,,,,0.09,0.26,2.49,0.34,0.60,4.82,
,"Mon, Jul 13",19:45 ,Queso Unt. Finlandia Light,1,Lácteo,10 gr,1 gr,1 gr,1 gr,0 gr,19 kcal,,,,,,,,,,,,,,,,,,,,,,,,,,,,0.01,0.04,0.43,0.06,0.10,0.82,
,"Mon, Jul 13",19:45 ,Pan Integral D&D,1,Grano,25 gr,2 gr,12 gr,1 gr,1 gr,58 kcal,,,,,,,,,,,,,,,,,,,,,,,,,,,,,,,,,,
,"Mon, Jul 13",19:45 ,Maní King Tostado Sin Piel Sin Sodio (1 cda sop),1,Fruto Seco,15 gr,4 gr,2 gr,8 gr,1 gr,89 kcal,,,,,,,,,,,,,,,,,,,,,,,,,,,,,2.55,3.68,,,7.50,
,"Mon, Jul 13",20:25 ,Te,1,Infusión,0 gr,0 gr,0 gr,0 gr,0 gr,0 kcal,00:40,,,,,,,,,,,,,,,,,,,,,,,,,,,,,,,,,
,"Mon, Jul 13",22:35 ,Queso Pategrás La Paulina,1,Lácteo,30 gr,8 gr,0 gr,9 gr,0 gr,110 kcal,02:10,,,,,,,,,,,,,,,,,,,,,,,,,,,0.09,0.26,2.49,0.34,0.60,4.82,
,"Mon, Jul 13",22:35 ,Nuez (1),2,Fruto Seco,8 gr,1 gr,1 gr,5 gr,0 gr,54 kcal,,,,,,,,,,,,,,,,,,,,,,,,,,,,0.51,2.60,1.12,,,5.10,
,"Mon, Jul 13",22:35 ,Te,1,Infusión,0 gr,0 gr,0 gr,0 gr,0 gr,0 kcal,,,,,,,,,,,,,,,,,,,,,,,,,,,,,,,,,,
,"Mon, Jul 13",22:35 ,Alfajorcito de Maizena,2,Carb,80 gr,5 gr,51 gr,11 gr,1 gr,318 kcal,,,,,,126 gr,192 gr,128 gr,26 gr,"2,393 kcal",1378 gr,,115 gr,100 gr,124 gr,35 gr,2000 kcal,3 gr,25 gr,43 gr,1 gr,2 gr,97 gr,0 gr,71 gr,99 gr,3:25,,,,,,,
,"Tue, Jul 14",10:50 ,Pan Integral D&D,2,Grano,50 gr,4 gr,24 gr,1 gr,3 gr,116 kcal,12:15,,,,,,,,,,,,,,,,,,,,,,,,,,,,,,,,,
,"Tue, Jul 14",10:50 ,Queso Unt. Finlandia Light,2,Lácteo,20 gr,2 gr,1 gr,3 gr,0 gr,38 kcal,,,,,,,,,,,,,,,,,,,,,,,,,,,,0.03,0.09,0.85,0.12,0.21,1.64,
,"Tue, Jul 14",10:50 ,Huevo,1,Proteína,65 gr,8 gr,0 gr,8 gr,0 gr,101 kcal,,,,,,,,,,,,,,,,,,,,,,,,,,,,0.15,1.23,2.91,,,7.67,
,"Tue, Jul 14",10:50 ,Café,1,Infusión,0 gr,0 gr,0 gr,0 gr,0 gr,0 kcal,,,,,,,,,,,,,,,,,,,,,,,,,,,,,,,,,,
,"Tue, Jul 14",10:50 ,"Leche, Protein",0.5,Lácteo,50 gr,2 gr,2 gr,0 gr,0 gr,19 kcal,,,,,,,,,,,,,,,,,,,,,,,,,,,,,,,,,,
,"Tue, Jul 14",10:50 ,Nuez (1),2,Fruto Seco,8 gr,1 gr,1 gr,5 gr,0 gr,54 kcal,,,,,,,,,,,,,,,,,,,,,,,,,,,,0.51,2.60,1.12,,,5.10,
,"Tue, Jul 14",10:50 ,"Chocolate Colonial, amargo dietético 70%",1,Carb,7 gr,1 gr,3 gr,2 gr,1 gr,35 kcal,,,,,,,,,,,,,,,,,,,,,,,,,,,,,0.07,0.79,,,2.38,
,"Tue, Jul 14",10:50 ,Vainillas Bimbo,2,Carb,24 gr,2 gr,18 gr,1 gr,0 gr,90 kcal,,,,,,,,,,,,,,,,,,,,,,,,,,,,,,,,,,
,"Tue, Jul 14",10:50 ,Vitaminas,1,Complemento,0 gr,0 gr,0 gr,0 gr,0 gr,0 kcal,,,,,,,,,,,,,,,,,,,,,,,,,,,,,,,,,,
,"Tue, Jul 14",10:50 ,Vitamina D,1,Complemento,0 gr,0 gr,0 gr,0 gr,0 gr,0 kcal,,,,,,,,,,,,,,,,,,,,,,,,,,,,,,,,,,
,"Tue, Jul 14",14:30 ,Arroz Integral,1,Grano,40 gr,1 gr,9 gr,0 gr,1 gr,44 kcal,03:40,,,,,,,,,,,,,,,,,,,,,,,,,,,,,,,,,
,"Tue, Jul 14",14:30 ,Pollo (1 pechuga),0.5,Proteína,137 gr,39 gr,0 gr,4 gr,0 gr,207 kcal,,,,,,,,,,,,,,,,,,,,,,,,,,,,0.04,0.88,1.75,,,4.38,
,"Tue, Jul 14",14:30 ,Ají,0.3,Verdura,26 gr,0 gr,1 gr,0 gr,0 gr,5 kcal,,,,,,,,,,,,,,,,,,,,,,,,,,,,,,,,,,
,"Tue, Jul 14",14:30 ,Zanahoria,0.3,Verdura,57 gr,1 gr,5 gr,0 gr,2 gr,23 kcal,,,,,,,,,,,,,,,,,,,,,,,,,,,,,,,,,,
,"Tue, Jul 14",14:30 ,Zucchini,0.3,Verdura,102 gr,1 gr,4 gr,0 gr,1 gr,17 kcal,,,,,,,,,,,,,,,,,,,,,,,,,,,,,,,,,,
,"Tue, Jul 14",14:30 ,Champiñones,0.5,Proteína,113 gr,5 gr,3 gr,1 gr,1 gr,34 kcal,,,,,,,,,,,,,,,,,,,,,,,,,,,,,,,,,,
,"Tue, Jul 14",14:30 ,Maní King Tostado Sin Piel Sin Sodio (1 cda sop),1,Fruto Seco,15 gr,4 gr,2 gr,8 gr,1 gr,89 kcal,,,,,,,,,,,,,,,,,,,,,,,,,,,,,2.55,3.68,,,7.50,
,"Tue, Jul 14",14:30 ,Nuez (1),2,Fruto Seco,8 gr,1 gr,1 gr,5 gr,0 gr,54 kcal,,,,,,,,,,,,,,,,,,,,,,,,,,,,0.51,2.60,1.12,,,5.10,
,"Tue, Jul 14",14:30 ,"Aceite de oliva (EV, PPF)",3,Grano,6 gr,0 gr,0 gr,6 gr,0 gr,54 kcal,,,,,,,,,,,,,,,,,,,,,,,,,,,,0.06,0.60,4.50,,,6.00,
,"Tue, Jul 14",14:30 ,Queso Pategrás La Paulina,1,Lácteo,27 gr,7 gr,0 gr,8 gr,0 gr,99 kcal,,,,,,,,,,,,,,,,,,,,,,,,,,,,0.08,0.23,2.24,0.31,0.54,4.33,
,"Tue, Jul 14",15:30 ,Manzana,1,Fruta,210 gr,1 gr,40 gr,0 gr,6 gr,151 kcal,01:00,,,,,,,,,,,,,,,,,,,,,,,,,,,,,,,,,
,"Tue, Jul 14",16:15 ,"Dicomere, cacao amargo puro en polvo",0.1,Procesado,1 gr,0 gr,0 gr,0 gr,0 gr,3 kcal,00:45,,,,,,,,,,,,,,,,,,,,,,,,,,,,,,,,,
,"Tue, Jul 14",19:00 ,"Leche, Protein",2,Lácteo,200 gr,9 gr,9 gr,0 gr,0 gr,74 kcal,02:45,,,,,,,,,,,,,,,,,,,,,,,,,,,,,,,,,
,"Tue, Jul 14",19:00 ,"Dicomere, cacao amargo puro en polvo",0.5,Procesado,5 gr,1 gr,1 gr,1 gr,2 gr,14 kcal,,,,,,,,,,,,,,,,,,,,,,,,,,,,,,,,,,
,"Tue, Jul 14",19:00 ,Café,1,Infusión,0 gr,0 gr,0 gr,0 gr,0 gr,0 kcal,,,,,,,,,,,,,,,,,,,,,,,,,,,,,,,,,,
,"Tue, Jul 14",19:00 ,Queso Tregar Portsalut,1,Lácteo,30 gr,9 gr,0 gr,4 gr,0 gr,70 kcal,,,,,,,,,,,,,,,,,,,,,,,,,,,,0.04,0.12,1.13,0.16,0.27,2.18,
,"Tue, Jul 14",19:00 ,Nuez (1),2,Fruto Seco,8 gr,1 gr,1 gr,5 gr,0 gr,54 kcal,,,,,,,,,,,,,,,,,,,,,,,,,,,,0.51,2.60,1.12,,,5.10,
,"Tue, Jul 14",19:00 ,Maní King Tostado Sin Piel Sin Sodio (1 cda sop),0.5,Fruto Seco,8 gr,2 gr,1 gr,4 gr,1 gr,45 kcal,,,,,,102 gr,127 gr,67 gr,20 gr,"1,489 kcal",1217 gr,,115 gr,100 gr,124 gr,35 gr,2000 kcal,2 gr,15 gr,23 gr,1 gr,1 gr,55 gr,0 gr,40 gr,57 gr,2:15,,1.28,1.84,,,3.75,
,"Wed, Jul 15",10:17 ,Pan Integral D&D,2,Grano,50 gr,4 gr,24 gr,1 gr,3 gr,116 kcal,15:17,,,,,,,,,,,,,,,,,,,,,,,,,,,,,,,,,
,"Wed, Jul 15",10:17 ,Queso Unt. Finlandia Light,2,Lácteo,20 gr,2 gr,1 gr,3 gr,0 gr,38 kcal,,,,,,,,,,,,,,,,,,,,,,,,,,,,0.03,0.09,0.85,0.12,0.21,1.64,
,"Wed, Jul 15",10:17 ,Palta,0.2,Fruta,37 gr,1 gr,3 gr,5 gr,2 gr,59 kcal,,,,,,,,,,,,,,,,,,,,,,,,,,,,0.05,0.76,3.85,,,5.42,
,"Wed, Jul 15",10:17 ,Huevo,1,Proteína,65 gr,8 gr,0 gr,8 gr,0 gr,101 kcal,,,,,,,,,,,,,,,,,,,,,,,,,,,,0.15,1.23,2.91,,,7.67,
,"Wed, Jul 15",10:17 ,Café,1,Infusión,0 gr,0 gr,0 gr,0 gr,0 gr,0 kcal,,,,,,,,,,,,,,,,,,,,,,,,,,,,,,,,,,
,"Wed, Jul 15",10:17 ,"Leche, Protein",0.87,Lácteo,87 gr,4 gr,4 gr,0 gr,0 gr,32 kcal,,,,,,,,,,,,,,,,,,,,,,,,,,,,,,,,,,
,"Wed, Jul 15",10:17 ,Nuez (1),2,Fruto Seco,8 gr,1 gr,1 gr,5 gr,0 gr,54 kcal,,,,,,,,,,,,,,,,,,,,,,,,,,,,0.51,2.60,1.12,,,5.10,
,"Wed, Jul 15",10:17 ,"Dulce de leche Savona Fit, stevia",1,Carb,10 gr,1 gr,2 gr,1 gr,2 gr,20 kcal,,,,,,,,,,,,,,,,,,,,,,,,,,,,0.01,0.02,0.19,0.03,0.05,0.36,
,"Wed, Jul 15",10:17 ,Vitaminas,1,Complemento,0 gr,0 gr,0 gr,0 gr,0 gr,0 kcal,,,,,,,,,,,,,,,,,,,,,,,,,,,,,,,,,,
,"Wed, Jul 15",10:17 ,Vitamina D,1,Complemento,0 gr,0 gr,0 gr,0 gr,0 gr,0 kcal,,,,,,,,,,,,,,,,,,,,,,,,,,,,,,,,,,
,"Wed, Jul 15",15:45 ,Cebolla,0.5,Verdura,85 gr,1 gr,9 gr,0 gr,1 gr,36 kcal,05:28,,,,,,,,,,,,,,,,,,,,,,,,,,,,,,,,,
,"Wed, Jul 15",15:45 ,Ají,0.3,Verdura,38 gr,0 gr,2 gr,0 gr,0 gr,7 kcal,,,,,,,,,,,,,,,,,,,,,,,,,,,,,,,,,,
,"Wed, Jul 15",15:45 ,Zucchini,0.3,Verdura,86 gr,1 gr,3 gr,0 gr,1 gr,15 kcal,,,,,,,,,,,,,,,,,,,,,,,,,,,,,,,,,,
,"Wed, Jul 15",15:45 ,Zanahoria,0.3,Verdura,72 gr,1 gr,7 gr,0 gr,2 gr,30 kcal,,,,,,,,,,,,,,,,,,,,,,,,,,,,,,,,,,
,"Wed, Jul 15",15:45 ,Papa,0.5,Carb,72 gr,1 gr,15 gr,0 gr,0 gr,66 kcal,,,,,,,,,,,,,,,,,,,,,,,,,,,,,,,,,,
,"Wed, Jul 15",15:45 ,Arroz Integral,0.65,Grano,26 gr,1 gr,6 gr,0 gr,0 gr,29 kcal,,,,,,,,,,,,,,,,,,,,,,,,,,,,,,,,,,
,"Wed, Jul 15",15:45 ,Queso Tregar Portsalut,1.5,Lácteo,48 gr,14 gr,0 gr,6 gr,0 gr,112 kcal,,,,,,,,,,,,,,,,,,,,,,,,,,,,0.06,0.19,1.81,0.25,0.44,3.49,
,"Wed, Jul 15",15:45 ,"Vaca, cuadril",0.8,Proteína,80 gr,18 gr,0 gr,6 gr,0 gr,120 kcal,,,,,,,,,,,,,,,,,,,,,,,,,,,,0.06,0.22,2.35,,,2.80,
,"Wed, Jul 15",15:45 ,Lentejas,0.5,Carb,75 gr,5 gr,12 gr,1 gr,4 gr,70 kcal,,,,,,,,,,,,,,,,,,,,,,,,,,,,,,,,,,
,"Wed, Jul 15",15:45 ,Maní King Tostado Sin Piel Sin Sodio (1 cda sop),1,Fruto Seco,15 gr,4 gr,2 gr,8 gr,1 gr,89 kcal,,,,,,,,,,,,,,,,,,,,,,,,,,,,,2.55,3.68,,,7.50,
,"Wed, Jul 15",15:45 ,Nuez (1),2,Fruto Seco,8 gr,1 gr,1 gr,5 gr,0 gr,54 kcal,,,,,,,,,,,,,,,,,,,,,,,,,,,,0.51,2.60,1.12,,,5.10,
,"Wed, Jul 15",15:45 ,"Aceite de oliva (EV, PPF)",3,Grano,6 gr,0 gr,0 gr,6 gr,0 gr,54 kcal,,,,,,,,,,,,,,,,,,,,,,,,,,,,0.06,0.60,4.50,,,6.00,
,"Wed, Jul 15",15:45 ,Yogurt Griego Yogusísimo (140g),1,Lácteo,140 gr,9 gr,12 gr,4 gr,0 gr,115 kcal,,,,,,75 gr,103 gr,58 gr,18 gr,"1,216 kcal",1028 gr,,115 gr,100 gr,124 gr,35 gr,2000 kcal,1 gr,11 gr,22 gr,0 gr,1 gr,45 gr,0 gr,35 gr,46 gr,1:11,,,,,,,
,"Thu, Jul 16",15:38 ,Atún (1 lata),1,Proteína,120 gr,31 gr,0 gr,1 gr,0 gr,139 kcal,23:53,,,,,,,,,,,,,,,,,,,,,,,,,,,0.14,0.02,0.08,,,0.98,
,"Thu, Jul 16",15:38 ,Queso Unt. Finlandia Light,5,Lácteo,50 gr,5 gr,3 gr,7 gr,0 gr,95 kcal,,,,,,,,,,,,,,,,,,,,,,,,,,,,0.07,0.22,2.13,0.29,0.51,4.11,
,"Thu, Jul 16",15:38 ,Pasta de maní King natural,1,Fruto Seco,15 gr,4 gr,2 gr,7 gr,1 gr,88 kcal,,,,,,,,,,,,,,,,,,,,,,,,,,,,,2.50,3.60,,,7.35,
,"Thu, Jul 16",15:38 ,Huevo,1,Proteína,65 gr,8 gr,0 gr,8 gr,0 gr,101 kcal,,,,,,,,,,,,,,,,,,,,,,,,,,,,0.15,1.23,2.91,,,7.67,
,"Thu, Jul 16",15:38 ,Nuez (1),2,Fruto Seco,8 gr,1 gr,1 gr,5 gr,0 gr,54 kcal,,,,,,,,,,,,,,,,,,,,,,,,,,,,0.51,2.60,1.12,,,5.10,
,"Thu, Jul 16",15:38 ,Queso Tregar Portsalut,1,Lácteo,35 gr,10 gr,0 gr,5 gr,0 gr,82 kcal,,,,,,,,,,,,,,,,,,,,,,,,,,,,0.05,0.14,1.32,0.18,0.32,2.55,
,"Thu, Jul 16",15:38 ,"Aceite de oliva (EV, PPF)",2,Grano,4 gr,0 gr,0 gr,4 gr,0 gr,36 kcal,,,,,,,,,,,,,,,,,,,,,,,,,,,,0.04,0.40,3.00,,,4.00,
,"Thu, Jul 16",15:38 ,Yogurt Griego Yogusísimo (140g),1,Lácteo,140 gr,9 gr,12 gr,4 gr,0 gr,115 kcal,,,,,,,,,,,,,,,,,,,,,,,,,,,,,,,,,,
,"Thu, Jul 16",15:38 ,Almendra (1),1,Fruto Seco,7 gr,1 gr,0 gr,4 gr,1 gr,40 kcal,,,,,,68 gr,18 gr,44 gr,3 gr,750 kcal,444 gr,,115 gr,100 gr,124 gr,35 gr,2000 kcal,1 gr,8 gr,17 gr,0 gr,1 gr,36 gr,0 gr,26 gr,37 gr,1:8,,0.67,2.73,,,3.75,
,"Fri, Jul 17",10:45 ,Jugo de Limón,1,Fruta,30 gr,0 gr,4 gr,0 gr,0 gr,12 kcal,19:07,,,,,,,,,,,,,,,,,,,,,,,,,,,,,,,,,
,"Fri, Jul 17",10:45 ,Pan Integral D&D,2,Grano,35 gr,3 gr,17 gr,1 gr,2 gr,81 kcal,,,,,,,,,,,,,,,,,,,,,,,,,,,,,,,,,,
,"Fri, Jul 17",10:45 ,Queso Unt. Finlandia Light,2,Lácteo,20 gr,2 gr,1 gr,3 gr,0 gr,38 kcal,,,,,,,,,,,,,,,,,,,,,,,,,,,,0.03,0.09,0.85,0.12,0.21,1.64,
,"Fri, Jul 17",10:45 ,Palta,0.2,Fruta,38 gr,1 gr,3 gr,6 gr,3 gr,61 kcal,,,,,,,,,,,,,,,,,,,,,,,,,,,,0.06,0.78,3.96,,,5.57,
,"Fri, Jul 17",10:45 ,Café,1,Infusión,0 gr,0 gr,0 gr,0 gr,0 gr,0 kcal,,,,,,,,,,,,,,,,,,,,,,,,,,,,,,,,,,
,"Fri, Jul 17",10:45 ,"Leche, Protein",0.5,Lácteo,50 gr,2 gr,2 gr,0 gr,0 gr,19 kcal,,,,,,,,,,,,,,,,,,,,,,,,,,,,,,,,,,
,"Fri, Jul 17",10:45 ,Nuez (1),2,Fruto Seco,8 gr,1 gr,1 gr,5 gr,0 gr,54 kcal,,,,,,,,,,,,,,,,,,,,,,,,,,,,0.51,2.60,1.12,,,5.10,
,"Fri, Jul 17",10:45 ,Almendra (1),1,Fruto Seco,7 gr,1 gr,0 gr,4 gr,1 gr,40 kcal,,,,,,,,,,,,,,,,,,,,,,,,,,,,,0.67,2.73,,,3.75,
,"Fri, Jul 17",10:45 ,"Chocolate Colonial, amargo dietético 70%",1,Carb,7 gr,1 gr,3 gr,2 gr,1 gr,35 kcal,,,,,,11 gr,32 gr,21 gr,7 gr,339 kcal,195 gr,,115 gr,100 gr,124 gr,35 gr,2000 kcal,1 gr,4 gr,9 gr,0 gr,0 gr,18 gr,0 gr,14 gr,19 gr,1:4,,0.07,0.79,,,2.38,
,"Sat, Jul 18",9:15 ,Palta,0.2,Fruta,38 gr,1 gr,3 gr,6 gr,3 gr,61 kcal,22:30,,,,,,,,,,,,,,,,,,,,,,,,,,,0.06,0.78,3.96,,,5.57,
,"Sat, Jul 18",9:15 ,Queso Unt. Finlandia Light,2,Lácteo,20 gr,2 gr,1 gr,3 gr,0 gr,38 kcal,,,,,,,,,,,,,,,,,,,,,,,,,,,,0.03,0.09,0.85,0.12,0.21,1.64,
,"Sat, Jul 18",9:15 ,Huevo,1,Proteína,65 gr,8 gr,0 gr,8 gr,0 gr,101 kcal,,,,,,,,,,,,,,,,,,,,,,,,,,,,0.15,1.23,2.91,,,7.67,
,"Sat, Jul 18",9:15 ,Pan Integral D&D,2,Grano,50 gr,4 gr,24 gr,1 gr,3 gr,116 kcal,,,,,,,,,,,,,,,,,,,,,,,,,,,,,,,,,,
,"Sat, Jul 18",9:15 ,Nuez (1),2,Fruto Seco,8 gr,1 gr,1 gr,5 gr,0 gr,54 kcal,,,,,,,,,,,,,,,,,,,,,,,,,,,,0.51,2.60,1.12,,,5.10,
,"Sat, Jul 18",9:15 ,Maní King Tostado Sin Piel Sin Sodio (1 cda sop),0.5,Fruto Seco,8 gr,2 gr,1 gr,4 gr,1 gr,45 kcal,,,,,,,,,,,,,,,,,,,,,,,,,,,,,1.28,1.84,,,3.75,
,"Sat, Jul 18",9:15 ,"Celienergy, galletitas de nuez bañandas en cho bco",2,Carb,28 gr,1 gr,17 gr,7 gr,0 gr,131 kcal,,,,,,,,,,,,,,,,,,,,,,,,,,,,,,,,,,
,"Sat, Jul 18",9:15 ,Te,1,Infusión,0 gr,0 gr,0 gr,0 gr,0 gr,0 kcal,,,,,,,,,,,,,,,,,,,,,,,,,,,,,,,,,,
,"Sat, Jul 18",9:15 ,Vitaminas,0.5,Complemento,127 gr,0 gr,0 gr,0 gr,0 gr,0 kcal,,,,,,,,,,,,,,,,,,,,,,,,,,,,,,,,,,
,"Sat, Jul 18",9:15 ,Vitamina D,1,Complemento,146 gr,0 gr,0 gr,0 gr,0 gr,0 kcal,,,,,,,,,,,,,,,,,,,,,,,,,,,,,,,,,,
,"Sat, Jul 18",15:20 ,Pollo (1 pechuga),1,Proteína,54 gr,15 gr,0 gr,2 gr,0 gr,82 kcal,06:05,,,,,,,,,,,,,,,,,,,,,,,,,,,0.02,0.35,0.69,,,1.73,
,"Sat, Jul 18",15:20 ,Tomate,1,Verdura,250 gr,2 gr,10 gr,1 gr,3 gr,45 kcal,,,,,,,,,,,,,,,,,,,,,,,,,,,,,,,,,,
,"Sat, Jul 18",15:20 ,Queso Tregar Portsalut,2,Lácteo,202 gr,59 gr,0 gr,26 gr,0 gr,471 kcal,,,,,,,,,,,,,,,,,,,,,,,,,,,,0.26,0.79,7.62,1.05,1.84,14.71,
,"Sat, Jul 18",15:20 ,Nuez (1),2,Fruto Seco,8 gr,1 gr,1 gr,5 gr,0 gr,54 kcal,,,,,,,,,,,,,,,,,,,,,,,,,,,,0.51,2.60,1.12,,,5.10,
,"Sat, Jul 18",16:00 ,Banana,1.4,Fruta,210 gr,2 gr,48 gr,1 gr,5 gr,187 kcal,00:40,,,,,,,,,,,,,,,,,,,,,,,,,,,,,,,,,
,"Sat, Jul 18",16:00 ,"Dicomere, cacao amargo puro en polvo",1.2,Procesado,12 gr,3 gr,2 gr,1 gr,4 gr,33 kcal,,,,,,,,,,,,,,,,,,,,,,,,,,,,,,,,,,
,"Sat, Jul 18",16:00 ,"Dulce de leche Savona Fit, stevia",2,Carb,20 gr,1 gr,4 gr,1 gr,4 gr,40 kcal,,,,,,,,,,,,,,,,,,,,,,,,,,,,0.01,0.04,0.38,0.05,0.09,0.73,
,"Sat, Jul 18",16:00 ,Pasta de maní King natural,1,Fruto Seco,15 gr,4 gr,2 gr,7 gr,1 gr,88 kcal,,,,,,,,,,,,,,,,,,,,,,,,,,,,,2.50,3.60,,,7.35,
,"Sat, Jul 18",16:00 ,Almendra (1),1,Fruto Seco,7 gr,1 gr,0 gr,4 gr,1 gr,40 kcal,,,,,,,,,,,,,,,,,,,,,,,,,,,,,0.67,2.73,,,3.75,
,"Sat, Jul 18",19:00 ,Te,1,Infusión,0 gr,0 gr,0 gr,0 gr,0 gr,0 kcal,03:00,,,,,,,,,,,,,,,,,,,,,,,,,,,,,,,,,
,"Sat, Jul 18",20:30 ,"Dicomere, cacao amargo puro en polvo",1,Procesado,10 gr,2 gr,2 gr,1 gr,4 gr,28 kcal,01:30,,,,,,,,,,,,,,,,,,,,,,,,,,,,,,,,,
,"Sat, Jul 18",20:30 ,"Leche, Protein",1.7,Lácteo,170 gr,8 gr,8 gr,0 gr,0 gr,63 kcal,,,,,,,,,,,,,,,,,,,,,,,,,,,,,,,,,,
,"Sat, Jul 18",21:55 ,Queso Tregar Portsalut,1,Lácteo,24 gr,7 gr,0 gr,3 gr,0 gr,56 kcal,01:25,,,,,,,,,,,,,,,,,,,,,,,,,,,0.03,0.09,0.90,0.12,0.22,1.75,
,"Sat, Jul 18",21:55 ,Nuez (1),2,Fruto Seco,8 gr,1 gr,1 gr,5 gr,0 gr,54 kcal,,,,,,,,,,,,,,,,,,,,,,,,,,,,0.51,2.60,1.12,,,5.10,
,"Sat, Jul 18",21:55 ,Maní King Tostado Sin Piel Sin Sodio (1 cda sop),0.5,Fruto Seco,8 gr,2 gr,1 gr,4 gr,1 gr,45 kcal,,,,,,,,,,,,,,,,,,,,,,,,,,,,,1.28,1.84,,,3.75,
,"Sat, Jul 18",21:55 ,Salamín,0.5,Proteína,15 gr,3 gr,0 gr,4 gr,0 gr,38 kcal,,,,,,131 gr,126 gr,98 gr,31 gr,"1,868 kcal",1502 gr,,115 gr,100 gr,124 gr,35 gr,2000 kcal,2 gr,17 gr,32 gr,1 gr,2 gr,72 gr,0 gr,52 gr,75 gr,2:17,0.04,0.39,1.76,,,3.90,
,"Sun, Jul 19",10:10 ,Palta,0.2,Fruta,45 gr,1 gr,4 gr,7 gr,3 gr,72 kcal,12:15,,,,,,,,,,,,,,,,,,,,,,,,,,,0.07,0.92,4.68,,,6.60,
,"Sun, Jul 19",10:10 ,Queso Unt. Finlandia tradicional,2,Lácteo,20 gr,2 gr,1 gr,5 gr,0 gr,54 kcal,,,,,,,,,,,,,,,,,,,,,,,,,,,,0.05,0.15,1.47,0.20,0.35,2.84,
,"Sun, Jul 19",10:10 ,Queso Tregar Portsalut,1.5,Lácteo,45 gr,13 gr,0 gr,6 gr,0 gr,105 kcal,,,,,,,,,,,,,,,,,,,,,,,,,,,,0.06,0.18,1.70,0.23,0.41,3.28,
,"Sun, Jul 19",10:10 ,Salamín,1,Proteína,30 gr,7 gr,0 gr,8 gr,0 gr,75 kcal,,,,,,,,,,,,,,,,,,,,,,,,,,,,0.08,0.78,3.51,,,7.80,
,"Sun, Jul 19",10:10 ,Pan Integral D&D,2,Grano,50 gr,4 gr,24 gr,1 gr,3 gr,116 kcal,,,,,,,,,,,,,,,,,,,,,,,,,,,,,,,,,,
,"Sun, Jul 19",10:10 ,Huevo,1,Proteína,65 gr,8 gr,0 gr,8 gr,0 gr,101 kcal,,,,,,,,,,,,,,,,,,,,,,,,,,,,0.15,1.23,2.91,,,7.67,
,"Sun, Jul 19",10:10 ,"Leche, protein chocolate intenso",1.5,Lácteo,150 gr,7 gr,8 gr,0 gr,0 gr,63 kcal,,,,,,,,,,,,,,,,,,,,,,,,,,,,,,,,,,
,"Sun, Jul 19",10:10 ,Nuez (1),2,Fruto Seco,8 gr,1 gr,1 gr,5 gr,0 gr,54 kcal,,,,,,,,,,,,,,,,,,,,,,,,,,,,0.51,2.60,1.12,,,5.10,
,"Sun, Jul 19",10:10 ,Maní King Tostado Sin Piel Sin Sodio (1 cda sop),1,Fruto Seco,15 gr,4 gr,2 gr,8 gr,1 gr,89 kcal,,,,,,,,,,,,,,,,,,,,,,,,,,,,,2.55,3.68,,,7.50,
,"Sun, Jul 19",10:10 ,Vitaminas,1,Complemento,0 gr,0 gr,0 gr,0 gr,0 gr,0 kcal,,,,,,,,,,,,,,,,,,,,,,,,,,,,,,,,,,
,"Sun, Jul 19",10:10 ,Vitamina D,1,Complemento,0 gr,0 gr,0 gr,0 gr,0 gr,0 kcal,,,,,,,,,,,,,,,,,,,,,,,,,,,,,,,,,,
,"Sun, Jul 19",16:00 ,Queso Pategrás La Paulina,1,Lácteo,30 gr,8 gr,0 gr,9 gr,0 gr,110 kcal,05:50,,,,,,,,,,,,,,,,,,,,,,,,,,,0.09,0.26,2.49,0.34,0.60,4.82,
,"Sun, Jul 19",16:00 ,Salamín,1,Proteína,30 gr,7 gr,0 gr,8 gr,0 gr,75 kcal,,,,,,,,,,,,,,,,,,,,,,,,,,,,0.08,0.78,3.51,,,7.80,
,"Sun, Jul 19",16:00 ,Maní King Tostado Sin Piel Sin Sodio (1 cda sop),0.5,Fruto Seco,8 gr,2 gr,1 gr,4 gr,1 gr,45 kcal,,,,,,,,,,,,,,,,,,,,,,,,,,,,,1.28,1.84,,,3.75,
,"Sun, Jul 19",19:00 ,Queso Pategrás La Paulina,2,Lácteo,60 gr,17 gr,0 gr,17 gr,0 gr,220 kcal,03:00,,,,,,,,,,,,,,,,,,,,,,,,,,,0.17,0.52,4.99,0.69,1.20,9.63,
,"Sun, Jul 19",19:00 ,Salamín,1,Proteína,30 gr,7 gr,0 gr,8 gr,0 gr,75 kcal,,,,,,,,,,,,,,,,,,,,,,,,,,,,0.08,0.78,3.51,,,7.80,
,"Sun, Jul 19",19:00 ,Maní King Tostado Sin Piel Sin Sodio (1 cda sop),0.5,Fruto Seco,8 gr,2 gr,1 gr,4 gr,1 gr,45 kcal,,,,,,,,,,,,,,,,,,,,,,,,,,,,,1.28,1.84,,,3.75,
,"Sun, Jul 19",19:00 ,Te,2,Infusión,0 gr,0 gr,0 gr,0 gr,0 gr,0 kcal,,,,,,,,,,,,,,,,,,,,,,,,,,,,,,,,,,
,"Sun, Jul 19",21:00 ,"Leche, Protein",2,Lácteo,200 gr,9 gr,9 gr,0 gr,0 gr,74 kcal,02:00,,,,,,,,,,,,,,,,,,,,,,,,,,,,,,,,,
,"Sun, Jul 19",21:00 ,"Dicomere, cacao amargo puro en polvo",1,Procesado,10 gr,2 gr,2 gr,1 gr,4 gr,28 kcal,,,,,,,,,,,,,,,,,,,,,,,,,,,,,,,,,,
,"Sun, Jul 19",21:00 ,"Chocolate Colonial, amargo dietético 70%",1,Carb,7 gr,1 gr,3 gr,2 gr,1 gr,35 kcal,,,,,,,,,,,,,,,,,,,,,,,,,,,,,0.07,0.79,,,2.38,
,"Sun, Jul 19",21:00 ,Nuez (1),2,Fruto Seco,8 gr,1 gr,1 gr,5 gr,0 gr,54 kcal,,,,,,101 gr,57 gr,104 gr,13 gr,"1,489 kcal",818 gr,,115 gr,100 gr,124 gr,35 gr,2000 kcal,2 gr,16 gr,39 gr,1 gr,3 gr,86 gr,0 gr,57 gr,90 gr,2:16,0.51,2.60,1.12,,,5.10,
,"Mon, Jul 20",9:40 ,Pan Integral D&D,2,Grano,50 gr,4 gr,24 gr,1 gr,3 gr,116 kcal,12:40,,,,,,,,,,,,,,,,,,,,,,,,,,,,,,,,,
,"Mon, Jul 20",9:40 ,Queso Unt. Finlandia tradicional,2,Lácteo,20 gr,2 gr,1 gr,5 gr,0 gr,54 kcal,,,,,,,,,,,,,,,,,,,,,,,,,,,,0.05,0.15,1.47,0.20,0.35,2.84,
,"Mon, Jul 20",9:40 ,Huevo,1,Proteína,65 gr,8 gr,0 gr,8 gr,0 gr,101 kcal,,,,,,,,,,,,,,,,,,,,,,,,,,,,0.15,1.23,2.91,,,7.67,
,"Mon, Jul 20",9:40 ,Queso Tregar Portsalut,1.6,Lácteo,50 gr,15 gr,0 gr,7 gr,0 gr,117 kcal,,,,,,,,,,,,,,,,,,,,,,,,,,,,0.07,0.20,1.89,0.26,0.46,3.64,
,"Mon, Jul 20",9:40 ,Salamín,1,Proteína,30 gr,7 gr,0 gr,8 gr,0 gr,75 kcal,,,,,,,,,,,,,,,,,,,,,,,,,,,,0.08,0.78,3.51,,,7.80,
,"Mon, Jul 20",9:40 ,Café,1,Infusión,0 gr,0 gr,0 gr,0 gr,0 gr,0 kcal,,,,,,,,,,,,,,,,,,,,,,,,,,,,,,,,,,
,"Mon, Jul 20",9:40 ,Nuez (1),2,Fruto Seco,8 gr,1 gr,1 gr,5 gr,0 gr,54 kcal,,,,,,,,,,,,,,,,,,,,,,,,,,,,0.51,2.60,1.12,,,5.10,
,"Mon, Jul 20",9:40 ,Maní King Tostado Sin Piel Sin Sodio (1 cda sop),0.5,Fruto Seco,8 gr,2 gr,1 gr,4 gr,1 gr,45 kcal,,,,,,,,,,,,,,,,,,,,,,,,,,,,,1.28,1.84,,,3.75,
,"Mon, Jul 20",9:40 ,"Chocolate Colonial, amargo dietético 70%",1,Carb,7 gr,1 gr,3 gr,2 gr,1 gr,35 kcal,,,,,,,,,,,,,,,,,,,,,,,,,,,,,0.07,0.79,,,2.38,
,"Mon, Jul 20",9:40 ,"Leche, Protein",0.5,Lácteo,50 gr,2 gr,2 gr,0 gr,0 gr,19 kcal,,,,,,,,,,,,,,,,,,,,,,,,,,,,,,,,,,
,"Mon, Jul 20",9:40 ,Vitaminas,1,Complemento,0 gr,0 gr,0 gr,0 gr,0 gr,0 kcal,,,,,,,,,,,,,,,,,,,,,,,,,,,,,,,,,,
,"Mon, Jul 20",9:40 ,Vitamina D,1,Complemento,0 gr,0 gr,0 gr,0 gr,0 gr,0 kcal,,,,,,,,,,,,,,,,,,,,,,,,,,,,,,,,,,
,"Mon, Jul 20",14:55 ,Cebolla,0.5,Verdura,80 gr,1 gr,8 gr,0 gr,1 gr,34 kcal,05:15,,,,,,,,,,,,,,,,,,,,,,,,,,,,,,,,,
,"Mon, Jul 20",14:55 ,Ají,0.3,Verdura,48 gr,0 gr,2 gr,0 gr,0 gr,9 kcal,,,,,,,,,,,,,,,,,,,,,,,,,,,,,,,,,,
,"Mon, Jul 20",14:55 ,Zucchini,0.3,Verdura,80 gr,1 gr,3 gr,0 gr,1 gr,14 kcal,,,,,,,,,,,,,,,,,,,,,,,,,,,,,,,,,,
,"Mon, Jul 20",14:55 ,Zanahoria,0.3,Verdura,90 gr,1 gr,9 gr,0 gr,3 gr,37 kcal,,,,,,,,,,,,,,,,,,,,,,,,,,,,,,,,,,
,"Mon, Jul 20",14:55 ,Lentejas,0.5,Carb,136 gr,9 gr,22 gr,1 gr,7 gr,126 kcal,,,,,,,,,,,,,,,,,,,,,,,,,,,,,,,,,,
,"Mon, Jul 20",14:55 ,Arroz Integral,1,Grano,40 gr,1 gr,9 gr,0 gr,1 gr,44 kcal,,,,,,,,,,,,,,,,,,,,,,,,,,,,,,,,,,
,"Mon, Jul 20",14:55 ,"Aceite de oliva (EV, PPF)",3,Grano,6 gr,0 gr,0 gr,6 gr,0 gr,54 kcal,,,,,,,,,,,,,,,,,,,,,,,,,,,,0.06,0.60,4.50,,,6.00,
,"Mon, Jul 20",14:55 ,Maní King Tostado Sin Piel Sin Sodio (1 cda sop),1,Fruto Seco,15 gr,4 gr,2 gr,8 gr,1 gr,89 kcal,,,,,,,,,,,,,,,,,,,,,,,,,,,,,2.55,3.68,,,7.50,
,"Mon, Jul 20",14:55 ,Nuez (1),2,Fruto Seco,8 gr,1 gr,1 gr,5 gr,0 gr,54 kcal,,,,,,,,,,,,,,,,,,,,,,,,,,,,0.51,2.60,1.12,,,5.10,
,"Mon, Jul 20",14:55 ,Pollo (1 pechuga),0.4,Proteína,108 gr,31 gr,0 gr,3 gr,0 gr,163 kcal,,,,,,,,,,,,,,,,,,,,,,,,,,,,0.03,0.69,1.38,,,3.46,
,"Mon, Jul 20",14:55 ,Queso Tregar Portsalut,1,Lácteo,30 gr,9 gr,0 gr,4 gr,0 gr,70 kcal,,,,,,,,,,,,,,,,,,,,,,,,,,,,0.04,0.12,1.13,0.16,0.27,2.18,
,"Mon, Jul 20",14:55 ,Vauquita bañada en chocolate,1,Carb,28 gr,2 gr,18 gr,3 gr,0 gr,102 kcal,,,,,,100 gr,105 gr,70 gr,18 gr,"1,411 kcal",957 gr,,115 gr,100 gr,124 gr,35 gr,2000 kcal,2 gr,13 gr,25 gr,1 gr,1 gr,57 gr,0 gr,40 gr,59 gr,2:13,,,,,,,
,"Tue, Jul 21",9:40 ,Pan Integral D&D,2,Grano,50 gr,4 gr,24 gr,1 gr,3 gr,116 kcal,18:45,,,,,,,,,,,,,,,,,,,,,,,,,,,,,,,,,
,"Tue, Jul 21",9:40 ,Queso Unt. Finlandia tradicional,2,Lácteo,20 gr,2 gr,1 gr,5 gr,0 gr,54 kcal,,,,,,,,,,,,,,,,,,,,,,,,,,,,0.05,0.15,1.47,0.20,0.35,2.84,
,"Tue, Jul 21",9:40 ,Huevo,1,Proteína,59 gr,7 gr,0 gr,7 gr,0 gr,92 kcal,,,,,,,,,,,,,,,,,,,,,,,,,,,,0.14,1.11,2.65,,,6.96,
,"Tue, Jul 21",9:40 ,Queso Tregar Portsalut,1,Lácteo,33 gr,10 gr,0 gr,4 gr,0 gr,77 kcal,,,,,,,,,,,,,,,,,,,,,,,,,,,,0.04,0.13,1.24,0.17,0.30,2.40,
,"Tue, Jul 21",9:40 ,Café,1,Infusión,0 gr,0 gr,0 gr,0 gr,0 gr,0 kcal,,,,,,,,,,,,,,,,,,,,,,,,,,,,,,,,,,
,"Tue, Jul 21",9:40 ,"Leche, Protein",0.5,Lácteo,50 gr,2 gr,2 gr,0 gr,0 gr,19 kcal,,,,,,,,,,,,,,,,,,,,,,,,,,,,,,,,,,
,"Tue, Jul 21",9:40 ,Nuez (1),2,Fruto Seco,8 gr,1 gr,1 gr,5 gr,0 gr,54 kcal,,,,,,,,,,,,,,,,,,,,,,,,,,,,0.51,2.60,1.12,,,5.10,
,"Tue, Jul 21",9:40 ,Maní King Tostado Sin Piel Sin Sodio (1 cda sop),1,Fruto Seco,15 gr,4 gr,2 gr,8 gr,1 gr,89 kcal,,,,,,,,,,,,,,,,,,,,,,,,,,,,,2.55,3.68,,,7.50,
,"Tue, Jul 21",9:40 ,"Chocolate Colonial, amargo dietético 70%",1,Carb,7 gr,1 gr,3 gr,2 gr,1 gr,35 kcal,,,,,,,,,,,,,,,,,,,,,,,,,,,,,0.07,0.79,,,2.38,
,"Tue, Jul 21",9:40 ,"Dulce de leche Savona Fit, stevia",2,Carb,20 gr,1 gr,4 gr,1 gr,4 gr,40 kcal,,,,,,,,,,,,,,,,,,,,,,,,,,,,0.01,0.04,0.38,0.05,0.09,0.73,
,"Tue, Jul 21",9:40 ,Vitaminas,1,Complemento,0 gr,0 gr,0 gr,0 gr,0 gr,0 kcal,,,,,,,,,,,,,,,,,,,,,,,,,,,,,,,,,,
,"Tue, Jul 21",9:40 ,Vitamina D,1,Complemento,0 gr,0 gr,0 gr,0 gr,0 gr,0 kcal,,,,,,,,,,,,,,,,,,,,,,,,,,,,,,,,,,
,"Tue, Jul 21",14:55 ,Cebolla,0.3,Verdura,69 gr,1 gr,7 gr,0 gr,1 gr,29 kcal,05:15,,,,,,,,,,,,,,,,,,,,,,,,,,,,,,,,,
,"Tue, Jul 21",14:55 ,Ají,0.3,Verdura,45 gr,0 gr,2 gr,0 gr,0 gr,8 kcal,,,,,,,,,,,,,,,,,,,,,,,,,,,,,,,,,,
,"Tue, Jul 21",14:55 ,Zucchini,0.3,Verdura,83 gr,1 gr,3 gr,0 gr,1 gr,14 kcal,,,,,,,,,,,,,,,,,,,,,,,,,,,,,,,,,,
,"Tue, Jul 21",14:55 ,Zanahoria,0.4,Verdura,66 gr,1 gr,6 gr,0 gr,2 gr,27 kcal,,,,,,,,,,,,,,,,,,,,,,,,,,,,,,,,,,
,"Tue, Jul 21",14:55 ,Champiñones,0.5,Proteína,90 gr,4 gr,3 gr,0 gr,1 gr,27 kcal,,,,,,,,,,,,,,,,,,,,,,,,,,,,,,,,,,
,"Tue, Jul 21",14:55 ,Nuez (1),3.5,Fruto Seco,14 gr,2 gr,2 gr,9 gr,1 gr,94 kcal,,,,,,,,,,,,,,,,,,,,,,,,,,,,0.89,4.56,1.97,,,8.93,
,"Tue, Jul 21",14:55 ,Maní King Tostado Sin Piel Sin Sodio (1 cda sop),1,Fruto Seco,15 gr,4 gr,2 gr,8 gr,1 gr,89 kcal,,,,,,,,,,,,,,,,,,,,,,,,,,,,,2.55,3.68,,,7.50,
,"Tue, Jul 21",14:55 ,"Aceite de oliva (EV, PPF)",3,Grano,6 gr,0 gr,0 gr,6 gr,0 gr,54 kcal,,,,,,,,,,,,,,,,,,,,,,,,,,,,0.06,0.60,4.50,,,6.00,
,"Tue, Jul 21",14:55 ,Pollo (1 pechuga),0.6,Proteína,134 gr,38 gr,0 gr,4 gr,0 gr,202 kcal,,,,,,,,,,,,,,,,,,,,,,,,,,,,0.04,0.86,1.72,,,4.29,
,"Tue, Jul 21",14:55 ,Queso Tregar Portsalut,1,Lácteo,28 gr,8 gr,0 gr,4 gr,0 gr,65 kcal,,,,,,,,,,,,,,,,,,,,,,,,,,,,0.04,0.11,1.06,0.15,0.25,2.04,
,"Tue, Jul 21",14:55 ,"Yogurt, Ser",1,Lácteo,190 gr,9 gr,11 gr,0 gr,0 gr,80 kcal,,,,,,,,,,,,,,,,,,,,,,,,,,,,,,,,,,
,"Tue, Jul 21",20:45 ,"Leche, Protein",2,Lácteo,200 gr,9 gr,9 gr,0 gr,0 gr,74 kcal,05:50,,,,,,,,,,,,,,,,,,,,,,,,,,,,,,,,,
,"Tue, Jul 21",20:45 ,"Dicomere, cacao amargo puro en polvo",1,Procesado,10 gr,2 gr,2 gr,1 gr,4 gr,28 kcal,,,,,,,,,,,,,,,,,,,,,,,,,,,,,,,,,,
,"Tue, Jul 21",20:45 ,Nuez (1),2,Fruto Seco,8 gr,1 gr,1 gr,5 gr,0 gr,54 kcal,,,,,,,,,,,,,,,,,,,,,,,,,,,,0.51,2.60,1.12,,,5.10,
,"Tue, Jul 21",20:45 ,Almendra (1),1,Fruto Seco,7 gr,1 gr,0 gr,4 gr,1 gr,40 kcal,,,,,,,,,,,,,,,,,,,,,,,,,,,,,0.67,2.73,,,3.75,
,"Tue, Jul 21",20:45 ,Cheddar americano Tonadita (1 feta),1,Lácteo,15 gr,2 gr,1 gr,3 gr,0 gr,43 kcal,,,,,,115 gr,85 gr,78 gr,21 gr,"1,505 kcal",1242 gr,,115 gr,100 gr,124 gr,35 gr,2000 kcal,2 gr,19 gr,29 gr,1 gr,1 gr,67 gr,0 gr,50 gr,69 gr,2:19,0.03,0.10,0.97,0.13,0.23,1.88,
,"Wed, Jul 22",9:45 ,Pan Integral D&D,2,Grano,50 gr,4 gr,24 gr,1 gr,3 gr,116 kcal,13:00,,,,,,,,,,,,,,,,,,,,,,,,,,,,,,,,,
,"Wed, Jul 22",9:45 ,Maní King Tostado Sin Piel Sin Sodio (1 cda sop),1,Fruto Seco,15 gr,4 gr,2 gr,8 gr,1 gr,89 kcal,,,,,,,,,,,,,,,,,,,,,,,,,,,,,2.55,3.68,,,7.50,
,"Wed, Jul 22",9:45 ,Huevo,1,Proteína,65 gr,8 gr,0 gr,8 gr,0 gr,101 kcal,,,,,,,,,,,,,,,,,,,,,,,,,,,,0.15,1.23,2.91,,,7.67,
,"Wed, Jul 22",9:45 ,Queso Tregar Portsalut,1,Lácteo,30 gr,9 gr,0 gr,4 gr,0 gr,70 kcal,,,,,,,,,,,,,,,,,,,,,,,,,,,,0.04,0.12,1.13,0.16,0.27,2.18,
,"Wed, Jul 22",9:45 ,"Dulce de leche Savona Fit, stevia",2,Carb,20 gr,1 gr,4 gr,1 gr,4 gr,40 kcal,,,,,,,,,,,,,,,,,,,,,,,,,,,,0.01,0.04,0.38,0.05,0.09,0.73,
,"Wed, Jul 22",9:45 ,Nuez (1),2,Fruto Seco,8 gr,1 gr,1 gr,5 gr,0 gr,54 kcal,,,,,,,,,,,,,,,,,,,,,,,,,,,,0.51,2.60,1.12,,,5.10,
,"Wed, Jul 22",9:45 ,Almendra (1),1,Fruto Seco,7 gr,1 gr,0 gr,4 gr,1 gr,40 kcal,,,,,,,,,,,,,,,,,,,,,,,,,,,,,0.67,2.73,,,3.75,
,"Wed, Jul 22",9:45 ,Café,1,Infusión,0 gr,0 gr,0 gr,0 gr,0 gr,0 kcal,,,,,,,,,,,,,,,,,,,,,,,,,,,,,,,,,,
,"Wed, Jul 22",9:45 ,"Leche, Protein",0.5,Lácteo,50 gr,2 gr,2 gr,0 gr,0 gr,19 kcal,,,,,,,,,,,,,,,,,,,,,,,,,,,,,,,,,,
,"Wed, Jul 22",9:45 ,Vitaminas,1,Complemento,0 gr,0 gr,0 gr,0 gr,0 gr,0 kcal,,,,,,,,,,,,,,,,,,,,,,,,,,,,,,,,,,
,"Wed, Jul 22",9:45 ,Vitamina D,1,Complemento,0 gr,0 gr,0 gr,0 gr,0 gr,0 kcal,,,,,,,,,,,,,,,,,,,,,,,,,,,,,,,,,,
,"Wed, Jul 22",13:45 ,"Vaca, cuadril",1.4,Proteína,140 gr,31 gr,0 gr,10 gr,0 gr,210 kcal,04:00,,,,,,,,,,,,,,,,,,,,,,,,,,,0.10,0.39,4.12,,,4.90,
,"Wed, Jul 22",13:45 ,Lechuga,0.1,Verdura,25 gr,0 gr,0 gr,0 gr,0 gr,2 kcal,,,,,,,,,,,,,,,,,,,,,,,,,,,,,,,,,,
,"Wed, Jul 22",13:45 ,Tomate,0.25,Verdura,63 gr,1 gr,2 gr,0 gr,1 gr,11 kcal,,,,,,,,,,,,,,,,,,,,,,,,,,,,,,,,,,
,"Wed, Jul 22",15:00 ,"Leche, Protein",1,Lácteo,100 gr,5 gr,5 gr,0 gr,0 gr,37 kcal,01:15,,,,,,,,,,,,,,,,,,,,,,,,,,,,,,,,,
,"Wed, Jul 22",21:00 ,"Leche, Protein",2.46,Lácteo,246 gr,11 gr,11 gr,0 gr,0 gr,91 kcal,06:00,,,,,,,,,,,,,,,,,,,,,,,,,,,,,,,,,
,"Wed, Jul 22",21:00 ,"Dicomere, cacao amargo puro en polvo",1,Procesado,10 gr,2 gr,2 gr,1 gr,4 gr,28 kcal,,,,,,,,,,,,,,,,,,,,,,,,,,,,,,,,,,
,"Wed, Jul 22",21:00 ,Queso Tregar Portsalut,1.5,Lácteo,40 gr,12 gr,0 gr,5 gr,0 gr,93 kcal,,,,,,,,,,,,,,,,,,,,,,,,,,,,0.05,0.16,1.51,0.21,0.36,2.91,
,"Wed, Jul 22",21:00 ,Nuez (1),1,Fruto Seco,4 gr,1 gr,0 gr,3 gr,0 gr,27 kcal,,,,,,,,,,,,,,,,,,,,,,,,,,,,0.26,1.30,0.56,,,2.55,
,"Wed, Jul 22",21:00 ,Maní King Tostado Sin Piel Sin Sodio (1 cda sop),1,Fruto Seco,15 gr,4 gr,2 gr,8 gr,1 gr,89 kcal,,,,,,,,,,,,,,,,,,,,,,,,,,,,,2.55,3.68,,,7.50,
,"Wed, Jul 22",21:00 ,Huevo,1,Proteína,65 gr,8 gr,0 gr,8 gr,0 gr,101 kcal,,,,,,,,,,,,,,,,,,,,,,,,,,,,0.15,1.23,2.91,,,7.67,
,"Wed, Jul 22",21:00 ,"Chocolate Colonial, amargo dietético 70%",0.8,Carb,6 gr,1 gr,3 gr,2 gr,1 gr,28 kcal,,,,,,105 gr,59 gr,66 gr,16 gr,"1,247 kcal",958 gr,,115 gr,100 gr,124 gr,35 gr,2000 kcal,1 gr,13 gr,25 gr,0 gr,1 gr,54 gr,0 gr,40 gr,56 gr,1:13,,0.06,0.63,,,1.90,
,"Thu, Jul 23",9:45 ,Pan Integral D&D,2,Grano,50 gr,4 gr,24 gr,1 gr,3 gr,116 kcal,12:45,,,,,,,,,,,,,,,,,,,,,,,,,,,,,,,,,
,"Thu, Jul 23",9:45 ,Queso Unt. Finlandia tradicional,2,Lácteo,20 gr,2 gr,1 gr,5 gr,0 gr,54 kcal,,,,,,,,,,,,,,,,,,,,,,,,,,,,0.05,0.15,1.47,0.20,0.35,2.84,
,"Thu, Jul 23",9:45 ,Huevo,1,Proteína,65 gr,8 gr,0 gr,8 gr,0 gr,101 kcal,,,,,,,,,,,,,,,,,,,,,,,,,,,,0.15,1.23,2.91,,,7.67,
,"Thu, Jul 23",9:45 ,Café,1,Infusión,0 gr,0 gr,0 gr,0 gr,0 gr,0 kcal,,,,,,,,,,,,,,,,,,,,,,,,,,,,,,,,,,
,"Thu, Jul 23",9:45 ,"Leche, Protein",1,Lácteo,100 gr,5 gr,5 gr,0 gr,0 gr,37 kcal,,,,,,,,,,,,,,,,,,,,,,,,,,,,,,,,,,
,"Thu, Jul 23",9:45 ,Nuez (1),2,Fruto Seco,8 gr,1 gr,1 gr,5 gr,0 gr,54 kcal,,,,,,,,,,,,,,,,,,,,,,,,,,,,0.51,2.60,1.12,,,5.10,
,"Thu, Jul 23",9:45 ,Maní King Tostado Sin Piel Sin Sodio (1 cda sop),1,Fruto Seco,15 gr,4 gr,2 gr,8 gr,1 gr,89 kcal,,,,,,,,,,,,,,,,,,,,,,,,,,,,,2.55,3.68,,,7.50,
,"Thu, Jul 23",9:45 ,"Chocolate Colonial, amargo dietético 70%",2,Carb,14 gr,2 gr,7 gr,5 gr,1 gr,69 kcal,,,,,,,,,,,,,,,,,,,,,,,,,,,,,0.14,1.57,,,4.76,
,"Thu, Jul 23",14:45 ,Cebolla,0.5,Verdura,68 gr,1 gr,7 gr,0 gr,1 gr,29 kcal,05:00,,,,,,,,,,,,,,,,,,,,,,,,,,,,,,,,,
,"Thu, Jul 23",14:45 ,Ají,0.3,Verdura,27 gr,0 gr,1 gr,0 gr,0 gr,5 kcal,,,,,,,,,,,,,,,,,,,,,,,,,,,,,,,,,,
,"Thu, Jul 23",14:45 ,Champiñones,0.5,Proteína,122 gr,5 gr,4 gr,1 gr,1 gr,37 kcal,,,,,,,,,,,,,,,,,,,,,,,,,,,,,,,,,,
,"Thu, Jul 23",14:45 ,Lentejas,0.5,Carb,105 gr,7 gr,17 gr,1 gr,5 gr,98 kcal,,,,,,,,,,,,,,,,,,,,,,,,,,,,,,,,,,
,"Thu, Jul 23",14:45 ,Pollo (1 pechuga),0.5,Proteína,133 gr,38 gr,0 gr,4 gr,0 gr,201 kcal,,,,,,,,,,,,,,,,,,,,,,,,,,,,0.04,0.85,1.70,,,4.26,
,"Thu, Jul 23",14:45 ,Nuez (1),2,Fruto Seco,8 gr,1 gr,1 gr,5 gr,0 gr,54 kcal,,,,,,,,,,,,,,,,,,,,,,,,,,,,0.51,2.60,1.12,,,5.10,
,"Thu, Jul 23",14:45 ,Maní King Tostado Sin Piel Sin Sodio (1 cda sop),1,Fruto Seco,15 gr,4 gr,2 gr,8 gr,1 gr,89 kcal,,,,,,,,,,,,,,,,,,,,,,,,,,,,,2.55,3.68,,,7.50,
,"Thu, Jul 23",14:45 ,"Aceite de oliva (EV, PPF)",3,Grano,6 gr,0 gr,0 gr,6 gr,0 gr,54 kcal,,,,,,,,,,,,,,,,,,,,,,,,,,,,0.06,0.60,4.50,,,6.00,
,"Thu, Jul 23",14:45 ,Queso Tregar Portsalut,1.5,Lácteo,57 gr,17 gr,0 gr,7 gr,0 gr,133 kcal,,,,,,,,,,,,,,,,,,,,,,,,,,,,0.07,0.22,2.15,0.30,0.52,4.15,
,"Thu, Jul 23",14:45 ,Vauquita,1,Carb,25 gr,2 gr,14 gr,1 gr,1 gr,68 kcal,,,,,,,,,,,,,,,,,,,,,,,,,,,,,,,,,,
,"Thu, Jul 23",20:15 ,"Leche, Protein",2,Lácteo,200 gr,9 gr,9 gr,0 gr,0 gr,74 kcal,05:30,,,,,,,,,,,,,,,,,,,,,,,,,,,,,,,,,
,"Thu, Jul 23",20:15 ,"Dicomere, cacao amargo puro en polvo",1,Procesado,10 gr,2 gr,2 gr,1 gr,4 gr,28 kcal,,,,,,,,,,,,,,,,,,,,,,,,,,,,,,,,,,
,"Thu, Jul 23",20:15 ,Salamín,1,Proteína,25 gr,6 gr,0 gr,7 gr,0 gr,63 kcal,,,,,,,,,,,,,,,,,,,,,,,,,,,,0.07,0.65,2.93,,,6.50,
,"Thu, Jul 23",20:15 ,Queso Regianitto Punta de Agua,1,Lácteo,30 gr,9 gr,0 gr,9 gr,0 gr,119 kcal,,,,,,,,,,,,,,,,,,,,,,,,,,,,0.09,0.27,2.61,0.36,0.63,5.04,
,"Thu, Jul 23",20:15 ,Queso Pategrás Sancor,1,Lácteo,33 gr,9 gr,0 gr,10 gr,0 gr,122 kcal,,,,,,,,,,,,,,,,,,,,,,,,,,,,0.10,0.29,2.78,0.38,0.67,5.36,
,"Thu, Jul 23",20:15 ,Maní King Tostado Sin Piel Sin Sodio (1 cda sop),1,Fruto Seco,15 gr,4 gr,2 gr,8 gr,1 gr,89 kcal,,,,,,,,,,,,,,,,,,,,,,,,,,,,,2.55,3.68,,,7.50,
,"Thu, Jul 23",20:15 ,Nuez (1),2,Fruto Seco,8 gr,1 gr,1 gr,5 gr,0 gr,54 kcal,,,,,,139 gr,98 gr,103 gr,21 gr,"1,836 kcal",1159 gr,,115 gr,100 gr,124 gr,35 gr,2000 kcal,2 gr,20 gr,37 gr,1 gr,2 gr,84 gr,0 gr,59 gr,88 gr,2:20,0.51,2.60,1.12,,,5.10,
,"Fri, Jul 24",10:15 ,Pan Integral D&D,2,Grano,50 gr,4 gr,24 gr,1 gr,3 gr,116 kcal,14:00,,,,,,,,,,,,,,,,,,,,,,,,,,,,,,,,,
,"Fri, Jul 24",10:15 ,Queso Unt. Finlandia tradicional,2,Lácteo,20 gr,2 gr,1 gr,5 gr,0 gr,54 kcal,,,,,,,,,,,,,,,,,,,,,,,,,,,,0.05,0.15,1.47,0.20,0.35,2.84,
,"Fri, Jul 24",10:15 ,Queso Pategrás Sancor,2,Lácteo,60 gr,16 gr,0 gr,17 gr,0 gr,222 kcal,,,,,,,,,,,,,,,,,,,,,,,,,,,,0.17,0.52,5.05,0.70,1.22,9.74,
,"Fri, Jul 24",10:15 ,Salamín,1,Proteína,30 gr,7 gr,0 gr,8 gr,0 gr,75 kcal,,,,,,,,,,,,,,,,,,,,,,,,,,,,0.08,0.78,3.51,,,7.80,
,"Fri, Jul 24",10:15 ,Huevo,1,Proteína,47 gr,6 gr,0 gr,6 gr,0 gr,73 kcal,,,,,,,,,,,,,,,,,,,,,,,,,,,,0.11,0.89,2.11,,,5.55,
,"Fri, Jul 24",10:15 ,Café,1,Infusión,0 gr,0 gr,0 gr,0 gr,0 gr,0 kcal,,,,,,,,,,,,,,,,,,,,,,,,,,,,,,,,,,
,"Fri, Jul 24",10:15 ,"Leche, Protein",1,Lácteo,100 gr,5 gr,5 gr,0 gr,0 gr,37 kcal,,,,,,,,,,,,,,,,,,,,,,,,,,,,,,,,,,
,"Fri, Jul 24",10:15 ,Maní King Tostado Sin Piel Sin Sodio (1 cda sop),1,Fruto Seco,15 gr,4 gr,2 gr,8 gr,1 gr,89 kcal,,,,,,,,,,,,,,,,,,,,,,,,,,,,,2.55,3.68,,,7.50,
,"Fri, Jul 24",10:15 ,Nuez (1),2,Fruto Seco,8 gr,1 gr,1 gr,5 gr,0 gr,54 kcal,,,,,,,,,,,,,,,,,,,,,,,,,,,,0.51,2.60,1.12,,,5.10,
,"Fri, Jul 24",10:15 ,"Chocolate Colonial, amargo dietético 70%",2,Carb,14 gr,2 gr,7 gr,5 gr,1 gr,69 kcal,,,,,,,,,,,,,,,,,,,,,,,,,,,,,0.14,1.57,,,4.76,
,"Fri, Jul 24",10:15 ,"Dulce de leche Savona Fit, stevia",2,Carb,20 gr,1 gr,4 gr,1 gr,4 gr,40 kcal,,,,,,,,,,,,,,,,,,,,,,,,,,,,0.01,0.04,0.38,0.05,0.09,0.73,
,"Fri, Jul 24",10:15 ,Vitaminas,1,Complemento,0 gr,0 gr,0 gr,0 gr,0 gr,0 kcal,,,,,,,,,,,,,,,,,,,,,,,,,,,,,,,,,,
,"Fri, Jul 24",10:15 ,Vitamina D,1,Complemento,0 gr,0 gr,0 gr,0 gr,0 gr,0 kcal,,,,,,,,,,,,,,,,,,,,,,,,,,,,,,,,,,
,"Fri, Jul 24",15:30 ,Zanahoria,0.3,Verdura,70 gr,1 gr,7 gr,0 gr,2 gr,29 kcal,05:15,,,,,,,,,,,,,,,,,,,,,,,,,,,,,,,,,
,"Fri, Jul 24",15:30 ,Zucchini,0.3,Verdura,120 gr,1 gr,4 gr,0 gr,1 gr,20 kcal,,,,,,,,,,,,,,,,,,,,,,,,,,,,,,,,,,
,"Fri, Jul 24",15:30 ,Ají,0.3,Verdura,42 gr,0 gr,2 gr,0 gr,0 gr,8 kcal,,,,,,,,,,,,,,,,,,,,,,,,,,,,,,,,,,
,"Fri, Jul 24",15:30 ,Cebolla,0.5,Verdura,94 gr,1 gr,9 gr,0 gr,1 gr,39 kcal,,,,,,,,,,,,,,,,,,,,,,,,,,,,,,,,,,
,"Fri, Jul 24",15:30 ,Tomate,1,Verdura,168 gr,1 gr,7 gr,0 gr,2 gr,30 kcal,,,,,,,,,,,,,,,,,,,,,,,,,,,,,,,,,,
,"Fri, Jul 24",15:30 ,Lentejas,0.5,Carb,148 gr,10 gr,24 gr,1 gr,7 gr,138 kcal,,,,,,,,,,,,,,,,,,,,,,,,,,,,,,,,,,
,"Fri, Jul 24",15:30 ,Pollo (1 pechuga),0.4,Proteína,75 gr,21 gr,0 gr,2 gr,0 gr,113 kcal,,,,,,,,,,,,,,,,,,,,,,,,,,,,0.02,0.48,0.96,,,2.40,
,"Fri, Jul 24",15:30 ,Maní King Tostado Sin Piel Sin Sodio (1 cda sop),1,Fruto Seco,15 gr,4 gr,2 gr,8 gr,1 gr,89 kcal,,,,,,,,,,,,,,,,,,,,,,,,,,,,,2.55,3.68,,,7.50,
,"Fri, Jul 24",15:30 ,Nuez (1),2,Fruto Seco,8 gr,1 gr,1 gr,5 gr,0 gr,54 kcal,,,,,,,,,,,,,,,,,,,,,,,,,,,,0.51,2.60,1.12,,,5.10,
,"Fri, Jul 24",15:30 ,"Aceite de oliva (EV, PPF)",3,Grano,6 gr,0 gr,0 gr,6 gr,0 gr,54 kcal,,,,,,,,,,,,,,,,,,,,,,,,,,,,0.06,0.60,4.50,,,6.00,
,"Fri, Jul 24",20:00 ,Queso Regianitto Punta de Agua,2,Lácteo,60 gr,18 gr,1 gr,18 gr,0 gr,238 kcal,04:30,,,,,,,,,,,,,,,,,,,,,,,,,,,0.18,0.54,5.22,0.72,1.26,10.08,
,"Fri, Jul 24",20:00 ,Salamín,1,Proteína,30 gr,7 gr,0 gr,8 gr,0 gr,75 kcal,,,,,,,,,,,,,,,,,,,,,,,,,,,,0.08,0.78,3.51,,,7.80,
,"Fri, Jul 24",20:00 ,Nuez (1),2,Fruto Seco,8 gr,1 gr,1 gr,5 gr,0 gr,54 kcal,,,,,,114 gr,99 gr,110 gr,26 gr,"1,772 kcal",1208 gr,,115 gr,100 gr,124 gr,35 gr,2000 kcal,2 gr,18 gr,39 gr,2 gr,3 gr,88 gr,0 gr,59 gr,93 gr,2:18,0.51,2.60,1.12,,,5.10,
,"Sat, Jul 25",9:30 ,Pan Integral D&D,2,Grano,50 gr,4 gr,24 gr,1 gr,3 gr,116 kcal,13:30,,,,,,,,,,,,,,,,,,,,,,,,,,,,,,,,,
,"Sat, Jul 25",9:30 ,Queso Unt. Finlandia Light,2,Lácteo,20 gr,2 gr,1 gr,3 gr,0 gr,38 kcal,,,,,,,,,,,,,,,,,,,,,,,,,,,,0.03,0.09,0.85,0.12,0.21,1.64,
,"Sat, Jul 25",9:30 ,Huevo,1,Proteína,65 gr,8 gr,0 gr,8 gr,0 gr,101 kcal,,,,,,,,,,,,,,,,,,,,,,,,,,,,0.15,1.23,2.91,,,7.67,
,"Sat, Jul 25",9:30 ,Palta,0.3,Fruta,42 gr,1 gr,4 gr,6 gr,3 gr,67 kcal,,,,,,,,,,,,,,,,,,,,,,,,,,,,0.06,0.86,4.37,,,6.16,
,"Sat, Jul 25",9:30 ,Nuez (1),4,Fruto Seco,16 gr,2 gr,2 gr,10 gr,1 gr,108 kcal,,,,,,,,,,,,,,,,,,,,,,,,,,,,1.02,5.21,2.25,,,10.21,
,"Sat, Jul 25",9:30 ,"Chocolate Colonial, amargo dietético 70%",2,Carb,14 gr,2 gr,7 gr,5 gr,1 gr,69 kcal,,,,,,,,,,,,,,,,,,,,,,,,,,,,,0.14,1.57,,,4.76,
,"Sat, Jul 25",9:30 ,"Dulce de leche Savona Fit, stevia",2,Carb,20 gr,1 gr,4 gr,1 gr,4 gr,40 kcal,,,,,,,,,,,,,,,,,,,,,,,,,,,,0.01,0.04,0.38,0.05,0.09,0.73,
,"Sat, Jul 25",9:30 ,Maní King Tostado Sin Piel Sin Sodio (1 cda sop),1,Fruto Seco,15 gr,4 gr,2 gr,8 gr,1 gr,89 kcal,,,,,,,,,,,,,,,,,,,,,,,,,,,,,2.55,3.68,,,7.50,
,"Sat, Jul 25",9:30 ,Cebolla,0.5,Verdura,86 gr,1 gr,9 gr,0 gr,1 gr,36 kcal,,,,,,,,,,,,,,,,,,,,,,,,,,,,,,,,,,
,"Sat, Jul 25",15:20 ,Ají,0.3,Verdura,80 gr,1 gr,3 gr,0 gr,1 gr,14 kcal,05:50,,,,,,,,,,,,,,,,,,,,,,,,,,,,,,,,,
,"Sat, Jul 25",15:20 ,Zucchini,0.4,Verdura,154 gr,2 gr,5 gr,0 gr,2 gr,26 kcal,,,,,,,,,,,,,,,,,,,,,,,,,,,,,,,,,,
,"Sat, Jul 25",15:20 ,Zanahoria,0.4,Verdura,112 gr,1 gr,11 gr,0 gr,3 gr,46 kcal,,,,,,,,,,,,,,,,,,,,,,,,,,,,,,,,,,
,"Sat, Jul 25",15:20 ,Atún (1 lata),2,Proteína,215 gr,55 gr,0 gr,2 gr,0 gr,249 kcal,,,,,,,,,,,,,,,,,,,,,,,,,,,,0.25,0.04,0.14,,,1.76,
,"Sat, Jul 25",15:20 ,Queso Regianitto Punta de Agua,1,Lácteo,33 gr,10 gr,0 gr,10 gr,0 gr,131 kcal,,,,,,,,,,,,,,,,,,,,,,,,,,,,0.10,0.30,2.87,0.40,0.69,5.54,
,"Sat, Jul 25",15:20 ,Nuez (1),4,Fruto Seco,16 gr,2 gr,2 gr,10 gr,1 gr,108 kcal,,,,,,,,,,,,,,,,,,,,,,,,,,,,1.02,5.21,2.25,,,10.21,
,"Sat, Jul 25",15:20 ,Maní King Tostado Sin Piel Sin Sodio (1 cda sop),1,Fruto Seco,15 gr,4 gr,2 gr,8 gr,1 gr,89 kcal,,,,,,,,,,,,,,,,,,,,,,,,,,,,,2.55,3.68,,,7.50,
,"Sat, Jul 25",15:20 ,"Aceite de oliva (EV, PPF)",3.5,Grano,7 gr,0 gr,0 gr,7 gr,0 gr,63 kcal,,,,,,,,,,,,,,,,,,,,,,,,,,,,0.07,0.70,5.25,,,7.00,
,"Sat, Jul 25",15:20 ,"Medallón de chocolate con menta, Benot",1,Procesado,14 gr,0 gr,10 gr,1 gr,1 gr,35 kcal,,,,,,,,,,,,,,,,,,,,,,,,,,,,,0.04,0.42,,,1.26,
,"Sat, Jul 25",17:30 ,Sandwitch keto,1,Elaborado,200 gr,30 gr,12 gr,60 gr,8 gr,700 kcal,02:10,,,,,,,,,,,,,,,,,,,,,,,,,,,,10.80,43.80,,,60.00,
,"Sat, Jul 25",17:30 ,Cappuccino italiano,1,Elaborado,190 gr,5 gr,6 gr,16 gr,0 gr,210 kcal,,,,,,134 gr,102 gr,156 gr,31 gr,"2,337 kcal",1364 gr,,115 gr,100 gr,124 gr,35 gr,2000 kcal,3 gr,30 gr,74 gr,1 gr,1 gr,132 gr,0 gr,107 gr,133 gr,3:30,,,,,,,
,"Sun, Jul 26",10:00 ,Pan Integral D&D,2,Grano,50 gr,4 gr,24 gr,1 gr,3 gr,116 kcal,16:30,,,,,,,,,,,,,,,,,,,,,,,,,,,,,,,,,
,"Sun, Jul 26",10:00 ,Palta,0.3,Fruta,59 gr,1 gr,5 gr,9 gr,4 gr,94 kcal,,,,,,,,,,,,,,,,,,,,,,,,,,,,0.09,1.21,6.14,,,8.65,
,"Sun, Jul 26",10:00 ,Queso Unt. Finlandia Light,2,Lácteo,20 gr,2 gr,1 gr,3 gr,0 gr,38 kcal,,,,,,,,,,,,,,,,,,,,,,,,,,,,0.03,0.09,0.85,0.12,0.21,1.64,
,"Sun, Jul 26",10:00 ,Huevo,2,Proteína,100 gr,12 gr,0 gr,12 gr,0 gr,156 kcal,,,,,,,,,,,,,,,,,,,,,,,,,,,,0.24,1.89,4.48,,,11.80,
,"Sun, Jul 26",10:00 ,"Dulce de leche Savona Fit, stevia",1.6,Carb,16 gr,1 gr,3 gr,1 gr,3 gr,32 kcal,,,,,,,,,,,,,,,,,,,,,,,,,,,,0.01,0.03,0.30,0.04,0.07,0.58,
,"Sun, Jul 26",10:00 ,"Chocolate Colonial, amargo dietético 70%",2.2,Carb,15 gr,2 gr,8 gr,5 gr,2 gr,76 kcal,,,,,,,,,,,,,,,,,,,,,,,,,,,,,0.16,1.73,,,5.24,
,"Sun, Jul 26",10:00 ,Nuez (1),3,Fruto Seco,12 gr,2 gr,1 gr,8 gr,1 gr,81 kcal,,,,,,,,,,,,,,,,,,,,,,,,,,,,0.77,3.90,1.68,,,7.66,
,"Sun, Jul 26",10:00 ,Almendra (1),1,Fruto Seco,7 gr,1 gr,0 gr,4 gr,1 gr,40 kcal,,,,,,,,,,,,,,,,,,,,,,,,,,,,,0.67,2.73,,,3.75,
,"Sun, Jul 26",10:00 ,Vitaminas,1,Complemento,0 gr,0 gr,0 gr,0 gr,0 gr,0 kcal,,,,,,,,,,,,,,,,,,,,,,,,,,,,,,,,,,
,"Sun, Jul 26",10:00 ,Vitamina D,1,Complemento,0 gr,0 gr,0 gr,0 gr,0 gr,0 kcal,,,,,,25 gr,43 gr,42 gr,13 gr,634 kcal,279 gr,,115 gr,100 gr,124 gr,35 gr,2000 kcal,1 gr,8 gr,18 gr,0 gr,0 gr,39 gr,0 gr,27 gr,40 gr,1:8,,,,,,,
,"Thu, Jul 30",10:50 ,Pan Integral D&D,2,Grano,50 gr,4 gr,24 gr,1 gr,3 gr,116 kcal,00:50,,,,,,,,,,,,,,,,,,,,,,,,,,,,,,,,,
,"Thu, Jul 30",10:50 ,Queso Unt. Finlandia Light,2,Lácteo,20 gr,2 gr,1 gr,3 gr,0 gr,38 kcal,,,,,,,,,,,,,,,,,,,,,,,,,,,,0.03,0.09,0.85,0.12,0.21,1.64,
,"Thu, Jul 30",10:50 ,Huevo,1,Proteína,52 gr,6 gr,0 gr,6 gr,0 gr,81 kcal,,,,,,,,,,,,,,,,,,,,,,,,,,,,0.12,0.98,2.33,,,6.14,
,"Thu, Jul 30",10:50 ,Palta,0.3,Fruta,41 gr,1 gr,3 gr,6 gr,3 gr,66 kcal,,,,,,,,,,,,,,,,,,,,,,,,,,,,0.06,0.84,4.27,,,6.01,
,"Thu, Jul 30",10:50 ,Queso cremoso Punta de Agua,2.5,Lácteo,75 gr,13 gr,2 gr,19 gr,0 gr,228 kcal,,,,,,,,,,,,,,,,,,,,,,,,,,,,0.19,0.56,5.44,0.75,1.31,10.50,
,"Thu, Jul 30",10:50 ,Café,1,Infusión,0 gr,0 gr,0 gr,0 gr,0 gr,0 kcal,,,,,,,,,,,,,,,,,,,,,,,,,,,,,,,,,,
,"Thu, Jul 30",10:50 ,"Chocolate Colonial, amargo dietético 70%",2,Carb,14 gr,2 gr,7 gr,5 gr,1 gr,69 kcal,,,,,,,,,,,,,,,,,,,,,,,,,,,,,0.14,1.57,,,4.76,
,"Thu, Jul 30",10:50 ,"Dulce de leche Savona Fit, stevia",1.5,Carb,15 gr,1 gr,3 gr,1 gr,3 gr,30 kcal,,,,,,,,,,,,,,,,,,,,,,,,,,,,0.01,0.03,0.28,0.04,0.07,0.55,
,"Thu, Jul 30",10:50 ,Nuez (1),2,Fruto Seco,8 gr,1 gr,1 gr,5 gr,0 gr,54 kcal,,,,,,,,,,,,,,,,,,,,,,,,,,,,0.51,2.60,1.12,,,5.10,
,"Thu, Jul 30",10:50 ,Maní King Tostado Sin Piel Sin Sodio (1 cda sop),1,Fruto Seco,15 gr,4 gr,2 gr,8 gr,1 gr,89 kcal,,,,,,,,,,,,,,,,,,,,,,,,,,,,,2.55,3.68,,,7.50,
,"Thu, Jul 30",10:50 ,Vitaminas,1,Complemento,0 gr,0 gr,0 gr,0 gr,0 gr,0 kcal,,,,,,,,,,,,,,,,,,,,,,,,,,,,,,,,,,
,"Thu, Jul 30",10:50 ,Vitamina D,1,Complemento,0 gr,0 gr,0 gr,0 gr,0 gr,0 kcal,,,,,,,,,,,,,,,,,,,,,,,,,,,,,,,,,,
,"Thu, Jul 30",15:30 ,Zucchini,0.5,Verdura,121 gr,1 gr,4 gr,0 gr,1 gr,21 kcal,04:40,,,,,,,,,,,,,,,,,,,,,,,,,,,,,,,,,
,"Thu, Jul 30",15:30 ,Ají,0.5,Verdura,63 gr,1 gr,3 gr,0 gr,0 gr,11 kcal,,,,,,,,,,,,,,,,,,,,,,,,,,,,,,,,,,
,"Thu, Jul 30",15:30 ,Zanahoria,0.5,Verdura,56 gr,1 gr,5 gr,0 gr,2 gr,23 kcal,,,,,,,,,,,,,,,,,,,,,,,,,,,,,,,,,,
,"Thu, Jul 30",15:30 ,Cebolla,0.5,Verdura,138 gr,1 gr,14 gr,0 gr,2 gr,58 kcal,,,,,,,,,,,,,,,,,,,,,,,,,,,,,,,,,,
,"Thu, Jul 30",15:30 ,Pollo (1 pechuga),0.5,Proteína,137 gr,39 gr,0 gr,4 gr,0 gr,207 kcal,,,,,,,,,,,,,,,,,,,,,,,,,,,,0.04,0.88,1.75,,,4.38,
,"Thu, Jul 30",15:30 ,Champiñones,1,Proteína,100 gr,4 gr,3 gr,1 gr,1 gr,30 kcal,,,,,,,,,,,,,,,,,,,,,,,,,,,,,,,,,,
,"Thu, Jul 30",15:30 ,Nuez (1),2,Fruto Seco,8 gr,1 gr,1 gr,5 gr,0 gr,54 kcal,,,,,,,,,,,,,,,,,,,,,,,,,,,,0.51,2.60,1.12,,,5.10,
,"Thu, Jul 30",15:30 ,Maní King Tostado Sin Piel Sin Sodio (1 cda sop),1,Fruto Seco,15 gr,4 gr,2 gr,8 gr,1 gr,89 kcal,,,,,,,,,,,,,,,,,,,,,,,,,,,,,2.55,3.68,,,7.50,
,"Thu, Jul 30",15:30 ,"Aceite de oliva (EV, PPF)",3,Grano,6 gr,0 gr,0 gr,6 gr,0 gr,54 kcal,,,,,,,,,,,,,,,,,,,,,,,,,,,,0.06,0.60,4.50,,,6.00,
,"Thu, Jul 30",15:30 ,Queso Regianitto Punta de Agua,1.5,Lácteo,42 gr,13 gr,0 gr,13 gr,0 gr,167 kcal,,,,,,,,,,,,,,,,,,,,,,,,,,,,0.13,0.38,3.65,0.50,0.88,7.06,
,"Thu, Jul 30",15:30 ,Yogurt Griego Yogusísimo (140g),1,Lácteo,140 gr,9 gr,12 gr,4 gr,0 gr,115 kcal,,,,,,,,,,,,,,,,,,,,,,,,,,,,,,,,,,
,"Thu, Jul 30",15:30 ,Almendra (1),1,Fruto Seco,7 gr,1 gr,0 gr,4 gr,1 gr,40 kcal,,,,,,,,,,,,,,,,,,,,,,,,,,,,,0.67,2.73,,,3.75,
,"Thu, Jul 30",23:20 ,Huevo,1,Proteína,58 gr,7 gr,0 gr,7 gr,0 gr,90 kcal,07:50,,,,,,,,,,,,,,,,,,,,,,,,,,,0.14,1.10,2.60,,,6.84,
,"Thu, Jul 30",23:20 ,Queso cremoso Punta de Agua,1,Lácteo,46 gr,8 gr,1 gr,12 gr,0 gr,140 kcal,,,,,,,,,,,,,,,,,,,,,,,,,,,,0.12,0.35,3.34,0.46,0.81,6.44,
,"Thu, Jul 30",23:20 ,Nuez (1),2,Fruto Seco,8 gr,1 gr,1 gr,5 gr,0 gr,54 kcal,,,,,,,,,,,,,,,,,,,,,,,,,,,,0.51,2.60,1.12,,,5.10,
,"Thu, Jul 30",23:20 ,Maní King Tostado Sin Piel Sin Sodio (1 cda sop),1,Fruto Seco,15 gr,4 gr,2 gr,8 gr,1 gr,89 kcal,,,,,,128 gr,90 gr,128 gr,22 gr,"2,013 kcal",1250 gr,,115 gr,100 gr,124 gr,35 gr,2000 kcal,2 gr,22 gr,48 gr,2 gr,3 gr,102 gr,0 gr,72 gr,107 gr,2:22,,2.55,3.68,,,7.50,
,"Fri, Jul 31",10:45 ,Pan Integral D&D,2,Grano,50 gr,4 gr,24 gr,1 gr,3 gr,116 kcal,11:25,,,,,,,,,,,,,,,,,,,,,,,,,,,,,,,,,
,"Fri, Jul 31",10:45 ,Palta,0.3,Fruta,44 gr,1 gr,4 gr,6 gr,3 gr,70 kcal,,,,,,,,,,,,,,,,,,,,,,,,,,,,0.06,0.90,4.58,,,6.45,
,"Fri, Jul 31",10:45 ,Queso Unt. Finlandia Light,2,Lácteo,20 gr,2 gr,1 gr,3 gr,0 gr,38 kcal,,,,,,,,,,,,,,,,,,,,,,,,,,,,0.03,0.09,0.85,0.12,0.21,1.64,
,"Fri, Jul 31",10:45 ,Huevo,1,Proteína,58 gr,7 gr,0 gr,7 gr,0 gr,90 kcal,,,,,,,,,,,,,,,,,,,,,,,,,,,,0.14,1.10,2.60,,,6.84,
,"Fri, Jul 31",10:45 ,Queso Pategrás Sancor,2,Lácteo,60 gr,16 gr,0 gr,17 gr,0 gr,222 kcal,,,,,,,,,,,,,,,,,,,,,,,,,,,,0.17,0.52,5.05,0.70,1.22,9.74,
,"Fri, Jul 31",10:45 ,Jamón Cocido (1 feta),2,Proteína,80 gr,15 gr,2 gr,3 gr,0 gr,97 kcal,,,,,,,,,,,,,,,,,,,,,,,,,,,,,0.29,1.15,,,0.70,
,"Fri, Jul 31",10:45 ,Café,1,Infusión,0 gr,0 gr,0 gr,0 gr,0 gr,0 kcal,,,,,,,,,,,,,,,,,,,,,,,,,,,,,,,,,,
,"Fri, Jul 31",10:45 ,"Leche, Protein",1,Lácteo,100 gr,5 gr,5 gr,0 gr,0 gr,37 kcal,,,,,,,,,,,,,,,,,,,,,,,,,,,,,,,,,,
,"Fri, Jul 31",10:45 ,Nuez (1),2,Fruto Seco,8 gr,1 gr,1 gr,5 gr,0 gr,54 kcal,,,,,,,,,,,,,,,,,,,,,,,,,,,,0.51,2.60,1.12,,,5.10,
,"Fri, Jul 31",10:45 ,"Chocolate Colonial, amargo dietético 70%",2,Carb,14 gr,2 gr,7 gr,5 gr,1 gr,69 kcal,,,,,,,,,,,,,,,,,,,,,,,,,,,,,0.14,1.57,,,4.76,
,"Fri, Jul 31",10:45 ,Vitaminas,1,Complemento,0 gr,0 gr,0 gr,0 gr,0 gr,0 kcal,,,,,,,,,,,,,,,,,,,,,,,,,,,,,,,,,,
,"Fri, Jul 31",10:45 ,Vitamina D,1,Complemento,0 gr,0 gr,0 gr,0 gr,0 gr,0 kcal,,,,,,,,,,,,,,,,,,,,,,,,,,,,,,,,,,
,"Fri, Jul 31",16:00 ,Zucchini,0.5,Verdura,185 gr,2 gr,6 gr,0 gr,2 gr,31 kcal,05:15,,,,,,,,,,,,,,,,,,,,,,,,,,,,,,,,,
,"Fri, Jul 31",16:00 ,Zanahoria,0.5,Verdura,68 gr,1 gr,7 gr,0 gr,2 gr,28 kcal,,,,,,,,,,,,,,,,,,,,,,,,,,,,,,,,,,
,"Fri, Jul 31",16:00 ,Ají,0.4,Verdura,63 gr,1 gr,3 gr,0 gr,0 gr,11 kcal,,,,,,,,,,,,,,,,,,,,,,,,,,,,,,,,,,
,"Fri, Jul 31",16:00 ,Champiñones,0.5,Proteína,136 gr,5 gr,4 gr,1 gr,1 gr,41 kcal,,,,,,,,,,,,,,,,,,,,,,,,,,,,,,,,,,
,"Fri, Jul 31",16:00 ,Pollo (1 pechuga),0.5,Proteína,114 gr,32 gr,0 gr,4 gr,0 gr,172 kcal,,,,,,,,,,,,,,,,,,,,,,,,,,,,0.04,0.73,1.46,,,3.65,
,"Fri, Jul 31",16:00 ,Nuez (1),2,Fruto Seco,8 gr,1 gr,1 gr,5 gr,0 gr,54 kcal,,,,,,,,,,,,,,,,,,,,,,,,,,,,0.51,2.60,1.12,,,5.10,
,"Fri, Jul 31",16:00 ,Maní King Tostado Sin Piel Sin Sodio (1 cda sop),1,Fruto Seco,15 gr,4 gr,2 gr,8 gr,1 gr,89 kcal,,,,,,,,,,,,,,,,,,,,,,,,,,,,,2.55,3.68,,,7.50,
,"Fri, Jul 31",16:00 ,"Aceite de oliva (EV, PPF)",6,Grano,12 gr,0 gr,0 gr,12 gr,0 gr,108 kcal,,,,,,,,,,,,,,,,,,,,,,,,,,,,0.12,1.20,9.00,,,12.00,
,"Fri, Jul 31",16:00 ,Queso Regianitto Punta de Agua,1,Lácteo,36 gr,11 gr,0 gr,11 gr,0 gr,143 kcal,,,,,,,,,,,,,,,,,,,,,,,,,,,,0.11,0.32,3.13,0.43,0.76,6.05,
,"Fri, Jul 31",16:00 ,Queso cremoso Punta de Agua,1.5,Lácteo,48 gr,8 gr,1 gr,12 gr,0 gr,146 kcal,,,,,,,,,,,,,,,,,,,,,,,,,,,,0.12,0.36,3.48,0.48,0.84,6.72,
,"Fri, Jul 31",16:00 ,Vauquita bañada en chocolate,1,Carb,28 gr,2 gr,18 gr,3 gr,0 gr,102 kcal,,,,,,,,,,,,,,,,,,,,,,,,,,,,,,,,,,
,"Fri, Jul 31",19:30 ,Café,1,Infusión,0 gr,0 gr,0 gr,0 gr,0 gr,0 kcal,03:30,,,,,,,,,,,,,,,,,,,,,,,,,,,,,,,,,
,"Fri, Jul 31",19:30 ,"Leche, Protein",1,Lácteo,100 gr,5 gr,5 gr,0 gr,0 gr,37 kcal,,,,,,,,,,,,,,,,,,,,,,,,,,,,,,,,,,
,"Fri, Jul 31",19:30 ,"Dicomere, cacao amargo puro en polvo",0.5,Procesado,5 gr,1 gr,1 gr,1 gr,2 gr,14 kcal,,,,,,,,,,,,,,,,,,,,,,,,,,,,,,,,,,
,"Fri, Jul 31",19:30 ,Nuez (1),2,Fruto Seco,8 gr,1 gr,1 gr,5 gr,0 gr,54 kcal,,,,,,,,,,,,,,,,,,,,,,,,,,,,0.51,2.60,1.12,,,5.10,
,"Fri, Jul 31",19:30 ,Almendra (1),1,Fruto Seco,7 gr,1 gr,0 gr,4 gr,1 gr,40 kcal,,,,,,,,,,,,,,,,,,,,,,,,,,,,,0.67,2.73,,,3.75,
,"Fri, Jul 31",19:30 ,"Chocolate Colonial, amargo dietético 70%",1,Carb,7 gr,1 gr,3 gr,2 gr,1 gr,35 kcal,,,,,,,,,,,,,,,,,,,,,,,,,,,,,0.07,0.79,,,2.38,
,"Fri, Jul 31",19:30 ,"Dulce de leche Savona Fit, stevia",1.5,Carb,15 gr,1 gr,3 gr,1 gr,3 gr,30 kcal,,,,,,,,,,,,,,,,,,,,,,,,,,,,0.01,0.03,0.28,0.04,0.07,0.55,
,"Fri, Jul 31",21:30 ,Queso Pategrás La Paulina,1,Lácteo,41 gr,11 gr,0 gr,12 gr,0 gr,150 kcal,02:00,,,,,,,,,,,,,,,,,,,,,,,,,,,0.12,0.35,3.41,0.47,0.82,6.58,
,"Fri, Jul 31",21:30 ,Jamón Cocido (1 feta),1,Proteína,45 gr,8 gr,1 gr,2 gr,0 gr,54 kcal,,,,,,,,,,,,,,,,,,,,,,,,,,,,,0.16,0.64,,,0.39,
,"Fri, Jul 31",21:30 ,Queso cremoso Punta de Agua,1,Lácteo,30 gr,5 gr,1 gr,8 gr,0 gr,91 kcal,,,,,,,,,,,,,,,,,,,,,,,,,,,,0.08,0.23,2.18,0.30,0.53,4.20,
,"Fri, Jul 31",21:30 ,Lomo Horneado (1 feta),3,Proteína,37 gr,9 gr,0 gr,1 gr,0 gr,45 kcal,,,,,,,,,,,,,,,,,,,,,,,,,,,,0.01,0.13,0.58,,,1.30,
,"Fri, Jul 31",21:30 ,Queso Regianitto Punta de Agua,1,Lácteo,30 gr,9 gr,0 gr,9 gr,0 gr,119 kcal,,,,,,,,,,,,,,,,,,,,,,,,,,,,0.09,0.27,2.61,0.36,0.63,5.04,
,"Fri, Jul 31",21:30 ,Nuez (1),2,Fruto Seco,8 gr,1 gr,1 gr,5 gr,0 gr,54 kcal,,,,,,,,,,,,,,,,,,,,,,,,,,,,0.51,2.60,1.12,,,5.10,
,"Fri, Jul 31",21:30 ,Maní King Tostado Sin Piel Sin Sodio (1 cda sop),1,Fruto Seco,15 gr,4 gr,2 gr,8 gr,1 gr,89 kcal,,,,,,177 gr,102 gr,159 gr,24 gr,"2,533 kcal",1495 gr,,115 gr,100 gr,124 gr,35 gr,2000 kcal,3 gr,23 gr,58 gr,3 gr,5 gr,118 gr,0 gr,84 gr,126 gr,3:23,,2.55,3.68,,,7.50,
,"Sat, Aug 1",9:35 ,Huevo,2,Proteína,116 gr,14 gr,0 gr,14 gr,0 gr,181 kcal,12:05,,,,,,,,,,,,,,,,,,,,,,,,,,,0.27,2.19,5.20,,,13.69,
,"Sat, Aug 1",9:35 ,Nuez (1),2,Fruto Seco,8 gr,1 gr,1 gr,5 gr,0 gr,54 kcal,,,,,,,,,,,,,,,,,,,,,,,,,,,,0.51,2.60,1.12,,,5.10,
,"Sat, Aug 1",9:35 ,Maní King Tostado Sin Piel Sin Sodio (1 cda sop),1,Fruto Seco,15 gr,4 gr,2 gr,8 gr,1 gr,89 kcal,,,,,,,,,,,,,,,,,,,,,,,,,,,,,2.55,3.68,,,7.50,
,"Sat, Aug 1",9:35 ,Queso Pategrás La Paulina,1,Lácteo,48 gr,13 gr,0 gr,14 gr,0 gr,176 kcal,,,,,,,,,,,,,,,,,,,,,,,,,,,,0.14,0.41,3.99,0.55,0.96,7.71,
,"Sat, Aug 1",9:35 ,Jamón Cocido (1 feta),1,Proteína,23 gr,4 gr,0 gr,1 gr,0 gr,28 kcal,,,,,,,,,,,,,,,,,,,,,,,,,,,,,0.08,0.33,,,0.20,
,"Sat, Aug 1",9:35 ,Lomo Horneado (1 feta),1,Proteína,10 gr,2 gr,0 gr,0 gr,0 gr,12 kcal,,,,,,,,,,,,,,,,,,,,,,,,,,,,0.00,0.04,0.16,,,0.35,
,"Sat, Aug 1",9:35 ,Queso Regianitto Punta de Agua,1,Lácteo,43 gr,13 gr,0 gr,13 gr,0 gr,171 kcal,,,,,,,,,,,,,,,,,,,,,,,,,,,,0.13,0.39,3.74,0.52,0.90,7.22,
,"Sat, Aug 1",16:00 ,Cebolla,0.5,Verdura,102 gr,1 gr,10 gr,0 gr,1 gr,43 kcal,06:25,,,,,,,,,,,,,,,,,,,,,,,,,,,,,,,,,
,"Sat, Aug 1",16:00 ,Lentejas,0.5,Carb,105 gr,7 gr,17 gr,1 gr,5 gr,98 kcal,,,,,,,,,,,,,,,,,,,,,,,,,,,,,,,,,,
,"Sat, Aug 1",16:00 ,Champiñones,0.5,Proteína,106 gr,4 gr,3 gr,1 gr,1 gr,32 kcal,,,,,,,,,,,,,,,,,,,,,,,,,,,,,,,,,,
,"Sat, Aug 1",16:00 ,Pollo (1 pechuga),0.4,Proteína,107 gr,30 gr,0 gr,3 gr,0 gr,162 kcal,,,,,,,,,,,,,,,,,,,,,,,,,,,,0.03,0.68,1.37,,,3.42,
,"Sat, Aug 1",16:00 ,Nuez (1),2,Fruto Seco,8 gr,1 gr,1 gr,5 gr,0 gr,54 kcal,,,,,,,,,,,,,,,,,,,,,,,,,,,,0.51,2.60,1.12,,,5.10,
,"Sat, Aug 1",16:00 ,Maní King Tostado Sin Piel Sin Sodio (1 cda sop),1,Fruto Seco,15 gr,4 gr,2 gr,8 gr,1 gr,89 kcal,,,,,,,,,,,,,,,,,,,,,,,,,,,,,2.55,3.68,,,7.50,
,"Sat, Aug 1",16:00 ,"Aceite de oliva (EV, PPF)",4,Grano,8 gr,0 gr,0 gr,8 gr,0 gr,72 kcal,,,,,,,,,,,,,,,,,,,,,,,,,,,,0.08,0.80,6.00,,,8.00,
,"Sat, Aug 1",16:00 ,Queso rallado reggianito La Serenisima,1,Lácteo,15 gr,6 gr,0 gr,4 gr,0 gr,59 kcal,,,,,,,,,,,,,,,,,,,,,,,,,,,,0.04,0.12,1.13,0.16,0.27,2.18,
,"Sat, Aug 1",16:00 ,Queso cremoso Punta de Agua,1.5,Lácteo,43 gr,7 gr,1 gr,11 gr,0 gr,130 kcal,,,,,,,,,,,,,,,,,,,,,,,,,,,,0.11,0.32,3.12,0.43,0.75,6.02,
,"Sat, Aug 1",16:00 ,Vitaminas,1,Complemento,0 gr,0 gr,0 gr,0 gr,0 gr,0 kcal,,,,,,,,,,,,,,,,,,,,,,,,,,,,,,,,,,
,"Sat, Aug 1",16:00 ,Vitamina D,1,Complemento,0 gr,0 gr,0 gr,0 gr,0 gr,0 kcal,,,,,,,,,,,,,,,,,,,,,,,,,,,,,,,,,,
,"Sat, Aug 1",16:45 ,Café,1,Infusión,0 gr,0 gr,0 gr,0 gr,0 gr,0 kcal,00:45,,,,,,,,,,,,,,,,,,,,,,,,,,,,,,,,,
,"Sat, Aug 1",16:45 ,"Leche, Protein",1,Lácteo,100 gr,5 gr,5 gr,0 gr,0 gr,37 kcal,,,,,,,,,,,,,,,,,,,,,,,,,,,,,,,,,,
,"Sat, Aug 1",16:45 ,"Chocolate Colonial, amargo dietético 70%",1,Carb,7 gr,1 gr,3 gr,2 gr,1 gr,35 kcal,,,,,,,,,,,,,,,,,,,,,,,,,,,,,0.07,0.79,,,2.38,
,"Sat, Aug 1",16:45 ,Almendra (1),1,Fruto Seco,7 gr,1 gr,0 gr,4 gr,1 gr,40 kcal,,,,,,,,,,,,,,,,,,,,,,,,,,,,,0.67,2.73,,,3.75,
,"Sat, Aug 1",21:20 ,Queso Pategrás La Paulina,1,Lácteo,47 gr,13 gr,0 gr,13 gr,0 gr,172 kcal,04:35,,,,,,,,,,,,,,,,,,,,,,,,,,,0.13,0.40,3.91,0.54,0.94,7.55,
,"Sat, Aug 1",21:20 ,Lomo Horneado (1 feta),3,Proteína,30 gr,7 gr,0 gr,1 gr,0 gr,37 kcal,,,,,,,,,,,,,,,,,,,,,,,,,,,,0.01,0.11,0.47,,,1.05,
,"Sat, Aug 1",21:20 ,Nuez (1),1,Fruto Seco,14 gr,2 gr,2 gr,9 gr,1 gr,94 kcal,,,,,,,,,,,,,,,,,,,,,,,,,,,,0.89,4.56,1.97,,,8.93,
,"Sat, Aug 1",21:20 ,Maní King Tostado Sin Piel Sin Sodio (1 cda sop),1,Fruto Seco,15 gr,4 gr,2 gr,8 gr,1 gr,89 kcal,,,,,,,,,,,,,,,,,,,,,,,,,,,,,2.55,3.68,,,7.50,
,"Sat, Aug 1",21:20 ,Huevo,1,Proteína,55 gr,7 gr,0 gr,6 gr,0 gr,86 kcal,,,,,,152 gr,49 gr,138 gr,15 gr,"2,040 kcal",1047 gr,,115 gr,100 gr,124 gr,35 gr,2000 kcal,3 gr,25 gr,51 gr,2 gr,4 gr,112 gr,0 gr,78 gr,118 gr,3:25,0.13,1.04,2.47,,,6.49,
,"Sun, Aug 2",14:30 ,Huevo,1,Proteína,53 gr,6 gr,0 gr,6 gr,0 gr,83 kcal,17:10,,,,,,,,,,,,,,,,,,,,,,,,,,,0.13,1.00,2.38,,,6.25,
,"Sun, Aug 2",14:30 ,Queso rallado reggianito La Serenisima,3,Lácteo,45 gr,17 gr,0 gr,12 gr,0 gr,176 kcal,,,,,,,,,,,,,,,,,,,,,,,,,,,,0.12,0.35,3.39,0.47,0.82,6.55,
,"Sun, Aug 2",14:30 ,Queso cremoso Punta de Agua,1,Lácteo,35 gr,6 gr,1 gr,9 gr,0 gr,106 kcal,,,,,,,,,,,,,,,,,,,,,,,,,,,,0.09,0.26,2.54,0.35,0.61,4.90,
,"Sun, Aug 2",14:30 ,Muzzarella,1,Lácteo,46 gr,12 gr,2 gr,9 gr,0 gr,139 kcal,,,,,,,,,,,,,,,,,,,,,,,,,,,,0.09,0.28,2.67,0.37,0.64,5.15,
,"Sun, Aug 2",14:30 ,Nuez (1),4,Fruto Seco,16 gr,2 gr,2 gr,10 gr,1 gr,108 kcal,,,,,,,,,,,,,,,,,,,,,,,,,,,,1.02,5.21,2.25,,,10.21,
,"Sun, Aug 2",14:30 ,Maní King Tostado Sin Piel Sin Sodio (1 cda sop),1,Fruto Seco,15 gr,4 gr,2 gr,8 gr,1 gr,89 kcal,,,,,,,,,,,,,,,,,,,,,,,,,,,,,2.55,3.68,,,7.50,
,"Sun, Aug 2",14:30 ,Champiñones,0.5,Proteína,119 gr,5 gr,4 gr,1 gr,1 gr,36 kcal,,,,,,,,,,,,,,,,,,,,,,,,,,,,,,,,,,
,"Sun, Aug 2",14:30 ,Lentejas,0.5,Carb,120 gr,8 gr,19 gr,1 gr,6 gr,112 kcal,,,,,,,,,,,,,,,,,,,,,,,,,,,,,,,,,,
,"Sun, Aug 2",14:30 ,Cebolla,0.5,Verdura,116 gr,1 gr,12 gr,0 gr,2 gr,49 kcal,,,,,,,,,,,,,,,,,,,,,,,,,,,,,,,,,,
,"Sun, Aug 2",14:30 ,"Aceite de oliva (EV, PPF)",3,Grano,7 gr,0 gr,0 gr,7 gr,0 gr,63 kcal,,,,,,,,,,,,,,,,,,,,,,,,,,,,0.07,0.70,5.25,,,7.00,
,"Sun, Aug 2",14:30 ,Vitaminas,1,Complemento,0 gr,0 gr,0 gr,0 gr,0 gr,0 kcal,,,,,,,,,,,,,,,,,,,,,,,,,,,,,,,,,,
,"Sun, Aug 2",14:30 ,Vitamina D,1,Complemento,0 gr,0 gr,0 gr,0 gr,0 gr,0 kcal,,,,,,,,,,,,,,,,,,,,,,,,,,,,,,,,,,
,"Sun, Aug 2",17:20 ,Café,1,Infusión,0 gr,0 gr,0 gr,0 gr,0 gr,0 kcal,02:50,,,,,,,,,,,,,,,,,,,,,,,,,,,,,,,,,
,"Sun, Aug 2",17:20 ,"Leche, 1%",1,Lácteo,100 gr,3 gr,5 gr,1 gr,0 gr,40 kcal,,,,,,,,,,,,,,,,,,,,,,,,,,,,,,,,,,
,"Sun, Aug 2",22:10 ,Huevo,2,Proteína,106 gr,13 gr,0 gr,13 gr,0 gr,165 kcal,04:50,,,,,,,,,,,,,,,,,,,,,,,,,,,0.25,2.00,4.75,,,12.51,
,"Sun, Aug 2",22:10 ,Queso rallado reggianito La Serenisima,2,Lácteo,30 gr,11 gr,0 gr,8 gr,0 gr,117 kcal,,,,,,,,,,,,,,,,,,,,,,,,,,,,0.08,0.23,2.26,0.31,0.55,4.37,
,"Sun, Aug 2",22:10 ,Queso Unt. Finlandia Light,2,Lácteo,20 gr,2 gr,1 gr,3 gr,0 gr,38 kcal,,,,,,,,,,,,,,,,,,,,,,,,,,,,0.03,0.09,0.85,0.12,0.21,1.64,
,"Sun, Aug 2",22:10 ,Nuez (1),4,Fruto Seco,16 gr,2 gr,2 gr,10 gr,1 gr,108 kcal,,,,,,,,,,,,,,,,,,,,,,,,,,,,1.02,5.21,2.25,,,10.21,
,"Sun, Aug 2",22:10 ,Maní King Tostado Sin Piel Sin Sodio (1 cda sop),1,Fruto Seco,15 gr,4 gr,2 gr,8 gr,1 gr,89 kcal,,,,,,,,,,,,,,,,,,,,,,,,,,,,,2.55,3.68,,,7.50,
,"Sun, Aug 2",22:10 ,"Aceite de oliva (EV, PPF)",2,Grano,4 gr,0 gr,0 gr,4 gr,0 gr,36 kcal,,,,,,,,,,,,,,,,,,,,,,,,,,,,0.04,0.40,3.00,,,4.00,
,"Sun, Aug 2",22:10 ,Queso Regianitto Punta de Agua,0.5,Lácteo,15 gr,5 gr,0 gr,5 gr,0 gr,60 kcal,,,,,,,,,,,,,,,,,,,,,,,,,,,,0.05,0.14,1.31,0.18,0.32,2.52,
,"Sun, Aug 2",23:10 ,"Leche, Protein",2,Lácteo,200 gr,9 gr,9 gr,0 gr,0 gr,74 kcal,01:00,,,,,,,,,,,,,,,,,,,,,,,,,,,,,,,,,
,"Sun, Aug 2",23:10 ,"Dicomere, cacao amargo puro en polvo",1,Procesado,10 gr,2 gr,2 gr,1 gr,4 gr,28 kcal,,,,,,112 gr,61 gr,114 gr,17 gr,"1,714 kcal",1088 gr,,115 gr,100 gr,124 gr,35 gr,2000 kcal,3 gr,21 gr,40 gr,2 gr,3 gr,90 gr,0 gr,64 gr,95 gr,3:21,,,,,,,
,"Mon, Aug 3",10:40 ,Huevo,1,Proteína,54 gr,6 gr,0 gr,6 gr,0 gr,84 kcal,11:30,,,,,,,,,,,,,,,,,,,,,,,,,,,0.13,1.02,2.42,,,6.37,
,"Mon, Aug 3",10:40 ,Queso Unt. Finlandia Light,2,Lácteo,20 gr,2 gr,1 gr,3 gr,0 gr,38 kcal,,,,,,,,,,,,,,,,,,,,,,,,,,,,0.03,0.09,0.85,0.12,0.21,1.64,
,"Mon, Aug 3",10:40 ,Queso rallado reggianito La Serenisima,2,Lácteo,30 gr,11 gr,0 gr,8 gr,0 gr,117 kcal,,,,,,,,,,,,,,,,,,,,,,,,,,,,0.08,0.23,2.26,0.31,0.55,4.37,
,"Mon, Aug 3",10:40 ,Lomo Horneado (1 feta),1.5,Proteína,15 gr,3 gr,0 gr,1 gr,0 gr,18 kcal,,,,,,,,,,,,,,,,,,,,,,,,,,,,0.01,0.05,0.24,,,0.53,
,"Mon, Aug 3",10:40 ,Muzzarella,1,Lácteo,30 gr,8 gr,1 gr,6 gr,0 gr,91 kcal,,,,,,,,,,,,,,,,,,,,,,,,,,,,0.06,0.18,1.74,0.24,0.42,3.36,
,"Mon, Aug 3",10:40 ,Queso Regianitto Punta de Agua,1,Lácteo,30 gr,9 gr,0 gr,9 gr,0 gr,119 kcal,,,,,,,,,,,,,,,,,,,,,,,,,,,,0.09,0.27,2.61,0.36,0.63,5.04,
,"Mon, Aug 3",10:40 ,Nuez (1),4,Fruto Seco,16 gr,2 gr,2 gr,10 gr,1 gr,108 kcal,,,,,,,,,,,,,,,,,,,,,,,,,,,,1.02,5.21,2.25,,,10.21,
,"Mon, Aug 3",10:40 ,Maní King Tostado Sin Piel Sin Sodio (1 cda sop),1,Fruto Seco,15 gr,4 gr,2 gr,8 gr,1 gr,89 kcal,,,,,,,,,,,,,,,,,,,,,,,,,,,,,2.55,3.68,,,7.50,
,"Mon, Aug 3",10:40 ,"Aceite de oliva (EV, PPF)",1,Grano,2 gr,0 gr,0 gr,2 gr,0 gr,18 kcal,,,,,,,,,,,,,,,,,,,,,,,,,,,,0.02,0.20,1.50,,,2.00,
,"Mon, Aug 3",10:40 ,Vitaminas,1,Complemento,0 gr,0 gr,0 gr,0 gr,0 gr,0 kcal,,,,,,,,,,,,,,,,,,,,,,,,,,,,,,,,,,
,"Mon, Aug 3",10:40 ,Vitamina D,1,Complemento,0 gr,0 gr,0 gr,0 gr,0 gr,0 kcal,,,,,,,,,,,,,,,,,,,,,,,,,,,,,,,,,,
,"Mon, Aug 3",16:15 ,Lentejas,0.5,Carb,104 gr,7 gr,17 gr,1 gr,5 gr,97 kcal,05:35,,,,,,,,,,,,,,,,,,,,,,,,,,,,,,,,,
,"Mon, Aug 3",16:15 ,Champiñones,0.5,Proteína,109 gr,4 gr,3 gr,1 gr,1 gr,33 kcal,,,,,,,,,,,,,,,,,,,,,,,,,,,,,,,,,,
,"Mon, Aug 3",16:15 ,Ají,0.4,Verdura,48 gr,0 gr,2 gr,0 gr,0 gr,9 kcal,,,,,,,,,,,,,,,,,,,,,,,,,,,,,,,,,,
,"Mon, Aug 3",16:15 ,Nuez (1),4,Fruto Seco,16 gr,2 gr,2 gr,10 gr,1 gr,108 kcal,,,,,,,,,,,,,,,,,,,,,,,,,,,,1.02,5.21,2.25,,,10.21,
,"Mon, Aug 3",16:15 ,Maní King Tostado Sin Piel Sin Sodio (1 cda sop),1,Fruto Seco,15 gr,4 gr,2 gr,8 gr,1 gr,89 kcal,,,,,,,,,,,,,,,,,,,,,,,,,,,,,2.55,3.68,,,7.50,
,"Mon, Aug 3",16:15 ,"Aceite de oliva (EV, PPF)",8,Grano,16 gr,0 gr,0 gr,16 gr,0 gr,144 kcal,,,,,,,,,,,,,,,,,,,,,,,,,,,,0.16,1.60,12.00,,,16.00,
,"Mon, Aug 3",16:15 ,Queso rallado reggianito La Serenisima,1,Lácteo,15 gr,6 gr,0 gr,4 gr,0 gr,59 kcal,,,,,,,,,,,,,,,,,,,,,,,,,,,,0.04,0.12,1.13,0.16,0.27,2.18,
,"Mon, Aug 3",16:15 ,Queso Regianitto Punta de Agua,1,Lácteo,30 gr,9 gr,0 gr,9 gr,0 gr,119 kcal,,,,,,,,,,,,,,,,,,,,,,,,,,,,0.09,0.27,2.61,0.36,0.63,5.04,
,"Mon, Aug 3",16:15 ,Lomo Horneado (1 feta),1.5,Proteína,15 gr,3 gr,0 gr,1 gr,0 gr,18 kcal,,,,,,,,,,,,,,,,,,,,,,,,,,,,0.01,0.05,0.24,,,0.53,
,"Mon, Aug 3",16:15 ,Jamón Crudo De Trevélez (1 feta),2,Proteína,37 gr,12 gr,0 gr,4 gr,0 gr,82 kcal,,,,,,,,,,,,,,,,,,,,,,,,,,,,,0.36,1.43,,,0.87,
,"Mon, Aug 3",16:15 ,Pollo (1 pechuga),0.5,Proteína,120 gr,34 gr,0 gr,4 gr,0 gr,181 kcal,,,,,,,,,,,,,,,,,,,,,,,,,,,,0.04,0.77,1.54,,,3.84,
,"Mon, Aug 3",16:15 ,"Yogurt, Ser",1,Lácteo,190 gr,9 gr,11 gr,0 gr,0 gr,80 kcal,,,,,,,,,,,,,,,,,,,,,,,,,,,,,,,,,,
,"Mon, Aug 3",19:30 ,"Leche, Protein",2,Lácteo,200 gr,9 gr,9 gr,0 gr,0 gr,74 kcal,03:15,,,,,,,,,,,,,,,,,,,,,,,,,,,,,,,,,
,"Mon, Aug 3",19:30 ,"Dicomere, cacao amargo puro en polvo",1,Procesado,10 gr,2 gr,2 gr,1 gr,4 gr,28 kcal,,,,,,,,,,,,,,,,,,,,,,,,,,,,,,,,,,
,"Mon, Aug 3",19:30 ,"Chocolate Colonial, amargo dietético 70%",1,Carb,7 gr,1 gr,3 gr,2 gr,1 gr,35 kcal,,,,,,,,,,,,,,,,,,,,,,,,,,,,,0.07,0.79,,,2.38,
,"Mon, Aug 3",19:30 ,Almendra (1),1,Fruto Seco,7 gr,1 gr,0 gr,4 gr,1 gr,40 kcal,,,,,,151 gr,58 gr,116 gr,16 gr,"1,877 kcal",1151 gr,,115 gr,100 gr,124 gr,35 gr,2000 kcal,3 gr,21 gr,46 gr,2 gr,3 gr,93 gr,0 gr,70 gr,98 gr,3:21,,0.67,2.73,,,3.75,
,"Tue, Aug 4",10:45 ,Pan Integral D&D,2,Grano,50 gr,4 gr,24 gr,1 gr,3 gr,116 kcal,15:15,,,,,,,,,,,,,,,,,,,,,,,,,,,,,,,,,
,"Tue, Aug 4",10:45 ,Huevo,1,Proteína,54 gr,6 gr,0 gr,6 gr,0 gr,84 kcal,,,,,,,,,,,,,,,,,,,,,,,,,,,,0.13,1.02,2.42,,,6.37,
,"Tue, Aug 4",10:45 ,Queso Unt. Finlandia Light,4,Lácteo,40 gr,4 gr,2 gr,6 gr,0 gr,76 kcal,,,,,,,,,,,,,,,,,,,,,,,,,,,,0.06,0.18,1.70,0.23,0.41,3.29,
,"Tue, Aug 4",10:45 ,Queso rallado reggianito La Serenisima,1,Lácteo,15 gr,6 gr,0 gr,4 gr,0 gr,59 kcal,,,,,,,,,,,,,,,,,,,,,,,,,,,,0.04,0.12,1.13,0.16,0.27,2.18,
,"Tue, Aug 4",10:45 ,Queso barra punta de agua,3,Lácteo,45 gr,11 gr,0 gr,12 gr,0 gr,156 kcal,,,,,,,,,,,,,,,,,,,,,,,,,,,,0.12,0.37,3.61,0.50,0.87,6.97,
,"Tue, Aug 4",10:45 ,Lomo Horneado (1 feta),2,Proteína,20 gr,5 gr,0 gr,1 gr,0 gr,25 kcal,,,,,,,,,,,,,,,,,,,,,,,,,,,,0.01,0.07,0.32,,,0.70,
,"Tue, Aug 4",10:45 ,Jamón Crudo De Trevélez (1 feta),2,Proteína,37 gr,12 gr,0 gr,4 gr,0 gr,82 kcal,,,,,,,,,,,,,,,,,,,,,,,,,,,,,0.36,1.43,,,0.87,
,"Tue, Aug 4",10:45 ,Queso Regianitto Punta de Agua,1,Lácteo,37 gr,11 gr,0 gr,11 gr,0 gr,147 kcal,,,,,,,,,,,,,,,,,,,,,,,,,,,,0.11,0.33,3.22,0.44,0.78,6.22,
,"Tue, Aug 4",11:18 ,Café,1,Infusión,0 gr,0 gr,0 gr,0 gr,0 gr,0 kcal,00:33,,,,,,,,,,,,,,,,,,,,,,,,,,,,,,,,,
,"Tue, Aug 4",11:18 ,"Leche, Protein",1,Lácteo,100 gr,5 gr,5 gr,0 gr,0 gr,37 kcal,,,,,,,,,,,,,,,,,,,,,,,,,,,,,,,,,,
,"Tue, Aug 4",20:10 ,"Vaca, cuadril",1.2,Proteína,117 gr,26 gr,0 gr,8 gr,0 gr,176 kcal,08:52,,,,,,,,,,,,,,,,,,,,,,,,,,,0.08,0.33,3.44,,,4.10,
,"Tue, Aug 4",20:10 ,Champiñones,0.5,Proteína,120 gr,5 gr,4 gr,1 gr,1 gr,36 kcal,,,,,,,,,,,,,,,,,,,,,,,,,,,,,,,,,,
,"Tue, Aug 4",20:10 ,Lentejas,0.5,Carb,110 gr,7 gr,18 gr,1 gr,5 gr,102 kcal,,,,,,,,,,,,,,,,,,,,,,,,,,,,,,,,,,
,"Tue, Aug 4",20:10 ,Cebolla,0.5,Verdura,132 gr,1 gr,13 gr,0 gr,2 gr,55 kcal,,,,,,,,,,,,,,,,,,,,,,,,,,,,,,,,,,
,"Tue, Aug 4",20:10 ,Tomate,2,Verdura,242 gr,2 gr,9 gr,0 gr,3 gr,44 kcal,,,,,,,,,,,,,,,,,,,,,,,,,,,,,,,,,,
,"Tue, Aug 4",20:10 ,Queso rallado reggianito La Serenisima,1,Lácteo,15 gr,6 gr,0 gr,4 gr,0 gr,59 kcal,,,,,,,,,,,,,,,,,,,,,,,,,,,,0.04,0.12,1.13,0.16,0.27,2.18,
,"Tue, Aug 4",20:10 ,Lomo Horneado (1 feta),2.3,Proteína,23 gr,5 gr,0 gr,1 gr,0 gr,28 kcal,,,,,,,,,,,,,,,,,,,,,,,,,,,,0.01,0.08,0.36,,,0.81,
,"Tue, Aug 4",20:10 ,Queso sardo duro,1,Lácteo,30 gr,8 gr,0 gr,9 gr,0 gr,118 kcal,,,,,,,,,,,,,,,,,,,,,,,,,,,,0.09,0.28,2.70,0.37,0.65,5.21,
,"Tue, Aug 4",20:10 ,Queso barra punta de agua,3,Lácteo,45 gr,11 gr,0 gr,12 gr,0 gr,156 kcal,,,,,,,,,,,,,,,,,,,,,,,,,,,,0.12,0.37,3.61,0.50,0.87,6.97,
,"Tue, Aug 4",20:10 ,Nuez (1),4,Fruto Seco,16 gr,2 gr,2 gr,10 gr,1 gr,108 kcal,,,,,,,,,,,,,,,,,,,,,,,,,,,,1.02,5.21,2.25,,,10.21,
,"Tue, Aug 4",20:10 ,Maní King Tostado Sin Piel Sin Sodio (1 cda sop),1,Fruto Seco,15 gr,4 gr,2 gr,8 gr,1 gr,89 kcal,,,,,,,,,,,,,,,,,,,,,,,,,,,,,2.55,3.68,,,7.50,
,"Tue, Aug 4",20:10 ,"Aceite de oliva (EV, PPF)",8,Grano,16 gr,0 gr,0 gr,16 gr,0 gr,144 kcal,,,,,,140 gr,79 gr,116 gr,16 gr,"1,895 kcal",1279 gr,,115 gr,100 gr,124 gr,35 gr,2000 kcal,2 gr,13 gr,43 gr,2 gr,4 gr,80 gr,0 gr,58 gr,86 gr,2:13,0.16,1.60,12.00,,,16.00,
,"Wed, Aug 5",11:30 ,Pan Integral D&D,2,Grano,50 gr,4 gr,24 gr,1 gr,3 gr,116 kcal,15:20,,,,,,,,,,,,,,,,,,,,,,,,,,,,,,,,,
,"Wed, Aug 5",11:30 ,Queso barra punta de agua,3.2,Lácteo,48 gr,12 gr,0 gr,13 gr,0 gr,166 kcal,,,,,,,,,,,,,,,,,,,,,,,,,,,,0.13,0.40,3.85,0.53,0.93,7.44,
,"Wed, Aug 5",11:30 ,Lomo Horneado (1 feta),3,Proteína,30 gr,7 gr,0 gr,1 gr,0 gr,37 kcal,,,,,,,,,,,,,,,,,,,,,,,,,,,,0.01,0.11,0.47,,,1.05,
,"Wed, Aug 5",11:30 ,Jamón Crudo De Trevélez (1 feta),2,Proteína,41 gr,13 gr,0 gr,4 gr,0 gr,91 kcal,,,,,,,,,,,,,,,,,,,,,,,,,,,,,0.39,1.58,,,0.97,
,"Wed, Aug 5",11:30 ,Palta,0.6,Fruta,74 gr,1 gr,6 gr,11 gr,5 gr,118 kcal,,,,,,,,,,,,,,,,,,,,,,,,,,,,0.11,1.52,7.70,,,10.85,
,"Wed, Aug 5",11:30 ,Queso sardo duro,1.2,Lácteo,36 gr,10 gr,0 gr,11 gr,0 gr,141 kcal,,,,,,,,,,,,,,,,,,,,,,,,,,,,0.11,0.33,3.24,0.45,0.78,6.25,
,"Wed, Aug 5",11:30 ,Jamón Cocido Extra (1 feta),1,Proteína,30 gr,6 gr,0 gr,1 gr,0 gr,36 kcal,,,,,,,,,,,,,,,,,,,,,,,,,,,,,0.12,0.49,,,0.30,
,"Wed, Aug 5",11:30 ,Queso Regianitto Punta de Agua,1,Lácteo,30 gr,9 gr,0 gr,9 gr,0 gr,119 kcal,,,,,,,,,,,,,,,,,,,,,,,,,,,,0.09,0.27,2.61,0.36,0.63,5.04,
,"Wed, Aug 5",12:00 ,Café,1,Infusión,0 gr,0 gr,0 gr,0 gr,0 gr,0 kcal,00:30,,,,,,,,,,,,,,,,,,,,,,,,,,,,,,,,,
,"Wed, Aug 5",12:00 ,"Leche, Protein",1,Lácteo,100 gr,5 gr,5 gr,0 gr,0 gr,37 kcal,,,,,,,,,,,,,,,,,,,,,,,,,,,,,,,,,,
,"Wed, Aug 5",12:00 ,"Chocolate Colonial, amargo dietético 70%",1,Carb,7 gr,1 gr,3 gr,2 gr,1 gr,35 kcal,,,,,,,,,,,,,,,,,,,,,,,,,,,,,0.07,0.79,,,2.38,
,"Wed, Aug 5",12:00 ,Vitaminas,1,Complemento,0 gr,0 gr,0 gr,0 gr,0 gr,0 kcal,,,,,,,,,,,,,,,,,,,,,,,,,,,,,,,,,,
,"Wed, Aug 5",12:00 ,Vitamina D,1,Complemento,0 gr,0 gr,0 gr,0 gr,0 gr,0 kcal,,,,,,,,,,,,,,,,,,,,,,,,,,,,,,,,,,
,"Wed, Aug 5",16:00 ,"Yogurt, Ser",1,Lácteo,190 gr,9 gr,11 gr,0 gr,0 gr,80 kcal,04:00,,,,,,,,,,,,,,,,,,,,,,,,,,,,,,,,,
,"Wed, Aug 5",16:00 ,Nuez (1),2,Fruto Seco,8 gr,1 gr,1 gr,5 gr,0 gr,54 kcal,,,,,,,,,,,,,,,,,,,,,,,,,,,,0.51,2.60,1.12,,,5.10,
,"Wed, Aug 5",16:00 ,Maní King Tostado Sin Piel Sin Sodio (1 cda sop),1,Fruto Seco,15 gr,4 gr,2 gr,8 gr,1 gr,89 kcal,,,,,,,,,,,,,,,,,,,,,,,,,,,,,2.55,3.68,,,7.50,
,"Wed, Aug 5",16:00 ,Almendra (1),1,Fruto Seco,7 gr,1 gr,0 gr,4 gr,1 gr,40 kcal,,,,,,,,,,,,,,,,,,,,,,,,,,,,,0.67,2.73,,,3.75,
,"Wed, Aug 5",16:00 ,"Dicomere, cacao amargo puro en polvo",1.2,Procesado,12 gr,3 gr,2 gr,1 gr,4 gr,33 kcal,,,,,,,,,,,,,,,,,,,,,,,,,,,,,,,,,,
,"Wed, Aug 5",21:00 ,Pollo (1 pechuga),0.5,Proteína,102 gr,29 gr,0 gr,3 gr,0 gr,154 kcal,05:00,,,,,,,,,,,,,,,,,,,,,,,,,,,0.03,0.65,1.31,,,3.26,
,"Wed, Aug 5",21:00 ,Tomate,0.5,Verdura,115 gr,1 gr,5 gr,0 gr,1 gr,21 kcal,,,,,,,,,,,,,,,,,,,,,,,,,,,,,,,,,,
,"Wed, Aug 5",21:00 ,Queso barra punta de agua,1,Lácteo,15 gr,4 gr,0 gr,4 gr,0 gr,52 kcal,,,,,,,,,,,,,,,,,,,,,,,,,,,,0.04,0.12,1.20,0.17,0.29,2.32,
,"Wed, Aug 5",21:00 ,Nuez (1),4,Fruto Seco,16 gr,2 gr,2 gr,10 gr,1 gr,108 kcal,,,,,,,,,,,,,,,,,,,,,,,,,,,,1.02,5.21,2.25,,,10.21,
,"Wed, Aug 5",21:00 ,Maní King Tostado Sin Piel Sin Sodio (1 cda sop),1,Fruto Seco,15 gr,4 gr,2 gr,8 gr,1 gr,89 kcal,,,,,,,,,,,,,,,,,,,,,,,,,,,,,2.55,3.68,,,7.50,
,"Wed, Aug 5",21:00 ,Lomo Horneado (1 feta),1,Proteína,10 gr,2 gr,0 gr,0 gr,0 gr,12 kcal,,,,,,128 gr,63 gr,98 gr,19 gr,"1,630 kcal",951 gr,,115 gr,100 gr,124 gr,35 gr,2000 kcal,2 gr,18 gr,37 gr,2 gr,3 gr,74 gr,0 gr,57 gr,78 gr,2:18,0.00,0.04,0.16,,,0.35,
,"Thu, Aug 6",10:30 ,Jamón Cocido (1 feta),1,Proteína,36 gr,7 gr,1 gr,1 gr,0 gr,44 kcal,13:30,,,,,,,,,,,,,,,,,,,,,,,,,,,,0.13,0.52,,,0.32,
,"Thu, Aug 6",10:30 ,Queso barra punta de agua,2.3,Lácteo,35 gr,8 gr,0 gr,10 gr,0 gr,120 kcal,,,,,,,,,,,,,,,,,,,,,,,,,,,,0.10,0.29,2.77,0.38,0.67,5.35,
,"Thu, Aug 6",10:30 ,Queso sardo duro,1,Lácteo,30 gr,8 gr,0 gr,9 gr,0 gr,118 kcal,,,,,,,,,,,,,,,,,,,,,,,,,,,,0.09,0.28,2.70,0.37,0.65,5.21,
,"Thu, Aug 6",10:30 ,Lomo Horneado (1 feta),3,Proteína,30 gr,7 gr,0 gr,1 gr,0 gr,37 kcal,,,,,,,,,,,,,,,,,,,,,,,,,,,,0.01,0.11,0.47,,,1.05,
,"Thu, Aug 6",10:30 ,Queso Regianitto Punta de Agua,1,Lácteo,30 gr,9 gr,0 gr,9 gr,0 gr,119 kcal,,,,,,,,,,,,,,,,,,,,,,,,,,,,0.09,0.27,2.61,0.36,0.63,5.04,
,"Thu, Aug 6",10:30 ,Pan Integral D&D,2,Grano,50 gr,4 gr,24 gr,1 gr,3 gr,116 kcal,,,,,,,,,,,,,,,,,,,,,,,,,,,,,,,,,,
,"Thu, Aug 6",10:30 ,Queso Unt. Finlandia Light,2,Lácteo,20 gr,2 gr,1 gr,3 gr,0 gr,38 kcal,,,,,,,,,,,,,,,,,,,,,,,,,,,,0.03,0.09,0.85,0.12,0.21,1.64,
,"Thu, Aug 6",10:30 ,Nuez (1),4.2,Fruto Seco,17 gr,2 gr,2 gr,11 gr,1 gr,113 kcal,,,,,,,,,,,,,,,,,,,,,,,,,,,,1.07,5.47,2.36,,,10.72,
,"Thu, Aug 6",10:30 ,Maní King Tostado Sin Piel Sin Sodio (1 cda sop),1,Fruto Seco,15 gr,4 gr,2 gr,8 gr,1 gr,89 kcal,,,,,,,,,,,,,,,,,,,,,,,,,,,,,2.55,3.68,,,7.50,
,"Thu, Aug 6",10:30 ,Huevo,1,Proteína,54 gr,6 gr,0 gr,6 gr,0 gr,84 kcal,,,,,,,,,,,,,,,,,,,,,,,,,,,,0.13,1.02,2.42,,,6.37,
,"Thu, Aug 6",16:05 ,Muzzarella,1.5,Lácteo,50 gr,13 gr,2 gr,10 gr,0 gr,151 kcal,05:35,,,,,,,,,,,,,,,,,,,,,,,,,,,0.10,0.30,2.90,0.40,0.70,5.60,
,"Thu, Aug 6",16:05 ,Lomo Horneado (1 feta),1,Proteína,10 gr,2 gr,0 gr,0 gr,0 gr,12 kcal,,,,,,,,,,,,,,,,,,,,,,,,,,,,0.00,0.04,0.16,,,0.35,
,"Thu, Aug 6",16:05 ,Queso Regianitto Punta de Agua,1,Lácteo,30 gr,9 gr,0 gr,9 gr,0 gr,119 kcal,,,,,,,,,,,,,,,,,,,,,,,,,,,,0.09,0.27,2.61,0.36,0.63,5.04,
,"Thu, Aug 6",16:05 ,Pollo (1 pechuga),0.6,Proteína,180 gr,51 gr,0 gr,6 gr,0 gr,272 kcal,,,,,,,,,,,,,,,,,,,,,,,,,,,,0.06,1.15,2.30,,,5.76,
,"Thu, Aug 6",16:05 ,Castaña de Cajú,2,Fruto Seco,16 gr,3 gr,5 gr,7 gr,0 gr,88 kcal,,,,,,,,,,,,,,,,,,,,,,,,,,,,,1.20,4.22,,,7.04,
,"Thu, Aug 6",16:05 ,Nuez (1),4.5,Fruto Seco,18 gr,3 gr,2 gr,11 gr,1 gr,121 kcal,,,,,,,,,,,,,,,,,,,,,,,,,,,,1.15,5.86,2.53,,,11.48,
,"Thu, Aug 6",16:05 ,"Aceite de oliva (EV, PPF)",1,Grano,2 gr,0 gr,0 gr,2 gr,0 gr,18 kcal,,,,,,,,,,,,,,,,,,,,,,,,,,,,0.02,0.20,1.50,,,2.00,
,"Thu, Aug 6",16:30 ,Banana,1,Fruta,115 gr,1 gr,26 gr,0 gr,3 gr,102 kcal,00:25,,,,,,,,,,,,,,,,,,,,,,,,,,,,,,,,,
,"Thu, Aug 6",16:30 ,"Yogurt, Ser",1,Lácteo,190 gr,9 gr,11 gr,0 gr,0 gr,80 kcal,,,,,,,,,,,,,,,,,,,,,,,,,,,,,,,,,,
,"Thu, Aug 6",16:30 ,Maní King Tostado Sin Piel Sin Sodio (1 cda sop),1,Fruto Seco,15 gr,4 gr,2 gr,8 gr,1 gr,89 kcal,,,,,,,,,,,,,,,,,,,,,,,,,,,,,2.55,3.68,,,7.50,
,"Thu, Aug 6",16:30 ,Queso Unt. Finlandia Light,2,Lácteo,20 gr,2 gr,1 gr,3 gr,0 gr,38 kcal,,,,,,,,,,,,,,,,,,,,,,,,,,,,0.03,0.09,0.85,0.12,0.21,1.64,
,"Thu, Aug 6",17:30 ,Café,1,Infusión,0 gr,0 gr,0 gr,0 gr,0 gr,0 kcal,01:00,,,,,,,,,,,,,,,,,,,,,,,,,,,,,,,,,
,"Thu, Aug 6",17:30 ,"Leche, Protein",1,Lácteo,100 gr,5 gr,5 gr,0 gr,0 gr,37 kcal,,,,,,,,,,,,,,,,,,,,,,,,,,,,,,,,,,
,"Thu, Aug 6",17:30 ,"Chocolate Colonial, amargo dietético 70%",1,Carb,7 gr,1 gr,3 gr,2 gr,1 gr,35 kcal,,,,,,160 gr,87 gr,118 gr,11 gr,"2,041 kcal",1069 gr,,115 gr,100 gr,124 gr,35 gr,2000 kcal,3 gr,22 gr,40 gr,2 gr,4 gr,92 gr,0 gr,65 gr,98 gr,3:22,,0.07,0.79,,,2.38,
,"Fri, Aug 7",11:15 ,Huevo,1,Proteína,65 gr,8 gr,0 gr,8 gr,0 gr,101 kcal,17:45,,,,,,,,,,,,,,,,,,,,,,,,,,,0.15,1.23,2.91,,,7.67,
,"Fri, Aug 7",11:15 ,Pan Integral D&D,2,Grano,50 gr,4 gr,24 gr,1 gr,3 gr,116 kcal,,,,,,,,,,,,,,,,,,,,,,,,,,,,,,,,,,
,"Fri, Aug 7",11:15 ,Queso Unt. Finlandia Light,2,Lácteo,20 gr,2 gr,1 gr,3 gr,0 gr,38 kcal,,,,,,,,,,,,,,,,,,,,,,,,,,,,0.03,0.09,0.85,0.12,0.21,1.64,
,"Fri, Aug 7",11:15 ,Jamón Cocido (1 feta),1,Proteína,34 gr,6 gr,1 gr,1 gr,0 gr,41 kcal,,,,,,,,,,,,,,,,,,,,,,,,,,,,,0.12,0.49,,,0.30,
,"Fri, Aug 7",11:15 ,Queso barra punta de agua,3,Lácteo,57 gr,14 gr,0 gr,16 gr,0 gr,198 kcal,,,,,,,,,,,,,,,,,,,,,,,,,,,,0.16,0.47,4.57,0.63,1.10,8.83,
,"Fri, Aug 7",11:15 ,Queso Regianitto Punta de Agua,1,Lácteo,30 gr,9 gr,0 gr,9 gr,0 gr,119 kcal,,,,,,,,,,,,,,,,,,,,,,,,,,,,0.09,0.27,2.61,0.36,0.63,5.04,
,"Fri, Aug 7",11:15 ,Queso sardo duro,1,Lácteo,30 gr,8 gr,0 gr,9 gr,0 gr,118 kcal,,,,,,,,,,,,,,,,,,,,,,,,,,,,0.09,0.28,2.70,0.37,0.65,5.21,
,"Fri, Aug 7",11:15 ,Lomo Horneado (1 feta),3.3,Proteína,33 gr,8 gr,0 gr,1 gr,0 gr,40 kcal,,,,,,,,,,,,,,,,,,,,,,,,,,,,0.01,0.12,0.52,,,1.16,
,"Fri, Aug 7",11:15 ,Castaña de Cajú,1.2,Fruto Seco,10 gr,2 gr,3 gr,4 gr,0 gr,53 kcal,,,,,,,,,,,,,,,,,,,,,,,,,,,,,0.72,2.53,,,4.22,
,"Fri, Aug 7",11:15 ,Nuez (1),4,Fruto Seco,16 gr,2 gr,2 gr,10 gr,1 gr,108 kcal,,,,,,,,,,,,,,,,,,,,,,,,,,,,1.02,5.21,2.25,,,10.21,
,"Fri, Aug 7",11:15 ,Maní King Tostado Sin Piel Sin Sodio (1 cda sop),1,Fruto Seco,15 gr,4 gr,2 gr,8 gr,1 gr,89 kcal,,,,,,,,,,,,,,,,,,,,,,,,,,,,,2.55,3.68,,,7.50,
,"Fri, Aug 7",11:15 ,Vitaminas,1,Complemento,0 gr,0 gr,0 gr,0 gr,0 gr,0 kcal,,,,,,,,,,,,,,,,,,,,,,,,,,,,,,,,,,
,"Fri, Aug 7",11:15 ,Vitamina D,1,Complemento,0 gr,0 gr,0 gr,0 gr,0 gr,0 kcal,,,,,,,,,,,,,,,,,,,,,,,,,,,,,,,,,,
,"Fri, Aug 7",11:15 ,Magnesio,1,Complemento,0 gr,0 gr,0 gr,0 gr,0 gr,0 kcal,,,,,,,,,,,,,,,,,,,,,,,,,,,,,,,,,,
,"Fri, Aug 7",18:00 ,Cebolla,0.5,Verdura,137 gr,1 gr,14 gr,0 gr,2 gr,58 kcal,06:45,,,,,,,,,,,,,,,,,,,,,,,,,,,,,,,,,
,"Fri, Aug 7",18:00 ,Lentejas,0.3,Carb,40 gr,3 gr,6 gr,0 gr,2 gr,37 kcal,,,,,,,,,,,,,,,,,,,,,,,,,,,,,,,,,,
,"Fri, Aug 7",18:00 ,Champiñones,0.5,Proteína,105 gr,4 gr,3 gr,1 gr,1 gr,32 kcal,,,,,,,,,,,,,,,,,,,,,,,,,,,,,,,,,,
,"Fri, Aug 7",18:00 ,Huevo,2,Proteína,105 gr,13 gr,0 gr,12 gr,0 gr,164 kcal,,,,,,,,,,,,,,,,,,,,,,,,,,,,0.25,1.98,4.71,,,12.39,
,"Fri, Aug 7",18:00 ,Atún (1 lata),1,Proteína,114 gr,29 gr,0 gr,1 gr,0 gr,132 kcal,,,,,,,,,,,,,,,,,,,,,,,,,,,,0.13,0.02,0.07,,,0.93,
,"Fri, Aug 7",18:00 ,Queso Regianitto Punta de Agua,1,Lácteo,30 gr,9 gr,0 gr,9 gr,0 gr,119 kcal,,,,,,,,,,,,,,,,,,,,,,,,,,,,0.09,0.27,2.61,0.36,0.63,5.04,
,"Fri, Aug 7",18:00 ,Queso rallado reggianito La Serenisima,1,Lácteo,15 gr,6 gr,0 gr,4 gr,0 gr,59 kcal,,,,,,,,,,,,,,,,,,,,,,,,,,,,0.04,0.12,1.13,0.16,0.27,2.18,
,"Fri, Aug 7",18:00 ,"Aceite de oliva (EV, PPF)",5,Grano,10 gr,0 gr,0 gr,10 gr,0 gr,90 kcal,,,,,,,,,,,,,,,,,,,,,,,,,,,,0.10,1.00,7.50,,,10.00,
,"Fri, Aug 7",18:00 ,Queso Unt. Finlandia Light,4.6,Lácteo,46 gr,4 gr,2 gr,7 gr,0 gr,87 kcal,,,,,,,,,,,,,,,,,,,,,,,,,,,,0.07,0.20,1.96,0.27,0.47,3.78,
,"Fri, Aug 7",18:00 ,Lomo Horneado (1 feta),2,Proteína,22 gr,5 gr,0 gr,1 gr,0 gr,27 kcal,,,,,,,,,,,,,,,,,,,,,,,,,,,,0.01,0.08,0.35,,,0.77,
,"Fri, Aug 7",18:00 ,Jamón Cocido (1 feta),2,Proteína,30 gr,5 gr,1 gr,1 gr,0 gr,36 kcal,,,,,,,,,,,,,,,,,,,,,,,,,,,,,0.11,0.43,,,0.26,
,"Fri, Aug 7",18:00 ,Nuez (1),4,Fruto Seco,16 gr,2 gr,2 gr,10 gr,1 gr,108 kcal,,,,,,,,,,,,,,,,,,,,,,,,,,,,1.02,5.21,2.25,,,10.21,
,"Fri, Aug 7",18:00 ,Maní King Tostado Sin Piel Sin Sodio (1 cda sop),1,Fruto Seco,15 gr,4 gr,2 gr,8 gr,1 gr,89 kcal,,,,,,,,,,,,,,,,,,,,,,,,,,,,,2.55,3.68,,,7.50,
,"Fri, Aug 7",18:00 ,Café,1,Infusión,0 gr,0 gr,0 gr,0 gr,0 gr,0 kcal,,,,,,,,,,,,,,,,,,,,,,,,,,,,,,,,,,
,"Fri, Aug 7",18:00 ,Magnesio,1,Complemento,0 gr,0 gr,0 gr,0 gr,0 gr,0 kcal,,,,,,152 gr,63 gr,134 gr,12 gr,"2,059 kcal",1045 gr,,115 gr,100 gr,124 gr,35 gr,2000 kcal,3 gr,23 gr,48 gr,2 gr,4 gr,105 gr,0 gr,74 gr,111 gr,3:23,,,,,,,
,"Sat, Aug 8",15:10 ,Pollo (1 pechuga),0.6,Proteína,112 gr,32 gr,0 gr,4 gr,0 gr,169 kcal,21:10,,,,,,,,,,,,,,,,,,,,,,,,,,,0.04,0.72,1.43,,,3.58,
,"Sat, Aug 8",15:10 ,Zucchini,0.4,Verdura,136 gr,2 gr,5 gr,0 gr,2 gr,23 kcal,,,,,,,,,,,,,,,,,,,,,,,,,,,,,,,,,,
,"Sat, Aug 8",15:10 ,Ají,0.4,Verdura,76 gr,1 gr,3 gr,0 gr,1 gr,14 kcal,,,,,,,,,,,,,,,,,,,,,,,,,,,,,,,,,,
,"Sat, Aug 8",15:10 ,Zanahoria,0.5,Verdura,88 gr,1 gr,8 gr,0 gr,2 gr,36 kcal,,,,,,,,,,,,,,,,,,,,,,,,,,,,,,,,,,
,"Sat, Aug 8",15:10 ,Tomate,1,Verdura,117 gr,1 gr,5 gr,0 gr,1 gr,21 kcal,,,,,,,,,,,,,,,,,,,,,,,,,,,,,,,,,,
,"Sat, Aug 8",15:10 ,Lentejas,0.3,Carb,45 gr,3 gr,7 gr,0 gr,2 gr,42 kcal,,,,,,,,,,,,,,,,,,,,,,,,,,,,,,,,,,
,"Sat, Aug 8",15:10 ,Champiñones,0.5,Proteína,50 gr,2 gr,2 gr,0 gr,1 gr,15 kcal,,,,,,,,,,,,,,,,,,,,,,,,,,,,,,,,,,
,"Sat, Aug 8",15:10 ,Lomo Horneado (1 feta),2,Proteína,20 gr,5 gr,0 gr,1 gr,0 gr,25 kcal,,,,,,,,,,,,,,,,,,,,,,,,,,,,0.01,0.07,0.32,,,0.70,
,"Sat, Aug 8",15:10 ,Jamón Cocido Extra El Pozo (1 feta),2,Proteína,28 gr,5 gr,0 gr,0 gr,0 gr,26 kcal,,,,,,,,,,,,,,,,,,,,,,,,,,,,,0.04,0.15,,,0.09,
,"Sat, Aug 8",15:10 ,Queso sardo duro,1,Lácteo,30 gr,8 gr,0 gr,9 gr,0 gr,118 kcal,,,,,,,,,,,,,,,,,,,,,,,,,,,,0.09,0.28,2.70,0.37,0.65,5.21,
,"Sat, Aug 8",15:10 ,Queso Pategrás La Paulina,1.65,Lácteo,50 gr,14 gr,0 gr,14 gr,0 gr,182 kcal,,,,,,,,,,,,,,,,,,,,,,,,,,,,0.14,0.43,4.12,0.57,0.99,7.95,
,"Sat, Aug 8",15:10 ,Queso Regianitto Punta de Agua,1,Lácteo,30 gr,9 gr,0 gr,9 gr,0 gr,119 kcal,,,,,,,,,,,,,,,,,,,,,,,,,,,,0.09,0.27,2.61,0.36,0.63,5.04,
,"Sat, Aug 8",15:10 ,"Aceite de oliva (EV, PPF)",8,Grano,16 gr,0 gr,0 gr,16 gr,0 gr,144 kcal,,,,,,,,,,,,,,,,,,,,,,,,,,,,0.16,1.60,12.00,,,16.00,
,"Sat, Aug 8",15:10 ,Nuez (1),4,Fruto Seco,16 gr,2 gr,2 gr,10 gr,1 gr,108 kcal,,,,,,,,,,,,,,,,,,,,,,,,,,,,1.02,5.21,2.25,,,10.21,
,"Sat, Aug 8",15:10 ,Maní King Tostado Sin Piel Sin Sodio (1 cda sop),1,Fruto Seco,15 gr,4 gr,2 gr,8 gr,1 gr,89 kcal,,,,,,,,,,,,,,,,,,,,,,,,,,,,,2.55,3.68,,,7.50,
,"Sat, Aug 8",15:10 ,Castaña de Cajú,1,Fruto Seco,8 gr,1 gr,2 gr,4 gr,0 gr,44 kcal,,,,,,,,,,,,,,,,,,,,,,,,,,,,,0.60,2.11,,,3.52,
,"Sat, Aug 8",15:10 ,Queso rallado reggianito La Serenisima,1,Lácteo,15 gr,6 gr,0 gr,4 gr,0 gr,59 kcal,,,,,,,,,,,,,,,,,,,,,,,,,,,,0.04,0.12,1.13,0.16,0.27,2.18,
,"Sat, Aug 8",15:10 ,Vitaminas,1,Complemento,0 gr,0 gr,0 gr,0 gr,0 gr,0 kcal,,,,,,,,,,,,,,,,,,,,,,,,,,,,,,,,,,
,"Sat, Aug 8",15:10 ,Vitamina D,1,Complemento,0 gr,0 gr,0 gr,0 gr,0 gr,0 kcal,,,,,,,,,,,,,,,,,,,,,,,,,,,,,,,,,,
,"Sat, Aug 8",15:10 ,Café,1,Infusión,0 gr,0 gr,0 gr,0 gr,0 gr,0 kcal,,,,,,,,,,,,,,,,,,,,,,,,,,,,,,,,,,
,"Sat, Aug 8",21:00 ,Huevo,1,Proteína,60 gr,7 gr,0 gr,7 gr,0 gr,94 kcal,05:50,,,,,,,,,,,,,,,,,,,,,,,,,,,0.14,1.13,2.69,,,7.08,
,"Sat, Aug 8",21:00 ,Jamón Cocido Extra (1 feta),1,Proteína,30 gr,6 gr,0 gr,1 gr,0 gr,36 kcal,,,,,,,,,,,,,,,,,,,,,,,,,,,,,0.12,0.49,,,0.30,
,"Sat, Aug 8",21:00 ,Queso Regianitto Punta de Agua,1,Lácteo,30 gr,9 gr,0 gr,9 gr,0 gr,119 kcal,,,,,,,,,,,,,,,,,,,,,,,,,,,,0.09,0.27,2.61,0.36,0.63,5.04,
,"Sat, Aug 8",21:00 ,Queso Pategrás La Paulina,1.5,Lácteo,45 gr,12 gr,0 gr,13 gr,0 gr,165 kcal,,,,,,,,,,,,,,,,,,,,,,,,,,,,0.13,0.39,3.74,0.52,0.90,7.22,
,"Sat, Aug 8",21:00 ,Lomo Horneado (1 feta),2,Proteína,20 gr,5 gr,0 gr,1 gr,0 gr,25 kcal,,,,,,,,,,,,,,,,,,,,,,,,,,,,0.01,0.07,0.32,,,0.70,
,"Sat, Aug 8",21:00 ,Nuez (1),4,Fruto Seco,16 gr,2 gr,2 gr,10 gr,1 gr,108 kcal,,,,,,,,,,,,,,,,,,,,,,,,,,,,1.02,5.21,2.25,,,10.21,
,"Sat, Aug 8",21:00 ,Maní King Tostado Sin Piel Sin Sodio (1 cda sop),1,Fruto Seco,15 gr,4 gr,2 gr,8 gr,1 gr,89 kcal,,,,,,,,,,,,,,,,,,,,,,,,,,,,,2.55,3.68,,,7.50,
,"Sat, Aug 8",21:00 ,"Chocolate Colonial, amargo dietético 70%",2.4,Carb,17 gr,2 gr,8 gr,6 gr,2 gr,83 kcal,,,,,,,,,,,,,,,,,,,,,,,,,,,,,0.17,1.88,,,5.71,
,"Sat, Aug 8",21:00 ,Castaña de Cajú,1,Fruto Seco,8 gr,1 gr,2 gr,4 gr,0 gr,44 kcal,,,,,,144 gr,51 gr,138 gr,15 gr,"1,996 kcal",1092 gr,,115 gr,100 gr,124 gr,35 gr,2000 kcal,3 gr,22 gr,52 gr,2 gr,4 gr,109 gr,0 gr,78 gr,116 gr,3:22,,0.60,2.11,,,3.52,
,"Sun, Aug 9",11:30 ,Pan Integral D&D,1.5,Grano,38 gr,3 gr,18 gr,1 gr,2 gr,87 kcal,14:30,,,,,,,,,,,,,,,,,,,,,,,,,,,,,,,,,
,"Sun, Aug 9",11:30 ,Huevo,1,Proteína,57 gr,7 gr,0 gr,7 gr,0 gr,89 kcal,,,,,,,,,,,,,,,,,,,,,,,,,,,,0.13,1.08,2.56,,,6.73,
,"Sun, Aug 9",11:30 ,Queso barra punta de agua,2,Lácteo,30 gr,7 gr,0 gr,8 gr,0 gr,104 kcal,,,,,,,,,,,,,,,,,,,,,,,,,,,,0.08,0.25,2.41,0.33,0.58,4.65,
,"Sun, Aug 9",11:30 ,Jamón Cocido Extra (1 feta),1.1,Proteína,33 gr,6 gr,0 gr,1 gr,0 gr,40 kcal,,,,,,,,,,,,,,,,,,,,,,,,,,,,,0.13,0.53,,,0.33,
,"Sun, Aug 9",11:30 ,Lomo Horneado (1 feta),2,Proteína,20 gr,5 gr,0 gr,1 gr,0 gr,25 kcal,,,,,,,,,,,,,,,,,,,,,,,,,,,,0.01,0.07,0.32,,,0.70,
,"Sun, Aug 9",11:30 ,Queso Pategrás La Paulina,1,Lácteo,38 gr,11 gr,0 gr,11 gr,0 gr,139 kcal,,,,,,,,,,,,,,,,,,,,,,,,,,,,0.11,0.33,3.16,0.44,0.76,6.10,
,"Sun, Aug 9",11:30 ,Queso Unt. Finlandia Light,2,Lácteo,20 gr,2 gr,1 gr,3 gr,0 gr,38 kcal,,,,,,,,,,,,,,,,,,,,,,,,,,,,0.03,0.09,0.85,0.12,0.21,1.64,
,"Sun, Aug 9",11:30 ,"Dulce de leche Savona Fit, stevia",2,Carb,20 gr,1 gr,4 gr,1 gr,4 gr,40 kcal,,,,,,,,,,,,,,,,,,,,,,,,,,,,0.01,0.04,0.38,0.05,0.09,0.73,
,"Sun, Aug 9",11:30 ,"Chocolate Colonial, amargo dietético 70%",2,Carb,14 gr,2 gr,7 gr,5 gr,1 gr,69 kcal,,,,,,,,,,,,,,,,,,,,,,,,,,,,,0.14,1.57,,,4.76,
,"Sun, Aug 9",11:30 ,Nuez (1),4,Fruto Seco,16 gr,2 gr,2 gr,10 gr,1 gr,108 kcal,,,,,,,,,,,,,,,,,,,,,,,,,,,,1.02,5.21,2.25,,,10.21,
,"Sun, Aug 9",11:30 ,Maní King Tostado Sin Piel Sin Sodio (1 cda sop),1,Fruto Seco,15 gr,4 gr,2 gr,8 gr,1 gr,89 kcal,,,,,,,,,,,,,,,,,,,,,,,,,,,,,2.55,3.68,,,7.50,
,"Sun, Aug 9",11:30 ,Vitaminas,1,Complemento,0 gr,0 gr,0 gr,0 gr,0 gr,0 kcal,,,,,,,,,,,,,,,,,,,,,,,,,,,,,,,,,,
,"Sun, Aug 9",11:30 ,Vitamina D,1,Complemento,0 gr,0 gr,0 gr,0 gr,0 gr,0 kcal,,,,,,,,,,,,,,,,,,,,,,,,,,,,,,,,,,
,"Sun, Aug 9",17:30 ,Huevo,1,Proteína,59 gr,7 gr,0 gr,7 gr,0 gr,92 kcal,06:00,,,,,,,,,,,,,,,,,,,,,,,,,,,0.14,1.11,2.65,,,6.96,
,"Sun, Aug 9",17:30 ,Jamón Cocido Extra (1 feta),2.5,Proteína,75 gr,14 gr,1 gr,3 gr,0 gr,91 kcal,,,,,,,,,,,,,,,,,,,,,,,,,,,,,0.30,1.22,,,0.74,
,"Sun, Aug 9",17:30 ,Lomo Horneado (1 feta),2,Proteína,20 gr,5 gr,0 gr,1 gr,0 gr,25 kcal,,,,,,,,,,,,,,,,,,,,,,,,,,,,0.01,0.07,0.32,,,0.70,
,"Sun, Aug 9",17:30 ,Queso Pategrás La Paulina,1,Lácteo,30 gr,8 gr,0 gr,9 gr,0 gr,110 kcal,,,,,,,,,,,,,,,,,,,,,,,,,,,,0.09,0.26,2.49,0.34,0.60,4.82,
,"Sun, Aug 9",17:30 ,Queso Regianitto Punta de Agua,1,Lácteo,30 gr,9 gr,0 gr,9 gr,0 gr,119 kcal,,,,,,,,,,,,,,,,,,,,,,,,,,,,0.09,0.27,2.61,0.36,0.63,5.04,
,"Sun, Aug 9",17:30 ,Nuez (1),4,Fruto Seco,16 gr,2 gr,2 gr,10 gr,1 gr,108 kcal,,,,,,,,,,,,,,,,,,,,,,,,,,,,1.02,5.21,2.25,,,10.21,
,"Sun, Aug 9",17:30 ,Maní King Tostado Sin Piel Sin Sodio (1 cda sop),1,Fruto Seco,15 gr,4 gr,2 gr,8 gr,1 gr,89 kcal,,,,,,,,,,,,,,,,,,,,,,,,,,,,,2.55,3.68,,,7.50,
,"Sun, Aug 9",17:30 ,Castaña de Cajú,1,Fruto Seco,8 gr,1 gr,2 gr,4 gr,0 gr,44 kcal,,,,,,,,,,,,,,,,,,,,,,,,,,,,,0.60,2.11,,,3.52,
,"Sun, Aug 9",17:30 ,Queso cremoso Punta de Agua,1,Lácteo,30 gr,5 gr,1 gr,8 gr,0 gr,91 kcal,,,,,,,,,,,,,,,,,,,,,,,,,,,,0.08,0.23,2.18,0.30,0.53,4.20,
,"Sun, Aug 9",17:30 ,"Leche, Protein",1,Lácteo,100 gr,5 gr,5 gr,0 gr,0 gr,37 kcal,,,,,,,,,,,,,,,,,,,,,,,,,,,,,,,,,,
,"Sun, Aug 9",17:30 ,Café,1,Infusión,0 gr,0 gr,0 gr,0 gr,0 gr,0 kcal,,,,,,,,,,,,,,,,,,,,,,,,,,,,,,,,,,
,"Sun, Aug 9",21:50 ,"Leche, Protein",2.5,Lácteo,250 gr,12 gr,12 gr,0 gr,0 gr,93 kcal,04:20,,,,,,,,,,,,,,,,,,,,,,,,,,,,,,,,,
,"Sun, Aug 9",21:50 ,"Dicomere, cacao amargo puro en polvo",1,Procesado,10 gr,2 gr,2 gr,1 gr,4 gr,28 kcal,,,,,,124 gr,59 gr,114 gr,16 gr,"1,754 kcal",944 gr,,115 gr,100 gr,124 gr,35 gr,2000 kcal,3 gr,20 gr,37 gr,2 gr,3 gr,87 gr,0 gr,60 gr,92 gr,3:20,,,,,,,
,"Mon, Aug 10",14:50 ,Huevo,1,Proteína,54 gr,6 gr,0 gr,6 gr,0 gr,84 kcal,17:00,,,,,,,,,,,,,,,,,,,,,,,,,,,0.13,1.02,2.42,,,6.37,
,"Mon, Aug 10",14:50 ,Pollo (1 pechuga),0.2,Proteína,85 gr,24 gr,0 gr,3 gr,0 gr,128 kcal,,,,,,,,,,,,,,,,,,,,,,,,,,,,0.03,0.54,1.09,,,2.72,
,"Mon, Aug 10",14:50 ,Queso cremoso Punta de Agua,1.75,Lácteo,53 gr,9 gr,1 gr,13 gr,0 gr,159 kcal,,,,,,,,,,,,,,,,,,,,,,,,,,,,0.13,0.39,3.81,0.53,0.92,7.35,
,"Mon, Aug 10",14:50 ,Queso Pategrás La Paulina,1,Lácteo,30 gr,8 gr,0 gr,9 gr,0 gr,110 kcal,,,,,,,,,,,,,,,,,,,,,,,,,,,,0.09,0.26,2.49,0.34,0.60,4.82,
,"Mon, Aug 10",14:50 ,Queso Regianitto Punta de Agua,2,Lácteo,60 gr,18 gr,1 gr,18 gr,0 gr,238 kcal,,,,,,,,,,,,,,,,,,,,,,,,,,,,0.18,0.54,5.22,0.72,1.26,10.08,
,"Mon, Aug 10",14:50 ,Queso rallado reggianito La Serenisima,1,Lácteo,15 gr,6 gr,0 gr,4 gr,0 gr,59 kcal,,,,,,,,,,,,,,,,,,,,,,,,,,,,0.04,0.12,1.13,0.16,0.27,2.18,
,"Mon, Aug 10",14:50 ,Lomo Horneado (1 feta),2,Proteína,20 gr,5 gr,0 gr,1 gr,0 gr,25 kcal,,,,,,,,,,,,,,,,,,,,,,,,,,,,0.01,0.07,0.32,,,0.70,
,"Mon, Aug 10",14:50 ,Jamón Cocido Extra (1 feta),1.5,Proteína,45 gr,9 gr,0 gr,2 gr,0 gr,54 kcal,,,,,,,,,,,,,,,,,,,,,,,,,,,,,0.18,0.73,,,0.45,
,"Mon, Aug 10",14:50 ,"Aceite de oliva (EV, PPF)",1,Grano,2 gr,0 gr,0 gr,2 gr,0 gr,18 kcal,,,,,,,,,,,,,,,,,,,,,,,,,,,,0.02,0.20,1.50,,,2.00,
,"Mon, Aug 10",14:50 ,Nuez (1),4,Fruto Seco,16 gr,2 gr,2 gr,10 gr,1 gr,108 kcal,,,,,,,,,,,,,,,,,,,,,,,,,,,,1.02,5.21,2.25,,,10.21,
,"Mon, Aug 10",14:50 ,Maní King Tostado Sin Piel Sin Sodio (1 cda sop),1,Fruto Seco,15 gr,4 gr,2 gr,8 gr,1 gr,89 kcal,,,,,,,,,,,,,,,,,,,,,,,,,,,,,2.55,3.68,,,7.50,
,"Mon, Aug 10",14:50 ,Castaña de Cajú,1,Fruto Seco,8 gr,1 gr,2 gr,4 gr,0 gr,44 kcal,,,,,,,,,,,,,,,,,,,,,,,,,,,,,0.60,2.11,,,3.52,
,"Mon, Aug 10",14:50 ,Jamón Crudo De Trevélez (1 feta),3.5,Proteína,60 gr,19 gr,0 gr,6 gr,0 gr,133 kcal,,,,,,,,,,,,,,,,,,,,,,,,,,,,,0.58,2.31,,,1.41,
,"Mon, Aug 10",14:50 ,Queso barra punta de agua,1,Lácteo,15 gr,4 gr,0 gr,4 gr,0 gr,52 kcal,,,,,,,,,,,,,,,,,,,,,,,,,,,,0.04,0.12,1.20,0.17,0.29,2.32,
,"Mon, Aug 10",14:50 ,Vitaminas,1,Complemento,0 gr,0 gr,0 gr,0 gr,0 gr,0 kcal,,,,,,,,,,,,,,,,,,,,,,,,,,,,,,,,,,
,"Mon, Aug 10",14:50 ,Vitamina D,1,Complemento,0 gr,0 gr,0 gr,0 gr,0 gr,0 kcal,,,,,,,,,,,,,,,,,,,,,,,,,,,,,,,,,,
,"Mon, Aug 10",16:55 ,Café,1,Infusión,0 gr,0 gr,0 gr,0 gr,0 gr,0 kcal,02:05,,,,,,,,,,,,,,,,,,,,,,,,,,,,,,,,,
,"Mon, Aug 10",16:55 ,"Chocolate Colonial, amargo dietético 70%",2,Carb,14 gr,2 gr,7 gr,5 gr,1 gr,69 kcal,,,,,,,,,,,,,,,,,,,,,,,,,,,,,0.14,1.57,,,4.76,
,"Mon, Aug 10",16:55 ,Magnesio,1,Complemento,0 gr,0 gr,0 gr,0 gr,0 gr,0 kcal,,,,,,,,,,,,,,,,,,,,,,,,,,,,,,,,,,
,"Mon, Aug 10",22:40 ,"G4U, pan de molde proteico",2.35,Procesado,71 gr,16 gr,4 gr,4 gr,20 gr,126 kcal,05:45,,,,,,,,,,,,,,,,,,,,,,,,,,,,2.80,0.82,,,4.11,
,"Mon, Aug 10",22:40 ,Queso Unt. Finlandia Light,2,Lácteo,20 gr,2 gr,1 gr,3 gr,0 gr,38 kcal,,,,,,,,,,,,,,,,,,,,,,,,,,,,0.03,0.09,0.85,0.12,0.21,1.64,
,"Mon, Aug 10",22:40 ,Jamón Cocido Extra (1 feta),1.7,Proteína,51 gr,10 gr,1 gr,2 gr,0 gr,62 kcal,,,,,,,,,,,,,,,,,,,,,,,,,,,,,0.21,0.83,,,0.50,
,"Mon, Aug 10",22:40 ,Queso barra punta de agua,2.8,Lácteo,42 gr,10 gr,0 gr,12 gr,0 gr,146 kcal,,,,,,,,,,,,,,,,,,,,,,,,,,,,0.12,0.35,3.37,0.46,0.81,6.51,
,"Mon, Aug 10",22:40 ,Lomo Horneado (1 feta),2,Proteína,20 gr,5 gr,0 gr,1 gr,0 gr,25 kcal,,,,,,,,,,,,,,,,,,,,,,,,,,,,0.01,0.07,0.32,,,0.70,
,"Mon, Aug 10",22:40 ,Huevo,1,Proteína,54 gr,6 gr,0 gr,6 gr,0 gr,84 kcal,,,,,,,,,,,,,,,,,,,,,,,,,,,,0.13,1.02,2.42,,,6.37,
,"Mon, Aug 10",22:40 ,Queso Regianitto Punta de Agua,1,Lácteo,19 gr,6 gr,0 gr,6 gr,0 gr,75 kcal,,,,,,,,,,,,,,,,,,,,,,,,,,,,0.06,0.17,1.65,0.23,0.40,3.19,
,"Mon, Aug 10",22:40 ,Queso Pategrás Sancor,1,Lácteo,30 gr,8 gr,0 gr,9 gr,0 gr,111 kcal,,,,,,,,,,,,,,,,,,,,,,,,,,,,0.09,0.26,2.52,0.35,0.61,4.87,
,"Mon, Aug 10",22:40 ,Jamón Crudo De Trevélez (1 feta),1,Proteína,22 gr,7 gr,0 gr,2 gr,0 gr,49 kcal,,,,,,187 gr,21 gr,139 gr,24 gr,"2,086 kcal",820 gr,,115 gr,100 gr,124 gr,35 gr,2000 kcal,2 gr,18 gr,45 gr,3 gr,5 gr,95 gr,0 gr,65 gr,103 gr,2:18,,0.21,0.85,,,0.52,
,"Tue, Aug 11",16:10 ,Zanahoria,0.4,Verdura,66 gr,1 gr,6 gr,0 gr,2 gr,27 kcal,17:30,,,,,,,,,,,,,,,,,,,,,,,,,,,,,,,,,
,"Tue, Aug 11",16:10 ,Zucchini,0.4,Verdura,137 gr,2 gr,5 gr,0 gr,2 gr,23 kcal,,,,,,,,,,,,,,,,,,,,,,,,,,,,,,,,,,
,"Tue, Aug 11",16:10 ,Ají,0.2,Verdura,49 gr,0 gr,2 gr,0 gr,0 gr,9 kcal,,,,,,,,,,,,,,,,,,,,,,,,,,,,,,,,,,
,"Tue, Aug 11",16:10 ,Lentejas,0.4,Carb,60 gr,4 gr,10 gr,1 gr,3 gr,56 kcal,,,,,,,,,,,,,,,,,,,,,,,,,,,,,,,,,,
,"Tue, Aug 11",16:10 ,Champiñones,0.4,Proteína,82 gr,3 gr,2 gr,0 gr,1 gr,25 kcal,,,,,,,,,,,,,,,,,,,,,,,,,,,,,,,,,,
,"Tue, Aug 11",16:10 ,Pollo (1 pechuga),0.4,Proteína,119 gr,34 gr,0 gr,4 gr,0 gr,180 kcal,,,,,,,,,,,,,,,,,,,,,,,,,,,,0.04,0.76,1.52,,,3.81,
,"Tue, Aug 11",16:10 ,Nuez (1),4,Fruto Seco,16 gr,2 gr,2 gr,10 gr,1 gr,108 kcal,,,,,,,,,,,,,,,,,,,,,,,,,,,,1.02,5.21,2.25,,,10.21,
,"Tue, Aug 11",16:10 ,Maní King Tostado Sin Piel Sin Sodio (1 cda sop),1,Fruto Seco,15 gr,4 gr,2 gr,8 gr,1 gr,89 kcal,,,,,,,,,,,,,,,,,,,,,,,,,,,,,2.55,3.68,,,7.50,
,"Tue, Aug 11",16:10 ,Castaña de Cajú,1.2,Fruto Seco,10 gr,2 gr,3 gr,4 gr,0 gr,53 kcal,,,,,,,,,,,,,,,,,,,,,,,,,,,,,0.72,2.53,,,4.22,
,"Tue, Aug 11",16:10 ,"G4U, tortilla proteica",3,Procesado,77 gr,17 gr,3 gr,3 gr,20 gr,147 kcal,,,,,,,,,,,,,,,,,,,,,,,,,,,,0.07,1.64,0.67,,,0.97,
,"Tue, Aug 11",16:10 ,Queso Unt. Finlandia Light,2,Lácteo,20 gr,2 gr,1 gr,3 gr,0 gr,38 kcal,,,,,,,,,,,,,,,,,,,,,,,,,,,,0.03,0.09,0.85,0.12,0.21,1.64,
,"Tue, Aug 11",16:10 ,Lomo Horneado (1 feta),2.3,Proteína,23 gr,5 gr,0 gr,1 gr,0 gr,28 kcal,,,,,,,,,,,,,,,,,,,,,,,,,,,,0.01,0.08,0.36,,,0.81,
,"Tue, Aug 11",16:10 ,Jamón Cocido Extra (1 feta),1,Proteína,25 gr,5 gr,0 gr,1 gr,0 gr,30 kcal,,,,,,,,,,,,,,,,,,,,,,,,,,,,,0.10,0.41,,,0.25,
,"Tue, Aug 11",16:10 ,Queso barra punta de agua,3,Lácteo,43 gr,10 gr,0 gr,12 gr,0 gr,149 kcal,,,,,,,,,,,,,,,,,,,,,,,,,,,,0.12,0.36,3.45,0.48,0.83,6.66,
,"Tue, Aug 11",16:10 ,Queso Regianitto Punta de Agua,1,Lácteo,25 gr,8 gr,0 gr,8 gr,0 gr,99 kcal,,,,,,,,,,,,,,,,,,,,,,,,,,,,0.08,0.23,2.18,0.30,0.53,4.20,
,"Tue, Aug 11",16:10 ,Chucrut Los Montes,1,Verdura,20 gr,0 gr,1 gr,0 gr,1 gr,4 kcal,,,,,,,,,,,,,,,,,,,,,,,,,,,,,,,,,,
,"Tue, Aug 11",16:10 ,"Aceite de oliva (EV, PPF)",8,Grano,10 gr,0 gr,0 gr,10 gr,0 gr,90 kcal,,,,,,,,,,,,,,,,,,,,,,,,,,,,0.10,1.00,7.50,,,10.00,
,"Tue, Aug 11",16:10 ,Vitaminas,1,Complemento,0 gr,0 gr,0 gr,0 gr,0 gr,0 kcal,,,,,,,,,,,,,,,,,,,,,,,,,,,,,,,,,,
,"Tue, Aug 11",16:10 ,Vitamina D,1,Complemento,0 gr,0 gr,0 gr,0 gr,0 gr,0 kcal,,,,,,,,,,,,,,,,,,,,,,,,,,,,,,,,,,
,"Tue, Aug 11",17:45 ,Café,1,Infusión,0 gr,0 gr,0 gr,0 gr,0 gr,0 kcal,01:35,,,,,,,,,,,,,,,,,,,,,,,,,,,,,,,,,
,"Tue, Aug 11",17:45 ,"Chocolate Colonial, amargo dietético 70%",2,Carb,14 gr,2 gr,7 gr,5 gr,1 gr,69 kcal,,,,,,,,,,,,,,,,,,,,,,,,,,,,,0.14,1.57,,,4.76,
,"Tue, Aug 11",18:15 ,Café,1,Infusión,0 gr,0 gr,0 gr,0 gr,0 gr,0 kcal,00:30,,,,,,,,,,,,,,,,,,,,,,,,,,,,,,,,,
,"Tue, Aug 11",18:15 ,Magnesio,1,Complemento,0 gr,0 gr,0 gr,0 gr,0 gr,0 kcal,,,,,,,,,,,,,,,,,,,,,,,,,,,,,,,,,,
,"Tue, Aug 11",23:55 ,"G4U, tortilla proteica",2,Procesado,50 gr,11 gr,2 gr,2 gr,13 gr,96 kcal,05:40,,,,,,,,,,,,,,,,,,,,,,,,,,,0.04,1.07,0.43,,,0.63,
,"Tue, Aug 11",23:55 ,Jamón Cocido Extra (1 feta),3.2,Proteína,68 gr,13 gr,1 gr,3 gr,0 gr,82 kcal,,,,,,,,,,,,,,,,,,,,,,,,,,,,,0.28,1.10,,,0.67,
,"Tue, Aug 11",23:55 ,Lomo Horneado (1 feta),3.2,Proteína,32 gr,7 gr,0 gr,1 gr,0 gr,39 kcal,,,,,,,,,,,,,,,,,,,,,,,,,,,,0.01,0.11,0.50,,,1.12,
,"Tue, Aug 11",23:55 ,Queso barra punta de agua,3,Lácteo,55 gr,13 gr,0 gr,15 gr,0 gr,191 kcal,,,,,,,,,,,,,,,,,,,,,,,,,,,,0.15,0.46,4.41,0.61,1.07,8.52,
,"Tue, Aug 11",23:55 ,Huevo,1,Proteína,53 gr,6 gr,0 gr,6 gr,0 gr,83 kcal,,,,,,,,,,,,,,,,,,,,,,,,,,,,0.13,1.00,2.38,,,6.25,
,"Tue, Aug 11",23:55 ,"Aceite de oliva (EV, PPF)",2,Grano,4 gr,0 gr,0 gr,4 gr,0 gr,36 kcal,,,,,,,,,,,,,,,,,,,,,,,,,,,,0.04,0.40,3.00,,,4.00,
,"Tue, Aug 11",23:55 ,Queso rallado reggianito La Serenisima,1,Lácteo,15 gr,6 gr,0 gr,4 gr,0 gr,59 kcal,,,,,,,,,,,,,,,,,,,,,,,,,,,,0.04,0.12,1.13,0.16,0.27,2.18,
,"Tue, Aug 11",23:55 ,Queso Unt. Finlandia Light,1.5,Lácteo,15 gr,1 gr,1 gr,2 gr,0 gr,29 kcal,,,,,,,,,,,,,,,,,,,,,,,,,,,,0.02,0.07,0.64,0.09,0.15,1.23,
,"Tue, Aug 11",23:55 ,Jamón Crudo De Trevélez (1 feta),1,Proteína,22 gr,7 gr,0 gr,2 gr,0 gr,49 kcal,,,,,,,,,,,,,,,,,,,,,,,,,,,,,0.21,0.85,,,0.52,
,"Tue, Aug 11",23:55 ,Queso Pategrás Sancor,2,Lácteo,57 gr,15 gr,0 gr,17 gr,0 gr,211 kcal,,,,,,,,,,,,,,,,,,,,,,,,,,,,0.17,0.50,4.79,0.66,1.16,9.26,
,"Tue, Aug 11",23:55 ,"Leche, Protein",2,Lácteo,200 gr,9 gr,9 gr,0 gr,0 gr,74 kcal,,,,,,,,,,,,,,,,,,,,,,,,,,,,,,,,,,
,"Tue, Aug 11",23:55 ,"Dicomere, cacao amargo puro en polvo",1,Procesado,10 gr,2 gr,2 gr,1 gr,4 gr,28 kcal,,,,,,192 gr,59 gr,127 gr,49 gr,"2,199 kcal",1392 gr,,115 gr,100 gr,124 gr,35 gr,2000 kcal,2 gr,17 gr,46 gr,2 gr,4 gr,89 gr,0 gr,65 gr,96 gr,2:17,,,,,,,
,"Wed, Aug 12",15:20 ,Zucchini,0.5,Verdura,158 gr,2 gr,5 gr,0 gr,2 gr,27 kcal,15:25,,,,,,,,,,,,,,,,,,,,,,,,,,,,,,,,,
,"Wed, Aug 12",15:20 ,Cebolla,0.5,Verdura,127 gr,1 gr,13 gr,0 gr,2 gr,53 kcal,,,,,,,,,,,,,,,,,,,,,,,,,,,,,,,,,,
,"Wed, Aug 12",15:20 ,Atún (1 lata),1,Proteína,120 gr,31 gr,0 gr,1 gr,0 gr,139 kcal,,,,,,,,,,,,,,,,,,,,,,,,,,,,0.14,0.02,0.08,,,0.98,
,"Wed, Aug 12",15:20 ,Queso rallado reggianito La Serenisima,1,Lácteo,15 gr,6 gr,0 gr,4 gr,0 gr,59 kcal,,,,,,,,,,,,,,,,,,,,,,,,,,,,0.04,0.12,1.13,0.16,0.27,2.18,
,"Wed, Aug 12",15:20 ,Champiñones,0.5,Proteína,134 gr,5 gr,4 gr,1 gr,1 gr,40 kcal,,,,,,,,,,,,,,,,,,,,,,,,,,,,,,,,,,
,"Wed, Aug 12",15:20 ,"Aceite de oliva (EV, PPF)",5,Grano,10 gr,0 gr,0 gr,10 gr,0 gr,90 kcal,,,,,,,,,,,,,,,,,,,,,,,,,,,,0.10,1.00,7.50,,,10.00,
,"Wed, Aug 12",15:20 ,Maní King Tostado Sin Piel Sin Sodio (1 cda sop),1,Fruto Seco,15 gr,4 gr,2 gr,8 gr,1 gr,89 kcal,,,,,,,,,,,,,,,,,,,,,,,,,,,,,2.55,3.68,,,7.50,
,"Wed, Aug 12",15:20 ,Nuez (1),4,Fruto Seco,16 gr,2 gr,2 gr,10 gr,1 gr,108 kcal,,,,,,,,,,,,,,,,,,,,,,,,,,,,1.02,5.21,2.25,,,10.21,
,"Wed, Aug 12",15:20 ,"G4U, tortilla proteica",3,Procesado,75 gr,16 gr,3 gr,3 gr,20 gr,143 kcal,,,,,,,,,,,,,,,,,,,,,,,,,,,,0.07,1.60,0.65,,,0.95,
,"Wed, Aug 12",15:20 ,Queso Unt. Finlandia más liviano,2,Lácteo,20 gr,2 gr,1 gr,2 gr,0 gr,26 kcal,,,,,,,,,,,,,,,,,,,,,,,,,,,,0.02,0.05,0.46,0.06,0.11,0.90,
,"Wed, Aug 12",15:20 ,Lentejas,0.4,Carb,60 gr,4 gr,10 gr,1 gr,3 gr,56 kcal,,,,,,,,,,,,,,,,,,,,,,,,,,,,,,,,,,
,"Wed, Aug 12",17:50 ,Café,1,Infusión,0 gr,0 gr,0 gr,0 gr,0 gr,0 kcal,02:30,,,,,,,,,,,,,,,,,,,,,,,,,,,,,,,,,
,"Wed, Aug 12",17:50 ,"Chocolate Colonial, amargo dietético 70%",2,Carb,14 gr,2 gr,7 gr,5 gr,1 gr,69 kcal,,,,,,,,,,,,,,,,,,,,,,,,,,,,,0.14,1.57,,,4.76,
,"Wed, Aug 12",17:50 ,"Leche, Protein",1,Lácteo,100 gr,5 gr,5 gr,0 gr,0 gr,37 kcal,,,,,,,,,,,,,,,,,,,,,,,,,,,,,,,,,,
,"Wed, Aug 12",17:50 ,Galleta Mantecol Cholex v1,1,Elaborado,50 gr,11 gr,4 gr,19 gr,3 gr,231 kcal,,,,,,,,,,,,,,,,,,,,,,,,,,,,,6.46,9.31,,,19.00,
,"Wed, Aug 12",17:50 ,"Dulce de leche Savona Fit, stevia",0.3,Carb,3 gr,0 gr,1 gr,0 gr,1 gr,6 kcal,,,,,,,,,,,,,,,,,,,,,,,,,,,,0.00,0.01,0.06,0.01,0.01,0.11,
,"Wed, Aug 12",22:00 ,"G4U, pan de molde proteico",2,Procesado,66 gr,15 gr,3 gr,4 gr,19 gr,118 kcal,04:10,,,,,,,,,,,,,,,,,,,,,,,,,,,,2.62,0.77,,,3.85,
,"Wed, Aug 12",22:00 ,Jamón Cocido Extra (1 feta),2,Proteína,53 gr,10 gr,1 gr,2 gr,0 gr,64 kcal,,,,,,,,,,,,,,,,,,,,,,,,,,,,,0.21,0.86,,,0.52,
,"Wed, Aug 12",22:00 ,Lomo Horneado (1 feta),2.5,Proteína,25 gr,6 gr,0 gr,1 gr,0 gr,31 kcal,,,,,,,,,,,,,,,,,,,,,,,,,,,,0.01,0.09,0.39,,,0.88,
,"Wed, Aug 12",22:00 ,Queso barra punta de agua,4,Lácteo,57 gr,14 gr,0 gr,16 gr,0 gr,198 kcal,,,,,,,,,,,,,,,,,,,,,,,,,,,,0.16,0.47,4.57,0.63,1.10,8.83,
,"Wed, Aug 12",22:00 ,Queso Unt. Finlandia Light,2,Lácteo,20 gr,2 gr,1 gr,3 gr,0 gr,38 kcal,,,,,,,,,,,,,,,,,,,,,,,,,,,,0.03,0.09,0.85,0.12,0.21,1.64,
,"Wed, Aug 12",22:00 ,Jamón Crudo De Trevélez (1 feta),2,Proteína,39 gr,12 gr,0 gr,4 gr,0 gr,86 kcal,,,,,,,,,,,,,,,,,,,,,,,,,,,,,0.38,1.50,,,0.92,
,"Wed, Aug 12",22:00 ,Queso Pategrás La Paulina,1.2,Lácteo,36 gr,10 gr,0 gr,10 gr,0 gr,132 kcal,,,,,,,,,,,,,,,,,,,,,,,,,,,,0.10,0.31,2.99,0.41,0.72,5.78,
,"Wed, Aug 12",22:00 ,Queso Regianitto Punta de Agua,1.2,Lácteo,36 gr,11 gr,0 gr,11 gr,0 gr,143 kcal,,,,,,,,,,,,,,,,,,,,,,,,,,,,0.11,0.32,3.13,0.43,0.76,6.05,
,"Wed, Aug 12",22:00 ,Magnesio,1,Complemento,0 gr,0 gr,0 gr,0 gr,0 gr,0 kcal,,,,,,170 gr,61 gr,114 gr,53 gr,"1,983 kcal",1249 gr,,115 gr,100 gr,124 gr,35 gr,2000 kcal,2 gr,22 gr,42 gr,2 gr,3 gr,85 gr,0 gr,65 gr,90 gr,2:22,,,,,,,
,"Thu, Aug 13",16:10 ,Zanahoria,0.5,Verdura,69 gr,1 gr,7 gr,0 gr,2 gr,28 kcal,18:10,,,,,,,,,,,,,,,,,,,,,,,,,,,,,,,,,
,"Thu, Aug 13",16:10 ,Ají,0.5,Verdura,59 gr,1 gr,2 gr,0 gr,0 gr,11 kcal,,,,,,,,,,,,,,,,,,,,,,,,,,,,,,,,,,
,"Thu, Aug 13",16:10 ,Tomate,1,Verdura,140 gr,1 gr,5 gr,0 gr,2 gr,25 kcal,,,,,,,,,,,,,,,,,,,,,,,,,,,,,,,,,,
,"Thu, Aug 13",16:10 ,Palta,1,Fruta,70 gr,1 gr,6 gr,10 gr,5 gr,112 kcal,,,,,,,,,,,,,,,,,,,,,,,,,,,,0.10,1.44,7.29,,,10.26,
,"Thu, Aug 13",16:10 ,Champiñones,1,Proteína,100 gr,4 gr,3 gr,1 gr,1 gr,30 kcal,,,,,,,,,,,,,,,,,,,,,,,,,,,,,,,,,,
,"Thu, Aug 13",16:10 ,"Aceite de oliva (EV, PPF)",5,Grano,10 gr,0 gr,0 gr,10 gr,0 gr,90 kcal,,,,,,,,,,,,,,,,,,,,,,,,,,,,0.10,1.00,7.50,,,10.00,
,"Thu, Aug 13",16:10 ,Maní King Tostado Sin Piel Sin Sodio (1 cda sop),1,Fruto Seco,15 gr,4 gr,2 gr,8 gr,1 gr,89 kcal,,,,,,,,,,,,,,,,,,,,,,,,,,,,,2.55,3.68,,,7.50,
,"Thu, Aug 13",16:10 ,Nuez (1),4,Fruto Seco,16 gr,2 gr,2 gr,10 gr,1 gr,108 kcal,,,,,,,,,,,,,,,,,,,,,,,,,,,,1.02,5.21,2.25,,,10.21,
,"Thu, Aug 13",16:10 ,Castaña de Cajú,1,Fruto Seco,8 gr,1 gr,2 gr,4 gr,0 gr,44 kcal,,,,,,,,,,,,,,,,,,,,,,,,,,,,,0.60,2.11,,,3.52,
,"Thu, Aug 13",16:10 ,Pollo (1 pechuga),0.5,Proteína,95 gr,27 gr,0 gr,3 gr,0 gr,143 kcal,,,,,,,,,,,,,,,,,,,,,,,,,,,,0.03,0.61,1.22,,,3.04,
,"Thu, Aug 13",16:10 ,Queso Pategrás La Paulina,1,Lácteo,40 gr,11 gr,0 gr,11 gr,0 gr,147 kcal,,,,,,,,,,,,,,,,,,,,,,,,,,,,0.11,0.34,3.33,0.46,0.80,6.42,
,"Thu, Aug 13",16:10 ,Queso Regianitto Punta de Agua,1.15,Lácteo,35 gr,11 gr,0 gr,10 gr,0 gr,137 kcal,,,,,,,,,,,,,,,,,,,,,,,,,,,,0.10,0.31,3.00,0.41,0.72,5.80,
,"Thu, Aug 13",16:10 ,Jamón Crudo De Trevélez (1 feta),1,Proteína,32 gr,10 gr,0 gr,3 gr,0 gr,71 kcal,,,,,,,,,,,,,,,,,,,,,,,,,,,,,0.31,1.23,,,0.75,
,"Thu, Aug 13",16:10 ,Chucrut Los Montes,0.5,Verdura,15 gr,0 gr,1 gr,0 gr,0 gr,3 kcal,,,,,,,,,,,,,,,,,,,,,,,,,,,,,,,,,,
,"Thu, Aug 13",16:10 ,Queso rallado reggianito La Serenisima,1,Lácteo,15 gr,6 gr,0 gr,4 gr,0 gr,59 kcal,,,,,,,,,,,,,,,,,,,,,,,,,,,,0.04,0.12,1.13,0.16,0.27,2.18,
,"Thu, Aug 13",16:10 ,Vitaminas,1,Complemento,0 gr,0 gr,0 gr,0 gr,0 gr,0 kcal,,,,,,,,,,,,,,,,,,,,,,,,,,,,,,,,,,
,"Thu, Aug 13",16:10 ,Vitamina D,1,Complemento,0 gr,0 gr,0 gr,0 gr,0 gr,0 kcal,,,,,,,,,,,,,,,,,,,,,,,,,,,,,,,,,,
,"Thu, Aug 13",19:15 ,Café,1,Infusión,0 gr,0 gr,0 gr,0 gr,0 gr,0 kcal,03:05,,,,,,,,,,,,,,,,,,,,,,,,,,,,,,,,,
,"Thu, Aug 13",19:15 ,"Leche, Protein",1,Lácteo,100 gr,5 gr,5 gr,0 gr,0 gr,37 kcal,,,,,,,,,,,,,,,,,,,,,,,,,,,,,,,,,,
,"Thu, Aug 13",19:15 ,Galleta Mantecol Cholex v1,1,Elaborado,50 gr,11 gr,4 gr,19 gr,3 gr,231 kcal,,,,,,,,,,,,,,,,,,,,,,,,,,,,,6.46,9.31,,,19.00,
,"Thu, Aug 13",19:15 ,"Chocolate Colonial, amargo dietético 70%",1,Carb,7 gr,1 gr,3 gr,2 gr,1 gr,35 kcal,,,,,,,,,,,,,,,,,,,,,,,,,,,,,0.07,0.79,,,2.38,
,"Thu, Aug 13",19:15 ,Nuez (1),1,Fruto Seco,4 gr,1 gr,0 gr,3 gr,0 gr,27 kcal,,,,,,,,,,,,,,,,,,,,,,,,,,,,0.26,1.30,0.56,,,2.55,
,"Thu, Aug 13",19:40 ,Te,1,Infusión,0 gr,0 gr,0 gr,0 gr,0 gr,0 kcal,00:25,,,,,,,,,,,,,,,,,,,,,,,,,,,,,,,,,
,"Thu, Aug 13",23:15 ,"G4U, pan de molde proteico",2,Procesado,60 gr,14 gr,3 gr,4 gr,17 gr,107 kcal,03:35,,,,,,,,,,,,,,,,,,,,,,,,,,,,2.38,0.70,,,3.50,
,"Thu, Aug 13",23:15 ,Queso Unt. Finlandia Light,2,Lácteo,20 gr,2 gr,1 gr,3 gr,0 gr,38 kcal,,,,,,,,,,,,,,,,,,,,,,,,,,,,0.03,0.09,0.85,0.12,0.21,1.64,
,"Thu, Aug 13",23:15 ,Queso barra punta de agua,3,Lácteo,45 gr,11 gr,0 gr,12 gr,0 gr,156 kcal,,,,,,,,,,,,,,,,,,,,,,,,,,,,0.12,0.37,3.61,0.50,0.87,6.97,
,"Thu, Aug 13",23:15 ,Lomo Horneado (1 feta),2.5,Proteína,25 gr,6 gr,0 gr,1 gr,0 gr,31 kcal,,,,,,,,,,,,,,,,,,,,,,,,,,,,0.01,0.09,0.39,,,0.88,
,"Thu, Aug 13",23:15 ,Jamón Cocido Extra (1 feta),1,Proteína,34 gr,6 gr,0 gr,2 gr,0 gr,41 kcal,,,,,,,,,,,,,,,,,,,,,,,,,,,,,0.14,0.55,,,0.34,
,"Thu, Aug 13",23:15 ,Jamón Crudo De Trevélez (1 feta),1,Proteína,29 gr,9 gr,0 gr,3 gr,0 gr,64 kcal,,,,,,,,,,,,,,,,,,,,,,,,,,,,,0.28,1.12,,,0.68,
,"Thu, Aug 13",23:15 ,Queso Pategrás Sancor,2,Lácteo,60 gr,16 gr,0 gr,17 gr,0 gr,222 kcal,,,,,,,,,,,,,,,,,,,,,,,,,,,,0.17,0.52,5.05,0.70,1.22,9.74,
,"Thu, Aug 13",23:15 ,"Leche, Protein",2,Lácteo,200 gr,9 gr,9 gr,0 gr,0 gr,74 kcal,,,,,,,,,,,,,,,,,,,,,,,,,,,,,,,,,,
,"Thu, Aug 13",23:15 ,"Dicomere, cacao amargo puro en polvo",1,Procesado,10 gr,2 gr,2 gr,1 gr,4 gr,28 kcal,,,,,,,,,,,,,,,,,,,,,,,,,,,,,,,,,,
,"Thu, Aug 13",23:15 ,Galleta Mantecol Cholex v1,0.5,Elaborado,25 gr,5 gr,2 gr,10 gr,2 gr,115 kcal,,,,,,,,,,,,,,,,,,,,,,,,,,,,,3.23,4.66,,,9.50,
,"Thu, Aug 13",23:15 ,Magnesio,1,Complemento,0 gr,0 gr,0 gr,0 gr,0 gr,0 kcal,,,,,,177 gr,60 gr,151 gr,39 gr,"2,302 kcal",1388 gr,,115 gr,100 gr,124 gr,35 gr,2000 kcal,2 gr,27 gr,60 gr,2 gr,4 gr,117 gr,0 gr,90 gr,123 gr,2:27,,,,,,,
,"Fri, Aug 14",15:35 ,Zanahoria,0.5,Verdura,96 gr,1 gr,9 gr,0 gr,3 gr,39 kcal,16:20,,,,,,,,,,,,,,,,,,,,,,,,,,,,,,,,,
,"Fri, Aug 14",15:35 ,Ají,0.5,Verdura,57 gr,1 gr,2 gr,0 gr,0 gr,10 kcal,,,,,,,,,,,,,,,,,,,,,,,,,,,,,,,,,,
,"Fri, Aug 14",15:35 ,Cebolla,0.5,Verdura,90 gr,1 gr,9 gr,0 gr,1 gr,38 kcal,,,,,,,,,,,,,,,,,,,,,,,,,,,,,,,,,,
,"Fri, Aug 14",15:35 ,Champiñones,0.5,Proteína,105 gr,4 gr,3 gr,1 gr,1 gr,32 kcal,,,,,,,,,,,,,,,,,,,,,,,,,,,,,,,,,,
,"Fri, Aug 14",15:35 ,"Vaca, nalga / cuadrada",1.5,Proteína,150 gr,32 gr,0 gr,8 gr,0 gr,210 kcal,,,,,,,,,,,,,,,,,,,,,,,,,,,,0.08,0.30,3.15,,,3.75,
,"Fri, Aug 14",15:35 ,"Aceite de oliva (EV, PPF)",5,Grano,10 gr,0 gr,0 gr,10 gr,0 gr,90 kcal,,,,,,,,,,,,,,,,,,,,,,,,,,,,0.10,1.00,7.50,,,10.00,
,"Fri, Aug 14",15:35 ,Nuez (1),4,Fruto Seco,16 gr,2 gr,2 gr,10 gr,1 gr,108 kcal,,,,,,,,,,,,,,,,,,,,,,,,,,,,1.02,5.21,2.25,,,10.21,
,"Fri, Aug 14",15:35 ,Maní King Tostado Sin Piel Sin Sodio (1 cda sop),1,Fruto Seco,15 gr,4 gr,2 gr,8 gr,1 gr,89 kcal,,,,,,,,,,,,,,,,,,,,,,,,,,,,,2.55,3.68,,,7.50,
,"Fri, Aug 14",15:35 ,Queso rallado reggianito La Serenisima,1,Lácteo,15 gr,6 gr,0 gr,4 gr,0 gr,59 kcal,,,,,,,,,,,,,,,,,,,,,,,,,,,,0.04,0.12,1.13,0.16,0.27,2.18,
,"Fri, Aug 14",15:35 ,Vitaminas,1,Complemento,0 gr,0 gr,0 gr,0 gr,0 gr,0 kcal,,,,,,,,,,,,,,,,,,,,,,,,,,,,,,,,,,
,"Fri, Aug 14",15:35 ,Vitamina D,1,Complemento,0 gr,0 gr,0 gr,0 gr,0 gr,0 kcal,,,,,,,,,,,,,,,,,,,,,,,,,,,,,,,,,,
,"Fri, Aug 14",16:25 ,Café,1,Infusión,0 gr,0 gr,0 gr,0 gr,0 gr,0 kcal,00:50,,,,,,,,,,,,,,,,,,,,,,,,,,,,,,,,,
,"Fri, Aug 14",16:25 ,Galleta Mantecol Cholex v1,0.5,Elaborado,22 gr,5 gr,2 gr,8 gr,1 gr,101 kcal,,,,,,,,,,,,,,,,,,,,,,,,,,,,,2.84,4.10,,,8.36,
,"Fri, Aug 14",16:25 ,"Chocolate Colonial, amargo dietético 70%",1,Carb,7 gr,1 gr,3 gr,2 gr,1 gr,35 kcal,,,,,,,,,,,,,,,,,,,,,,,,,,,,,0.07,0.79,,,2.38,
,"Fri, Aug 14",18:40 ,"G4U, pan de molde proteico",2,Procesado,60 gr,14 gr,3 gr,4 gr,17 gr,107 kcal,02:15,,,,,,,,,,,,,,,,,,,,,,,,,,,,2.38,0.70,,,3.50,
,"Fri, Aug 14",18:40 ,Queso Unt. Finlandia Light,2,Lácteo,20 gr,2 gr,1 gr,3 gr,0 gr,38 kcal,,,,,,,,,,,,,,,,,,,,,,,,,,,,0.03,0.09,0.85,0.12,0.21,1.64,
,"Fri, Aug 14",18:40 ,Queso barra punta de agua,3.5,Lácteo,53 gr,13 gr,0 gr,15 gr,0 gr,182 kcal,,,,,,,,,,,,,,,,,,,,,,,,,,,,0.15,0.44,4.21,0.58,1.02,8.13,
,"Fri, Aug 14",18:40 ,Jamón Cocido Extra (1 feta),1.2,Proteína,36 gr,7 gr,0 gr,2 gr,0 gr,44 kcal,,,,,,,,,,,,,,,,,,,,,,,,,,,,,0.15,0.58,,,0.36,
,"Fri, Aug 14",18:40 ,Lomo Horneado (1 feta),3,Proteína,30 gr,7 gr,0 gr,1 gr,0 gr,37 kcal,,,,,,,,,,,,,,,,,,,,,,,,,,,,0.01,0.11,0.47,,,1.05,
,"Fri, Aug 14",18:40 ,Jamón Crudo De Trevélez (1 feta),2,Proteína,34 gr,11 gr,0 gr,4 gr,0 gr,76 kcal,,,,,,,,,,,,,,,,,,,,,,,,,,,,,0.33,1.32,,,0.81,
,"Fri, Aug 14",18:40 ,Queso Regianitto Punta de Agua,1.1,Lácteo,33 gr,10 gr,0 gr,10 gr,0 gr,131 kcal,,,,,,,,,,,,,,,,,,,,,,,,,,,,0.10,0.30,2.87,0.40,0.69,5.54,
,"Fri, Aug 14",18:40 ,Queso Pategrás La Paulina,1.3,Lácteo,39 gr,11 gr,0 gr,11 gr,0 gr,143 kcal,,,,,,,,,,,,,,,,,,,,,,,,,,,,0.11,0.34,3.24,0.45,0.78,6.26,
,"Fri, Aug 14",18:40 ,Magnesio,1,Complemento,0 gr,0 gr,0 gr,0 gr,0 gr,0 kcal,,,,,,,,,,,,,,,,,,,,,,,,,,,,,,,,,,
,"Fri, Aug 14",23:30 ,Huevo,1,Proteína,58 gr,7 gr,0 gr,7 gr,0 gr,90 kcal,04:50,,,,,,,,,,,,,,,,,,,,,,,,,,,0.14,1.10,2.60,,,6.84,
,"Fri, Aug 14",23:30 ,Queso Unt. Finlandia Light,3,Lácteo,30 gr,3 gr,2 gr,4 gr,0 gr,57 kcal,,,,,,,,,,,,,,,,,,,,,,,,,,,,0.04,0.13,1.28,0.18,0.31,2.46,
,"Fri, Aug 14",23:30 ,Pasta de maní King natural,1,Fruto Seco,25 gr,7 gr,3 gr,12 gr,2 gr,147 kcal,,,,,,,,,,,,,,,,,,,,,,,,,,,,,4.17,6.00,,,12.25,
,"Fri, Aug 14",23:30 ,"Dicomere, cacao amargo puro en polvo",1,Procesado,10 gr,2 gr,2 gr,1 gr,4 gr,28 kcal,,,,,,,,,,,,,,,,,,,,,,,,,,,,,,,,,,
,"Fri, Aug 14",23:30 ,Polvo para hornear,2,Carb,2 gr,0 gr,1 gr,0 gr,0 gr,4 kcal,,,,,,,,,,,,,,,,,,,,,,,,,,,,,,,,,,
,"Fri, Aug 14",23:30 ,Esencia de vainilla,3,Carb,3 gr,0 gr,0 gr,0 gr,0 gr,7 kcal,,,,,,,,,,,,,,,,,,,,,,,,,,,,,,,,,,
,"Fri, Aug 14",23:30 ,Leche de coco,2.5,Lácteo,250 gr,0 gr,0 gr,5 gr,0 gr,41 kcal,,,,,,,,,,,,,,,,,,,,,,,,,,,,,0.09,0.28,,2.78,1.85,
,"Fri, Aug 14",23:30 ,"Dicomere, cacao amargo puro en polvo",1,Procesado,10 gr,2 gr,2 gr,1 gr,4 gr,28 kcal,,,,,,,,,,,,,,,,,,,,,,,,,,,,,,,,,,
,"Fri, Aug 14",23:30 ,"Dulce de leche Savona Fit, stevia",1,Carb,10 gr,1 gr,2 gr,1 gr,2 gr,20 kcal,,,,,,151 gr,49 gr,130 gr,38 gr,"1,989 kcal",1286 gr,,115 gr,100 gr,124 gr,35 gr,2000 kcal,2 gr,22 gr,47 gr,2 gr,6 gr,95 gr,0 gr,71 gr,103 gr,2:22,0.01,0.02,0.19,0.03,0.05,0.36,
,"Sat, Aug 15",9:20 ,Café,1,Infusión,0 gr,0 gr,0 gr,0 gr,0 gr,0 kcal,09:50,,,,,,,,,,,,,,,,,,,,,,,,,,,,,,,,,
,"Sat, Aug 15",9:20 ,"Leche, Protein",0.7,Lácteo,70 gr,3 gr,3 gr,0 gr,0 gr,26 kcal,,,,,,,,,,,,,,,,,,,,,,,,,,,,,,,,,,
,"Sat, Aug 15",14:30 ,Cebolla,0.5,Verdura,120 gr,1 gr,12 gr,0 gr,2 gr,50 kcal,05:10,,,,,,,,,,,,,,,,,,,,,,,,,,,,,,,,,
,"Sat, Aug 15",14:30 ,Ají,0.5,Verdura,40 gr,0 gr,2 gr,0 gr,0 gr,7 kcal,,,,,,,,,,,,,,,,,,,,,,,,,,,,,,,,,,
,"Sat, Aug 15",14:30 ,Champiñones,0.5,Proteína,102 gr,4 gr,3 gr,1 gr,1 gr,31 kcal,,,,,,,,,,,,,,,,,,,,,,,,,,,,,,,,,,
,"Sat, Aug 15",14:30 ,Lentejas,0.4,Carb,40 gr,3 gr,6 gr,0 gr,2 gr,37 kcal,,,,,,,,,,,,,,,,,,,,,,,,,,,,,,,,,,
,"Sat, Aug 15",14:30 ,Atún (1 lata),1,Proteína,120 gr,31 gr,0 gr,1 gr,0 gr,139 kcal,,,,,,,,,,,,,,,,,,,,,,,,,,,,0.14,0.02,0.08,,,0.98,
,"Sat, Aug 15",14:30 ,"Aceite de oliva (EV, PPF)",8,Grano,16 gr,0 gr,0 gr,16 gr,0 gr,144 kcal,,,,,,,,,,,,,,,,,,,,,,,,,,,,0.16,1.60,12.00,,,16.00,
,"Sat, Aug 15",14:30 ,Queso rallado reggianito La Serenisima,1,Lácteo,15 gr,6 gr,0 gr,4 gr,0 gr,59 kcal,,,,,,,,,,,,,,,,,,,,,,,,,,,,0.04,0.12,1.13,0.16,0.27,2.18,
,"Sat, Aug 15",14:30 ,Nuez (1),4,Fruto Seco,16 gr,2 gr,2 gr,10 gr,1 gr,108 kcal,,,,,,,,,,,,,,,,,,,,,,,,,,,,1.02,5.21,2.25,,,10.21,
,"Sat, Aug 15",14:30 ,Maní King Tostado Sin Piel Sin Sodio (1 cda sop),1,Fruto Seco,15 gr,4 gr,2 gr,8 gr,1 gr,89 kcal,,,,,,,,,,,,,,,,,,,,,,,,,,,,,2.55,3.68,,,7.50,
,"Sat, Aug 15",14:30 ,Queso Pategrás La Paulina,1.5,Lácteo,45 gr,12 gr,0 gr,13 gr,0 gr,165 kcal,,,,,,,,,,,,,,,,,,,,,,,,,,,,0.13,0.39,3.74,0.52,0.90,7.22,
,"Sat, Aug 15",14:30 ,Queso Regianitto Punta de Agua,1,Lácteo,37 gr,11 gr,0 gr,11 gr,0 gr,147 kcal,,,,,,,,,,,,,,,,,,,,,,,,,,,,0.11,0.33,3.22,0.44,0.78,6.22,
,"Sat, Aug 15",14:30 ,Jamón Crudo De Trevélez (1 feta),2,Proteína,34 gr,11 gr,0 gr,4 gr,0 gr,76 kcal,,,,,,,,,,,,,,,,,,,,,,,,,,,,,0.33,1.32,,,0.81,
,"Sat, Aug 15",14:30 ,Vitaminas,1,Complemento,0 gr,0 gr,0 gr,0 gr,0 gr,0 kcal,,,,,,,,,,,,,,,,,,,,,,,,,,,,,,,,,,
,"Sat, Aug 15",14:30 ,Vitamina D,1,Complemento,0 gr,0 gr,0 gr,0 gr,0 gr,0 kcal,,,,,,,,,,,,,,,,,,,,,,,,,,,,,,,,,,
,"Sat, Aug 15",16:10 ,"Chocolate Colonial, amargo dietético 70%",2,Carb,14 gr,2 gr,7 gr,5 gr,1 gr,69 kcal,01:40,,,,,,,,,,,,,,,,,,,,,,,,,,,,0.14,1.57,,,4.76,
,"Sat, Aug 15",16:10 ,Pasta de maní King natural,1,Fruto Seco,15 gr,4 gr,2 gr,7 gr,1 gr,88 kcal,,,,,,,,,,,,,,,,,,,,,,,,,,,,,2.50,3.60,,,7.35,
,"Sat, Aug 15",16:10 ,Nuez (1),1,Fruto Seco,4 gr,1 gr,0 gr,3 gr,0 gr,27 kcal,,,,,,,,,,,,,,,,,,,,,,,,,,,,0.26,1.30,0.56,,,2.55,
,"Sat, Aug 15",16:10 ,Almendra (1),1,Fruto Seco,7 gr,1 gr,0 gr,4 gr,1 gr,40 kcal,,,,,,,,,,,,,,,,,,,,,,,,,,,,,0.67,2.73,,,3.75,
,"Sat, Aug 15",16:10 ,Café,1,Infusión,0 gr,0 gr,0 gr,0 gr,0 gr,0 kcal,,,,,,,,,,,,,,,,,,,,,,,,,,,,,,,,,,
,"Sat, Aug 15",16:10 ,Leche de coco,1,Lácteo,100 gr,0 gr,0 gr,2 gr,0 gr,17 kcal,,,,,,,,,,,,,,,,,,,,,,,,,,,,,0.04,0.11,,1.11,0.74,
,"Sat, Aug 15",18:00 ,"G4U, pan de molde proteico",2,Procesado,60 gr,14 gr,3 gr,4 gr,17 gr,107 kcal,01:50,,,,,,,,,,,,,,,,,,,,,,,,,,,,2.38,0.70,,,3.50,
,"Sat, Aug 15",18:00 ,Queso barra punta de agua,2,Lácteo,40 gr,10 gr,0 gr,11 gr,0 gr,139 kcal,,,,,,,,,,,,,,,,,,,,,,,,,,,,0.11,0.33,3.21,0.44,0.77,6.20,
,"Sat, Aug 15",18:00 ,Jamón Cocido Extra (1 feta),1,Proteína,30 gr,6 gr,0 gr,1 gr,0 gr,36 kcal,,,,,,,,,,,,,,,,,,,,,,,,,,,,,0.12,0.49,,,0.30,
,"Sat, Aug 15",18:00 ,Lomo Horneado (1 feta),2,Proteína,20 gr,5 gr,0 gr,1 gr,0 gr,25 kcal,,,,,,,,,,,,,,,,,,,,,,,,,,,,0.01,0.07,0.32,,,0.70,
,"Sat, Aug 15",18:00 ,Palta,0.25,Fruta,40 gr,1 gr,3 gr,6 gr,3 gr,64 kcal,,,,,,,,,,,,,,,,,,,,,,,,,,,,0.06,0.82,4.16,,,5.86,
,"Sat, Aug 15",18:00 ,Queso Unt. Finlandia Light,2,Lácteo,20 gr,2 gr,1 gr,3 gr,0 gr,38 kcal,,,,,,132 gr,47 gr,113 gr,31 gr,"1,727 kcal",1020 gr,,115 gr,100 gr,124 gr,35 gr,2000 kcal,2 gr,19 gr,46 gr,2 gr,4 gr,88 gr,0 gr,67 gr,94 gr,2:19,0.03,0.09,0.85,0.12,0.21,1.64,
,"Sun, Aug 16",10:50 ,Café,1,Infusión,0 gr,0 gr,0 gr,0 gr,0 gr,0 kcal,16:50,,,,,,,,,,,,,,,,,,,,,,,,,,,,,,,,,
,"Sun, Aug 16",10:50 ,Palta,0.4,Fruta,40 gr,1 gr,3 gr,6 gr,3 gr,64 kcal,,,,,,,,,,,,,,,,,,,,,,,,,,,,0.06,0.82,4.16,,,5.86,
,"Sun, Aug 16",10:50 ,"G4U, pan de molde proteico",2,Procesado,57 gr,13 gr,3 gr,3 gr,16 gr,102 kcal,,,,,,,,,,,,,,,,,,,,,,,,,,,,,2.26,0.67,,,3.33,
,"Sun, Aug 16",10:50 ,Queso barra punta de agua,3,Lácteo,47 gr,11 gr,0 gr,13 gr,0 gr,163 kcal,,,,,,,,,,,,,,,,,,,,,,,,,,,,0.13,0.39,3.77,0.52,0.91,7.28,
,"Sun, Aug 16",10:50 ,Jamón Crudo De Trevélez (1 feta),2,Proteína,40 gr,12 gr,0 gr,4 gr,0 gr,88 kcal,,,,,,,,,,,,,,,,,,,,,,,,,,,,,0.39,1.54,,,0.94,
,"Sun, Aug 16",10:50 ,Lomo Horneado (1 feta),4.2,Proteína,42 gr,10 gr,0 gr,1 gr,0 gr,51 kcal,,,,,,,,,,,,,,,,,,,,,,,,,,,,0.01,0.15,0.66,,,1.47,
,"Sun, Aug 16",10:50 ,Huevo,1,Proteína,54 gr,6 gr,0 gr,6 gr,0 gr,84 kcal,,,,,,,,,,,,,,,,,,,,,,,,,,,,0.13,1.02,2.42,,,6.37,
,"Sun, Aug 16",10:50 ,Queso rallado reggianito La Serenisima,1,Lácteo,15 gr,6 gr,0 gr,4 gr,0 gr,59 kcal,,,,,,,,,,,,,,,,,,,,,,,,,,,,0.04,0.12,1.13,0.16,0.27,2.18,
,"Sun, Aug 16",10:50 ,Queso Unt. Finlandia Light,2,Lácteo,20 gr,2 gr,1 gr,3 gr,0 gr,38 kcal,,,,,,,,,,,,,,,,,,,,,,,,,,,,0.03,0.09,0.85,0.12,0.21,1.64,
,"Sun, Aug 16",10:50 ,"Aceite de oliva (EV, PPF)",1.5,Grano,3 gr,0 gr,0 gr,3 gr,0 gr,27 kcal,,,,,,,,,,,,,,,,,,,,,,,,,,,,0.03,0.30,2.25,,,3.00,
,"Sun, Aug 16",10:50 ,Queso cremoso Punta de Agua,1.75,Lácteo,49 gr,8 gr,1 gr,12 gr,0 gr,149 kcal,,,,,,,,,,,,,,,,,,,,,,,,,,,,0.12,0.37,3.55,0.49,0.86,6.86,
,"Sun, Aug 16",10:50 ,Vitaminas,1,Complemento,0 gr,0 gr,0 gr,0 gr,0 gr,0 kcal,,,,,,,,,,,,,,,,,,,,,,,,,,,,,,,,,,
,"Sun, Aug 16",10:50 ,Vitamina D,1,Complemento,0 gr,0 gr,0 gr,0 gr,0 gr,0 kcal,,,,,,,,,,,,,,,,,,,,,,,,,,,,,,,,,,
,"Sun, Aug 16",10:50 ,"Chocolate Colonial, amargo dietético 70%",1.5,Carb,10 gr,1 gr,5 gr,3 gr,1 gr,50 kcal,,,,,,,,,,,,,,,,,,,,,,,,,,,,,0.10,1.12,,,3.40,
,"Sun, Aug 16",10:50 ,"Dulce de leche Savona Fit, stevia",1.5,Carb,15 gr,1 gr,3 gr,1 gr,3 gr,30 kcal,,,,,,,,,,,,,,,,,,,,,,,,,,,,0.01,0.03,0.28,0.04,0.07,0.55,
,"Sun, Aug 16",10:50 ,Nuez (1),2.2,Fruto Seco,9 gr,1 gr,1 gr,6 gr,1 gr,59 kcal,,,,,,,,,,,,,,,,,,,,,,,,,,,,0.56,2.86,1.24,,,5.61,
,"Sun, Aug 16",15:20 ,Queso Pategrás La Paulina,1,Lácteo,54 gr,15 gr,0 gr,15 gr,0 gr,198 kcal,04:30,,,,,,,,,,,,,,,,,,,,,,,,,,,0.15,0.46,4.49,0.62,1.08,8.67,
,"Sun, Aug 16",15:20 ,Queso Regianitto Punta de Agua,1,Lácteo,23 gr,7 gr,0 gr,7 gr,0 gr,91 kcal,,,,,,,,,,,,,,,,,,,,,,,,,,,,0.07,0.21,2.00,0.28,0.48,3.86,
,"Sun, Aug 16",15:20 ,Queso barra punta de agua,1,Lácteo,15 gr,4 gr,0 gr,4 gr,0 gr,52 kcal,,,,,,,,,,,,,,,,,,,,,,,,,,,,0.04,0.12,1.20,0.17,0.29,2.32,
,"Sun, Aug 16",15:20 ,Jamón Crudo De Trevélez (1 feta),2,Proteína,50 gr,16 gr,0 gr,5 gr,0 gr,111 kcal,,,,,,,,,,,,,,,,,,,,,,,,,,,,,0.48,1.93,,,1.18,
,"Sun, Aug 16",15:20 ,Salamín,1,Proteína,30 gr,7 gr,0 gr,8 gr,0 gr,75 kcal,,,,,,,,,,,,,,,,,,,,,,,,,,,,0.08,0.78,3.51,,,7.80,
,"Sun, Aug 16",15:20 ,Magnesio,1,Complemento,0 gr,0 gr,0 gr,0 gr,0 gr,0 kcal,,,,,,,,,,,,,,,,,,,,,,,,,,,,,,,,,,
,"Sun, Aug 16",19:00 ,Huevo,1,Proteína,54 gr,6 gr,0 gr,6 gr,0 gr,84 kcal,03:40,,,,,,,,,,,,,,,,,,,,,,,,,,,0.13,1.02,2.42,,,6.37,
,"Sun, Aug 16",19:00 ,Queso rallado reggianito La Serenisima,1,Lácteo,15 gr,6 gr,0 gr,4 gr,0 gr,59 kcal,,,,,,,,,,,,,,,,,,,,,,,,,,,,0.04,0.12,1.13,0.16,0.27,2.18,
,"Sun, Aug 16",19:00 ,Queso cremoso Punta de Agua,1,Lácteo,47 gr,8 gr,1 gr,12 gr,0 gr,143 kcal,,,,,,,,,,,,,,,,,,,,,,,,,,,,0.12,0.35,3.41,0.47,0.82,6.58,
,"Sun, Aug 16",19:00 ,Lomo Horneado (1 feta),3,Proteína,30 gr,7 gr,0 gr,1 gr,0 gr,37 kcal,,,,,,,,,,,,,,,,,,,,,,,,,,,,0.01,0.11,0.47,,,1.05,
,"Sun, Aug 16",19:00 ,Queso Unt. Finlandia Light,1.5,Lácteo,15 gr,1 gr,1 gr,2 gr,0 gr,29 kcal,,,,,,,,,,,,,,,,,,,,,,,,,,,,0.02,0.07,0.64,0.09,0.15,1.23,
,"Sun, Aug 16",19:00 ,"Aceite de oliva (EV, PPF)",1,Grano,2 gr,0 gr,0 gr,2 gr,0 gr,18 kcal,,,,,,,,,,,,,,,,,,,,,,,,,,,,0.02,0.20,1.50,,,2.00,
,"Sun, Aug 16",19:00 ,Nuez (1),4,Fruto Seco,16 gr,2 gr,2 gr,10 gr,1 gr,108 kcal,,,,,,,,,,,,,,,,,,,,,,,,,,,,1.02,5.21,2.25,,,10.21,
,"Sun, Aug 16",19:00 ,"Leche, Protein",2,Lácteo,200 gr,9 gr,9 gr,0 gr,0 gr,74 kcal,,,,,,,,,,,,,,,,,,,,,,,,,,,,,,,,,,
,"Sun, Aug 16",19:00 ,"Dicomere, cacao amargo puro en polvo",1,Procesado,10 gr,2 gr,2 gr,1 gr,4 gr,28 kcal,,,,,,,,,,,,,,,,,,,,,,,,,,,,,,,,,,
,"Sun, Aug 16",23:00 ,"G4U, pan de molde proteico",2,Procesado,60 gr,14 gr,3 gr,4 gr,17 gr,107 kcal,04:00,,,,,,,,,,,,,,,,,,,,,,,,,,,,2.38,0.70,,,3.50,
,"Sun, Aug 16",23:00 ,Queso Unt. Finlandia Light,4,Lácteo,40 gr,4 gr,2 gr,6 gr,0 gr,76 kcal,,,,,,,,,,,,,,,,,,,,,,,,,,,,0.06,0.18,1.70,0.23,0.41,3.29,
,"Sun, Aug 16",23:00 ,Palta,0.4,Fruta,40 gr,1 gr,3 gr,6 gr,3 gr,64 kcal,,,,,,,,,,,,,,,,,,,,,,,,,,,,0.06,0.82,4.16,,,5.86,
,"Sun, Aug 16",23:00 ,Queso barra punta de agua,3,Lácteo,56 gr,14 gr,0 gr,15 gr,0 gr,194 kcal,,,,,,,,,,,,,,,,,,,,,,,,,,,,0.15,0.46,4.49,0.62,1.08,8.68,
,"Sun, Aug 16",23:00 ,Jamón Crudo De Trevélez (1 feta),2,Proteína,47 gr,15 gr,0 gr,5 gr,0 gr,104 kcal,,,,,,,,,,,,,,,,,,,,,,,,,,,,,0.45,1.81,,,1.11,
,"Sun, Aug 16",23:00 ,Lomo Horneado (1 feta),4,Proteína,40 gr,9 gr,0 gr,1 gr,0 gr,49 kcal,,,,,,,,,,,,,,,,,,,,,,,,,,,,0.01,0.14,0.63,,,1.40,
,"Sun, Aug 16",23:00 ,Queso Pategrás La Paulina,1,Lácteo,37 gr,10 gr,0 gr,11 gr,0 gr,136 kcal,,,,,,,,,,,,,,,,,,,,,,,,,,,,0.11,0.32,3.08,0.42,0.74,5.94,
,"Sun, Aug 16",23:00 ,Queso Regianitto Punta de Agua,1,Lácteo,27 gr,8 gr,0 gr,8 gr,0 gr,107 kcal,,,,,,,,,,,,,,,,,,,,,,,,,,,,0.08,0.24,2.35,0.32,0.57,4.54,
,"Sun, Aug 16",23:00 ,Nuez (1),4,Fruto Seco,16 gr,2 gr,2 gr,10 gr,1 gr,108 kcal,,,,,,,,,,,,,,,,,,,,,,,,,,,,1.02,5.21,2.25,,,10.21,
,"Sun, Aug 16",23:00 ,Maní King Tostado Sin Piel Sin Sodio (1 cda sop),1,Fruto Seco,15 gr,4 gr,2 gr,8 gr,1 gr,89 kcal,,,,,,,,,,,,,,,,,,,,,,,,,,,,,2.55,3.68,,,7.50,
,"Sun, Aug 16",23:00 ,Chucrut Los Montes,1,Verdura,22 gr,0 gr,1 gr,0 gr,1 gr,4 kcal,,,,,,,,,,,,,,,,,,,,,,,,,,,,,,,,,,
,"Sun, Aug 16",23:00 ,"Aceite de oliva (EV, PPF)",1,Grano,2 gr,0 gr,0 gr,2 gr,0 gr,14 kcal,,,,,,,,,,,,,,,,,,,,,,,,,,,,0.02,0.15,1.13,,,1.50,
,"Sun, Aug 16",23:00 ,Te,1,Infusión,0 gr,0 gr,0 gr,0 gr,0 gr,0 kcal,,,,,,244 gr,46 gr,220 gr,50 gr,"3,120 kcal",1363 gr,,115 gr,100 gr,124 gr,35 gr,2000 kcal,4 gr,31 gr,75 gr,5 gr,8 gr,155 gr,0 gr,110 gr,168 gr,4:31,,,,,,,
,"Mon, Aug 17",14:20 ,Ají,0.3,Verdura,110 gr,1 gr,4 gr,0 gr,1 gr,20 kcal,15:20,,,,,,,,,,,,,,,,,,,,,,,,,,,,,,,,,
,"Mon, Aug 17",14:20 ,Cebolla,0.3,Verdura,45 gr,0 gr,5 gr,0 gr,1 gr,19 kcal,,,,,,,,,,,,,,,,,,,,,,,,,,,,,,,,,,
,"Mon, Aug 17",14:20 ,Champiñones,0.5,Proteína,115 gr,5 gr,3 gr,1 gr,1 gr,35 kcal,,,,,,,,,,,,,,,,,,,,,,,,,,,,,,,,,,
,"Mon, Aug 17",14:20 ,Zanahoria,0.3,Verdura,56 gr,1 gr,5 gr,0 gr,2 gr,23 kcal,,,,,,,,,,,,,,,,,,,,,,,,,,,,,,,,,,
,"Mon, Aug 17",14:20 ,Zucchini,0.4,Verdura,151 gr,2 gr,5 gr,0 gr,2 gr,26 kcal,,,,,,,,,,,,,,,,,,,,,,,,,,,,,,,,,,
,"Mon, Aug 17",14:20 ,Huevo,1,Proteína,54 gr,6 gr,0 gr,6 gr,0 gr,84 kcal,,,,,,,,,,,,,,,,,,,,,,,,,,,,0.13,1.02,2.42,,,6.37,
,"Mon, Aug 17",14:20 ,Pollo (1 pechuga),0.5,Proteína,110 gr,31 gr,0 gr,4 gr,0 gr,166 kcal,,,,,,,,,,,,,,,,,,,,,,,,,,,,0.04,0.70,1.41,,,3.52,
,"Mon, Aug 17",14:20 ,"Aceite de oliva (EV, PPF)",7,Grano,14 gr,0 gr,0 gr,14 gr,0 gr,126 kcal,,,,,,,,,,,,,,,,,,,,,,,,,,,,0.14,1.40,10.50,,,14.00,
,"Mon, Aug 17",14:20 ,Queso rallado reggianito La Serenisima,1,Lácteo,15 gr,6 gr,0 gr,4 gr,0 gr,59 kcal,,,,,,,,,,,,,,,,,,,,,,,,,,,,0.04,0.12,1.13,0.16,0.27,2.18,
,"Mon, Aug 17",14:20 ,Nuez (1),4,Fruto Seco,16 gr,2 gr,2 gr,10 gr,1 gr,108 kcal,,,,,,,,,,,,,,,,,,,,,,,,,,,,1.02,5.21,2.25,,,10.21,
,"Mon, Aug 17",14:20 ,Maní King Tostado Sin Piel Sin Sodio (1 cda sop),1,Fruto Seco,15 gr,4 gr,2 gr,8 gr,1 gr,89 kcal,,,,,,,,,,,,,,,,,,,,,,,,,,,,,2.55,3.68,,,7.50,
,"Mon, Aug 17",14:20 ,Vitaminas,1,Complemento,0 gr,0 gr,0 gr,0 gr,0 gr,0 kcal,,,,,,,,,,,,,,,,,,,,,,,,,,,,,,,,,,
,"Mon, Aug 17",14:20 ,Vitamina D,1,Complemento,0 gr,0 gr,0 gr,0 gr,0 gr,0 kcal,,,,,,,,,,,,,,,,,,,,,,,,,,,,,,,,,,
,"Mon, Aug 17",15:40 ,Café,1,Infusión,0 gr,0 gr,0 gr,0 gr,0 gr,0 kcal,01:20,,,,,,,,,,,,,,,,,,,,,,,,,,,,,,,,,
,"Mon, Aug 17",15:40 ,"Chocolate Colonial, dietético 55%",1,Carb,7 gr,0 gr,4 gr,2 gr,0 gr,30 kcal,,,,,,,,,,,,,,,,,,,,,,,,,,,,,0.06,0.69,,,2.10,
,"Mon, Aug 17",15:40 ,"Dulce de leche Savona Fit, stevia",1,Carb,10 gr,1 gr,2 gr,1 gr,2 gr,20 kcal,,,,,,,,,,,,,,,,,,,,,,,,,,,,0.01,0.02,0.19,0.03,0.05,0.36,
,"Mon, Aug 17",15:40 ,"Leche, Protein",1,Lácteo,100 gr,5 gr,5 gr,0 gr,0 gr,37 kcal,,,,,,,,,,,,,,,,,,,,,,,,,,,,,,,,,,
,"Mon, Aug 17",19:20 ,Café,1,Infusión,0 gr,0 gr,0 gr,0 gr,0 gr,0 kcal,03:40,,,,,,,,,,,,,,,,,,,,,,,,,,,,,,,,,
,"Mon, Aug 17",19:20 ,"Leche, Protein",1,Lácteo,100 gr,5 gr,5 gr,0 gr,0 gr,37 kcal,,,,,,,,,,,,,,,,,,,,,,,,,,,,,,,,,,
,"Mon, Aug 17",19:20 ,Brownie keto Cholex v1,1,Elaborado,50 gr,11 gr,4 gr,18 gr,4 gr,226 kcal,,,,,,,,,,,,,,,,,,,,,,,,,,,,,0.54,5.96,,,18.05,
,"Mon, Aug 17",19:20 ,Nuez (1),1,Fruto Seco,4 gr,1 gr,0 gr,3 gr,0 gr,27 kcal,,,,,,,,,,,,,,,,,,,,,,,,,,,,0.26,1.30,0.56,,,2.55,
,"Mon, Aug 17",20:40 ,"G4U, pan de molde proteico",2,Procesado,60 gr,14 gr,3 gr,4 gr,17 gr,107 kcal,01:20,,,,,,,,,,,,,,,,,,,,,,,,,,,,2.38,0.70,,,3.50,
,"Mon, Aug 17",20:40 ,Queso Unt. Finlandia Light,2,Lácteo,20 gr,2 gr,1 gr,3 gr,0 gr,38 kcal,,,,,,,,,,,,,,,,,,,,,,,,,,,,0.03,0.09,0.85,0.12,0.21,1.64,
,"Mon, Aug 17",20:40 ,Huevo,1,Proteína,54 gr,6 gr,0 gr,6 gr,0 gr,84 kcal,,,,,,,,,,,,,,,,,,,,,,,,,,,,0.13,1.02,2.42,,,6.37,
,"Mon, Aug 17",20:40 ,Queso barra punta de agua,3,Lácteo,45 gr,11 gr,0 gr,12 gr,0 gr,156 kcal,,,,,,,,,,,,,,,,,,,,,,,,,,,,0.12,0.37,3.61,0.50,0.87,6.97,
,"Mon, Aug 17",20:40 ,Lomo Horneado (1 feta),4,Proteína,37 gr,9 gr,0 gr,1 gr,0 gr,45 kcal,,,,,,,,,,,,,,,,,,,,,,,,,,,,0.01,0.13,0.58,,,1.30,
,"Mon, Aug 17",20:40 ,Jamón Crudo De Trevélez (1 feta),3,Proteína,46 gr,14 gr,0 gr,5 gr,0 gr,102 kcal,,,,,,,,,,,,,,,,,,,,,,,,,,,,,0.44,1.77,,,1.08,
,"Mon, Aug 17",20:40 ,Salamín,1,Proteína,30 gr,7 gr,0 gr,8 gr,0 gr,75 kcal,,,,,,,,,,,,,,,,,,,,,,,,,,,,0.08,0.78,3.51,,,7.80,
,"Mon, Aug 17",20:40 ,Queso Pategrás La Paulina,1,Lácteo,40 gr,11 gr,0 gr,11 gr,0 gr,147 kcal,,,,,,,,,,,,,,,,,,,,,,,,,,,,0.11,0.34,3.33,0.46,0.80,6.42,
,"Mon, Aug 17",20:40 ,Queso Regianitto Punta de Agua,1,Lácteo,23 gr,7 gr,0 gr,7 gr,0 gr,91 kcal,,,,,,,,,,,,,,,,,,,,,,,,,,,,0.07,0.21,2.00,0.28,0.48,3.86,
,"Mon, Aug 17",20:40 ,Queso cremoso Punta de Agua,1,Lácteo,22 gr,4 gr,0 gr,6 gr,0 gr,67 kcal,,,,,,,,,,,,,,,,,,,,,,,,,,,,0.06,0.17,1.60,0.22,0.39,3.08,
,"Mon, Aug 17",20:40 ,Nuez (1),4,Fruto Seco,16 gr,2 gr,2 gr,10 gr,1 gr,108 kcal,,,,,,,,,,,,,,,,,,,,,,,,,,,,1.02,5.21,2.25,,,10.21,
,"Mon, Aug 17",20:40 ,Magnesio,1,Complemento,0 gr,0 gr,0 gr,0 gr,0 gr,0 kcal,,,,,,167 gr,54 gr,143 gr,33 gr,"2,151 kcal",1365 gr,,115 gr,100 gr,124 gr,35 gr,2000 kcal,3 gr,24 gr,51 gr,2 gr,3 gr,119 gr,0 gr,79 gr,124 gr,3:24,,,,,,,
,"Tue, Aug 18",15:15 ,"Aceite de oliva (EV, PPF)",7,Grano,14 gr,0 gr,0 gr,14 gr,0 gr,126 kcal,18:35,,,,,,,,,,,,,,,,,,,,,,,,,,,0.14,1.40,10.50,,,14.00,
,"Tue, Aug 18",15:15 ,Zanahoria,0.3,Verdura,54 gr,1 gr,5 gr,0 gr,2 gr,22 kcal,,,,,,,,,,,,,,,,,,,,,,,,,,,,,,,,,,
,"Tue, Aug 18",15:15 ,Zucchini,0.3,Verdura,110 gr,1 gr,4 gr,0 gr,1 gr,19 kcal,,,,,,,,,,,,,,,,,,,,,,,,,,,,,,,,,,
,"Tue, Aug 18",15:15 ,Ají,0.4,Verdura,74 gr,1 gr,3 gr,0 gr,1 gr,13 kcal,,,,,,,,,,,,,,,,,,,,,,,,,,,,,,,,,,
,"Tue, Aug 18",15:15 ,Lentejas,0.4,Carb,95 gr,6 gr,15 gr,1 gr,5 gr,88 kcal,,,,,,,,,,,,,,,,,,,,,,,,,,,,,,,,,,
,"Tue, Aug 18",15:15 ,Tomate,1,Verdura,160 gr,1 gr,6 gr,0 gr,2 gr,29 kcal,,,,,,,,,,,,,,,,,,,,,,,,,,,,,,,,,,
,"Tue, Aug 18",15:15 ,Palta,0.3,Fruta,38 gr,1 gr,3 gr,6 gr,3 gr,61 kcal,,,,,,,,,,,,,,,,,,,,,,,,,,,,0.06,0.78,3.96,,,5.57,
,"Tue, Aug 18",15:15 ,Chucrut Los Montes,1,Verdura,24 gr,0 gr,1 gr,0 gr,1 gr,5 kcal,,,,,,,,,,,,,,,,,,,,,,,,,,,,,,,,,,
,"Tue, Aug 18",15:15 ,Pollo (1 pechuga),0.2,Proteína,99 gr,28 gr,0 gr,3 gr,0 gr,149 kcal,,,,,,,,,,,,,,,,,,,,,,,,,,,,0.03,0.63,1.27,,,3.17,
,"Tue, Aug 18",15:15 ,Queso rallado reggianito La Serenisima,1,Lácteo,15 gr,6 gr,0 gr,4 gr,0 gr,59 kcal,,,,,,,,,,,,,,,,,,,,,,,,,,,,0.04,0.12,1.13,0.16,0.27,2.18,
,"Tue, Aug 18",15:15 ,Nuez (1),4,Fruto Seco,16 gr,2 gr,2 gr,10 gr,1 gr,108 kcal,,,,,,,,,,,,,,,,,,,,,,,,,,,,1.02,5.21,2.25,,,10.21,
,"Tue, Aug 18",15:15 ,Maní King Tostado Sin Piel Sin Sodio (1 cda sop),1,Fruto Seco,15 gr,4 gr,2 gr,8 gr,1 gr,89 kcal,,,,,,,,,,,,,,,,,,,,,,,,,,,,,2.55,3.68,,,7.50,
,"Tue, Aug 18",15:15 ,Queso Gouda,1.2,Lácteo,36 gr,9 gr,0 gr,11 gr,0 gr,130 kcal,,,,,,,,,,,,,,,,,,,,,,,,,,,,0.11,0.32,3.13,0.43,0.76,6.05,
,"Tue, Aug 18",15:15 ,Jamón Crudo De Trevélez (1 feta),1,Proteína,30 gr,9 gr,0 gr,3 gr,0 gr,66 kcal,,,,,,,,,,,,,,,,,,,,,,,,,,,,,0.29,1.16,,,0.71,
,"Tue, Aug 18",15:15 ,Vitaminas,1,Complemento,0 gr,0 gr,0 gr,0 gr,0 gr,0 kcal,,,,,,,,,,,,,,,,,,,,,,,,,,,,,,,,,,
,"Tue, Aug 18",15:15 ,Vitamina D,1,Complemento,0 gr,0 gr,0 gr,0 gr,0 gr,0 kcal,,,,,,,,,,,,,,,,,,,,,,,,,,,,,,,,,,
,"Tue, Aug 18",17:35 ,Café,1,Infusión,0 gr,0 gr,0 gr,0 gr,0 gr,0 kcal,02:20,,,,,,,,,,,,,,,,,,,,,,,,,,,,,,,,,
,"Tue, Aug 18",17:35 ,"Leche, Protein",1,Lácteo,100 gr,5 gr,5 gr,0 gr,0 gr,37 kcal,,,,,,,,,,,,,,,,,,,,,,,,,,,,,,,,,,
,"Tue, Aug 18",17:35 ,Brownie keto Cholex v1,1,Elaborado,50 gr,11 gr,4 gr,18 gr,4 gr,226 kcal,,,,,,,,,,,,,,,,,,,,,,,,,,,,,0.54,5.96,,,18.05,
,"Tue, Aug 18",17:35 ,Nuez (1),2,Fruto Seco,8 gr,1 gr,1 gr,5 gr,0 gr,54 kcal,,,,,,,,,,,,,,,,,,,,,,,,,,,,0.51,2.60,1.12,,,5.10,
,"Tue, Aug 18",17:35 ,"Dulce de leche Savona Fit, stevia",1,Carb,10 gr,1 gr,2 gr,1 gr,2 gr,20 kcal,,,,,,,,,,,,,,,,,,,,,,,,,,,,0.01,0.02,0.19,0.03,0.05,0.36,
,"Tue, Aug 18",17:35 ,"Chocolate Colonial, dietético 55%",1,Carb,7 gr,0 gr,4 gr,2 gr,0 gr,30 kcal,,,,,,,,,,,,,,,,,,,,,,,,,,,,,0.06,0.69,,,2.10,
,"Tue, Aug 18",18:30 ,"G4U, pan de molde proteico",2,Procesado,64 gr,15 gr,3 gr,4 gr,18 gr,114 kcal,00:55,,,,,,,,,,,,,,,,,,,,,,,,,,,,2.54,0.75,,,3.73,
,"Tue, Aug 18",18:30 ,Queso Unt. Finlandia Light,2,Lácteo,20 gr,2 gr,1 gr,3 gr,0 gr,38 kcal,,,,,,,,,,,,,,,,,,,,,,,,,,,,0.03,0.09,0.85,0.12,0.21,1.64,
,"Tue, Aug 18",18:30 ,Lomo Horneado (1 feta),2,Proteína,26 gr,6 gr,0 gr,1 gr,0 gr,32 kcal,,,,,,,,,,,,,,,,,,,,,,,,,,,,0.01,0.09,0.41,,,0.91,
,"Tue, Aug 18",18:30 ,Queso barra punta de agua,3,Lácteo,39 gr,9 gr,0 gr,11 gr,0 gr,135 kcal,,,,,,,,,,,,,,,,,,,,,,,,,,,,0.11,0.32,3.13,0.43,0.76,6.04,
,"Tue, Aug 18",18:30 ,Jamón Cocido Extra (1 feta),2,Proteína,60 gr,11 gr,1 gr,3 gr,0 gr,73 kcal,,,,,,,,,,,,,,,,,,,,,,,,,,,,,0.24,0.97,,,0.59,
,"Tue, Aug 18",18:30 ,Queso cremoso Punta de Agua,1,Lácteo,20 gr,3 gr,0 gr,5 gr,0 gr,61 kcal,,,,,,,,,,,,,,,,,,,,,,,,,,,,0.05,0.15,1.45,0.20,0.35,2.80,
,"Tue, Aug 18",18:30 ,Jamón Crudo De Trevélez (1 feta),2,Proteína,34 gr,11 gr,0 gr,4 gr,0 gr,76 kcal,,,,,,,,,,,,,,,,,,,,,,,,,,,,,0.33,1.32,,,0.81,
,"Tue, Aug 18",18:30 ,Queso Pategrás La Paulina,0.2,Lácteo,48 gr,13 gr,0 gr,14 gr,0 gr,176 kcal,,,,,,,,,,,,,,,,,,,,,,,,,,,,0.14,0.41,3.99,0.55,0.96,7.71,
,"Tue, Aug 18",18:30 ,Huevo,1,Proteína,54 gr,6 gr,0 gr,6 gr,0 gr,84 kcal,,,,,,165 gr,63 gr,136 gr,40 gr,"2,119 kcal",1320 gr,,115 gr,100 gr,124 gr,35 gr,2000 kcal,2 gr,20 gr,50 gr,2 gr,3 gr,106 gr,0 gr,72 gr,111 gr,2:20,0.13,1.02,2.42,,,6.37,
,"Wed, Aug 19",11:05 ,"G4U, pan de molde proteico",2.2,Procesado,66 gr,15 gr,3 gr,4 gr,19 gr,118 kcal,16:35,,,,,,,,,,,,,,,,,,,,,,,,,,,,2.62,0.77,,,3.85,
,"Wed, Aug 19",11:05 ,Queso Unt. Finlandia Light,2,Lácteo,20 gr,2 gr,1 gr,3 gr,0 gr,38 kcal,,,,,,,,,,,,,,,,,,,,,,,,,,,,0.03,0.09,0.85,0.12,0.21,1.64,
,"Wed, Aug 19",11:05 ,Lomo Horneado (1 feta),3,Proteína,34 gr,8 gr,0 gr,1 gr,0 gr,42 kcal,,,,,,,,,,,,,,,,,,,,,,,,,,,,0.01,0.12,0.54,,,1.19,
,"Wed, Aug 19",11:05 ,Queso barra punta de agua,3,Lácteo,39 gr,9 gr,0 gr,11 gr,0 gr,135 kcal,,,,,,,,,,,,,,,,,,,,,,,,,,,,0.11,0.32,3.13,0.43,0.76,6.04,
,"Wed, Aug 19",11:05 ,Jamón Cocido Extra (1 feta),2,Proteína,32 gr,6 gr,0 gr,1 gr,0 gr,39 kcal,,,,,,,,,,,,,,,,,,,,,,,,,,,,,0.13,0.52,,,0.32,
,"Wed, Aug 19",11:05 ,Jamón Crudo De Trevélez (1 feta),4,Proteína,50 gr,16 gr,0 gr,5 gr,0 gr,111 kcal,,,,,,,,,,,,,,,,,,,,,,,,,,,,,0.48,1.93,,,1.18,
,"Wed, Aug 19",11:05 ,Queso Regianitto Punta de Agua,1,Lácteo,37 gr,11 gr,0 gr,11 gr,0 gr,147 kcal,,,,,,,,,,,,,,,,,,,,,,,,,,,,0.11,0.33,3.22,0.44,0.78,6.22,
,"Wed, Aug 19",11:05 ,Huevo,1,Proteína,54 gr,6 gr,0 gr,6 gr,0 gr,84 kcal,,,,,,,,,,,,,,,,,,,,,,,,,,,,0.13,1.02,2.42,,,6.37,
,"Wed, Aug 19",11:05 ,Vitaminas,1,Complemento,0 gr,0 gr,0 gr,0 gr,0 gr,0 kcal,,,,,,,,,,,,,,,,,,,,,,,,,,,,,,,,,,
,"Wed, Aug 19",11:05 ,Vitamina D,1,Complemento,0 gr,0 gr,0 gr,0 gr,0 gr,0 kcal,,,,,,,,,,,,,,,,,,,,,,,,,,,,,,,,,,
,"Wed, Aug 19",11:45 ,Café,1,Infusión,0 gr,0 gr,0 gr,0 gr,0 gr,0 kcal,00:40,,,,,,,,,,,,,,,,,,,,,,,,,,,,,,,,,
,"Wed, Aug 19",11:45 ,"Chocolate Colonial, dietético 55%",1,Carb,7 gr,0 gr,4 gr,2 gr,0 gr,30 kcal,,,,,,,,,,,,,,,,,,,,,,,,,,,,,0.06,0.69,,,2.10,
,"Wed, Aug 19",11:45 ,"Leche, Protein",1,Lácteo,100 gr,5 gr,5 gr,0 gr,0 gr,37 kcal,,,,,,,,,,,,,,,,,,,,,,,,,,,,,,,,,,
,"Wed, Aug 19",11:45 ,Brownie keto Cholex v1,1,Elaborado,50 gr,11 gr,4 gr,18 gr,4 gr,226 kcal,,,,,,,,,,,,,,,,,,,,,,,,,,,,,0.54,5.96,,,18.05,
,"Wed, Aug 19",11:45 ,"Dulce de leche Savona Fit, stevia",1,Carb,10 gr,1 gr,2 gr,1 gr,2 gr,20 kcal,,,,,,,,,,,,,,,,,,,,,,,,,,,,0.01,0.02,0.19,0.03,0.05,0.36,
,"Wed, Aug 19",11:45 ,Nuez (1),4,Fruto Seco,16 gr,2 gr,2 gr,10 gr,1 gr,108 kcal,,,,,,,,,,,,,,,,,,,,,,,,,,,,1.02,5.21,2.25,,,10.21,
,"Wed, Aug 19",16:00 ,Café,1,Infusión,0 gr,0 gr,0 gr,0 gr,0 gr,0 kcal,04:15,,,,,,,,,,,,,,,,,,,,,,,,,,,,,,,,,
,"Wed, Aug 19",16:00 ,"Leche, Protein",1,Lácteo,100 gr,5 gr,5 gr,0 gr,0 gr,37 kcal,,,,,,,,,,,,,,,,,,,,,,,,,,,,,,,,,,
,"Wed, Aug 19",16:00 ,"Dulce de leche Savona Fit, stevia",1,Carb,10 gr,1 gr,2 gr,1 gr,2 gr,20 kcal,,,,,,,,,,,,,,,,,,,,,,,,,,,,0.01,0.02,0.19,0.03,0.05,0.36,
,"Wed, Aug 19",16:00 ,"Chocolate Colonial, dietético 55%",1,Carb,7 gr,0 gr,4 gr,2 gr,0 gr,30 kcal,,,,,,,,,,,,,,,,,,,,,,,,,,,,,0.06,0.69,,,2.10,
,"Wed, Aug 19",19:30 ,"G4U, pan de molde proteico",2,Procesado,60 gr,14 gr,3 gr,4 gr,17 gr,107 kcal,03:30,,,,,,,,,,,,,,,,,,,,,,,,,,,,2.38,0.70,,,3.50,
,"Wed, Aug 19",19:30 ,Queso Unt. Finlandia Light,4,Lácteo,40 gr,4 gr,2 gr,6 gr,0 gr,76 kcal,,,,,,,,,,,,,,,,,,,,,,,,,,,,0.06,0.18,1.70,0.23,0.41,3.29,
,"Wed, Aug 19",19:30 ,Palta,0.5,Fruta,30 gr,1 gr,3 gr,4 gr,2 gr,48 kcal,,,,,,,,,,,,,,,,,,,,,,,,,,,,0.04,0.62,3.12,,,4.40,
,"Wed, Aug 19",19:30 ,Huevo,1,Proteína,62 gr,7 gr,0 gr,7 gr,0 gr,97 kcal,,,,,,,,,,,,,,,,,,,,,,,,,,,,0.15,1.17,2.78,,,7.32,
,"Wed, Aug 19",19:30 ,Chucrut Los Montes,0.5,Verdura,15 gr,0 gr,1 gr,0 gr,0 gr,3 kcal,,,,,,,,,,,,,,,,,,,,,,,,,,,,,,,,,,
,"Wed, Aug 19",19:30 ,Lomo Horneado (1 feta),3,Proteína,29 gr,7 gr,0 gr,1 gr,0 gr,36 kcal,,,,,,,,,,,,,,,,,,,,,,,,,,,,0.01,0.10,0.46,,,1.02,
,"Wed, Aug 19",19:30 ,Queso barra punta de agua,3,Lácteo,41 gr,10 gr,0 gr,11 gr,0 gr,142 kcal,,,,,,,,,,,,,,,,,,,,,,,,,,,,0.11,0.34,3.29,0.45,0.79,6.35,
,"Wed, Aug 19",19:30 ,Jamón Crudo De Trevélez (1 feta),3,Proteína,43 gr,13 gr,0 gr,5 gr,0 gr,95 kcal,,,,,,,,,,,,,,,,,,,,,,,,,,,,,0.41,1.66,,,1.01,
,"Wed, Aug 19",19:30 ,Queso Gouda,1,Lácteo,23 gr,6 gr,0 gr,7 gr,0 gr,83 kcal,,,,,,,,,,,,,,,,,,,,,,,,,,,,0.07,0.21,2.00,0.28,0.48,3.86,
,"Wed, Aug 19",19:30 ,Queso Regianitto Punta de Agua,1.2,Lácteo,36 gr,11 gr,0 gr,11 gr,0 gr,143 kcal,,,,,,,,,,,,,,,,,,,,,,,,,,,,0.11,0.32,3.13,0.43,0.76,6.05,
,"Wed, Aug 19",19:30 ,Queso Pategrás La Paulina,1.2,Lácteo,36 gr,10 gr,0 gr,10 gr,0 gr,132 kcal,,,,,,,,,,,,,,,,,,,,,,,,,,,,0.10,0.31,2.99,0.41,0.72,5.78,
,"Wed, Aug 19",19:30 ,Nuez (1),4,Fruto Seco,16 gr,2 gr,2 gr,10 gr,1 gr,108 kcal,,,,,,,,,,,,,,,,,,,,,,,,,,,,1.02,5.21,2.25,,,10.21,
,"Wed, Aug 19",19:30 ,"Aceite de oliva (EV, PPF)",4,Grano,8 gr,0 gr,0 gr,8 gr,0 gr,72 kcal,,,,,,,,,,,,,,,,,,,,,,,,,,,,0.08,0.80,6.00,,,8.00,
,"Wed, Aug 19",19:30 ,Magnesio,1,Complemento,0 gr,0 gr,0 gr,0 gr,0 gr,0 kcal,,,,,,183 gr,44 gr,161 gr,48 gr,"2,362 kcal",1071 gr,,115 gr,100 gr,124 gr,35 gr,2000 kcal,3 gr,23 gr,53 gr,3 gr,5 gr,121 gr,0 gr,80 gr,129 gr,3:23,,,,,,,
,"Thu, Aug 20",16:50 ,Cebolla,0.5,Verdura,100 gr,1 gr,10 gr,0 gr,1 gr,42 kcal,21:20,,,,,,,,,,,,,,,,,,,,,,,,,,,,,,,,,
,"Thu, Aug 20",16:50 ,Zucchini,0.4,Verdura,91 gr,1 gr,3 gr,0 gr,1 gr,15 kcal,,,,,,,,,,,,,,,,,,,,,,,,,,,,,,,,,,
,"Thu, Aug 20",16:50 ,Ají,0.3,Verdura,64 gr,1 gr,3 gr,0 gr,0 gr,12 kcal,,,,,,,,,,,,,,,,,,,,,,,,,,,,,,,,,,
,"Thu, Aug 20",16:50 ,Zanahoria,0.4,Verdura,71 gr,1 gr,7 gr,0 gr,2 gr,29 kcal,,,,,,,,,,,,,,,,,,,,,,,,,,,,,,,,,,
,"Thu, Aug 20",16:50 ,"Aceite de oliva (EV, PPF)",8,Grano,16 gr,0 gr,0 gr,16 gr,0 gr,144 kcal,,,,,,,,,,,,,,,,,,,,,,,,,,,,0.16,1.60,12.00,,,16.00,
,"Thu, Aug 20",16:50 ,Champiñones,0.4,Proteína,102 gr,4 gr,3 gr,1 gr,1 gr,31 kcal,,,,,,,,,,,,,,,,,,,,,,,,,,,,,,,,,,
,"Thu, Aug 20",16:50 ,Lentejas,0.3,Carb,45 gr,3 gr,7 gr,0 gr,2 gr,42 kcal,,,,,,,,,,,,,,,,,,,,,,,,,,,,,,,,,,
,"Thu, Aug 20",16:50 ,Atún (1 lata),1,Proteína,120 gr,31 gr,0 gr,1 gr,0 gr,139 kcal,,,,,,,,,,,,,,,,,,,,,,,,,,,,0.14,0.02,0.08,,,0.98,
,"Thu, Aug 20",16:50 ,Nuez (1),8,Fruto Seco,32 gr,5 gr,4 gr,20 gr,2 gr,216 kcal,,,,,,,,,,,,,,,,,,,,,,,,,,,,2.04,10.41,4.49,,,20.42,
,"Thu, Aug 20",16:50 ,Maní King Tostado Sin Piel Sin Sodio (1 cda sop),1,Fruto Seco,15 gr,4 gr,2 gr,8 gr,1 gr,89 kcal,,,,,,,,,,,,,,,,,,,,,,,,,,,,,2.55,3.68,,,7.50,
,"Thu, Aug 20",16:50 ,Lentejas,0.3,Carb,50 gr,3 gr,8 gr,1 gr,2 gr,47 kcal,,,,,,,,,,,,,,,,,,,,,,,,,,,,,,,,,,
,"Thu, Aug 20",16:50 ,Queso rallado reggianito La Serenisima,1,Lácteo,15 gr,6 gr,0 gr,4 gr,0 gr,59 kcal,,,,,,,,,,,,,,,,,,,,,,,,,,,,0.04,0.12,1.13,0.16,0.27,2.18,
,"Thu, Aug 20",16:50 ,Leche de coco,1,Lácteo,100 gr,0 gr,0 gr,2 gr,0 gr,17 kcal,,,,,,,,,,,,,,,,,,,,,,,,,,,,,0.04,0.11,,1.11,0.74,
,"Thu, Aug 20",16:50 ,Vitaminas,1,Complemento,0 gr,0 gr,0 gr,0 gr,0 gr,0 kcal,,,,,,,,,,,,,,,,,,,,,,,,,,,,,,,,,,
,"Thu, Aug 20",16:50 ,Vitamina D,1,Complemento,0 gr,0 gr,0 gr,0 gr,0 gr,0 kcal,,,,,,,,,,,,,,,,,,,,,,,,,,,,,,,,,,
,"Thu, Aug 20",18:20 ,Café,1,Infusión,0 gr,0 gr,0 gr,0 gr,0 gr,0 kcal,01:30,,,,,,,,,,,,,,,,,,,,,,,,,,,,,,,,,
,"Thu, Aug 20",18:20 ,"Leche, Protein",1,Lácteo,100 gr,5 gr,5 gr,0 gr,0 gr,37 kcal,,,,,,,,,,,,,,,,,,,,,,,,,,,,,,,,,,
,"Thu, Aug 20",18:20 ,"Chocolate Colonial, dietético 55%",1,Carb,7 gr,0 gr,4 gr,2 gr,0 gr,30 kcal,,,,,,,,,,,,,,,,,,,,,,,,,,,,,0.06,0.69,,,2.10,
,"Thu, Aug 20",18:20 ,"Dulce de leche Savona Fit, stevia",1,Carb,10 gr,1 gr,2 gr,1 gr,2 gr,20 kcal,,,,,,,,,,,,,,,,,,,,,,,,,,,,0.01,0.02,0.19,0.03,0.05,0.36,
,"Thu, Aug 20",18:20 ,Nuez (1),4,Fruto Seco,16 gr,2 gr,2 gr,10 gr,1 gr,108 kcal,,,,,,,,,,,,,,,,,,,,,,,,,,,,1.02,5.21,2.25,,,10.21,
,"Thu, Aug 20",18:20 ,Almendra (1),1,Fruto Seco,7 gr,1 gr,0 gr,4 gr,1 gr,40 kcal,,,,,,,,,,,,,,,,,,,,,,,,,,,,,0.67,2.73,,,3.75,
,"Thu, Aug 20",18:20 ,Brownie keto Cholex v1,0.9,Elaborado,42 gr,9 gr,4 gr,15 gr,3 gr,189 kcal,,,,,,,,,,,,,,,,,,,,,,,,,,,,,0.45,5.00,,,15.16,
,"Thu, Aug 20",21:15,"G4U, pan de molde proteico",2,Procesado,60 gr,14 gr,3 gr,4 gr,17 gr,107 kcal,02:55,,,,,,,,,,,,,,,,,,,,,,,,,,,,2.38,0.70,,,3.50,
,"Thu, Aug 20",21:15 ,Queso Unt. Finlandia Light,4,Lácteo,40 gr,4 gr,2 gr,6 gr,0 gr,76 kcal,,,,,,,,,,,,,,,,,,,,,,,,,,,,0.06,0.18,1.70,0.23,0.41,3.29,
,"Thu, Aug 20",21:15 ,Palta,0.4,Fruta,33 gr,1 gr,3 gr,5 gr,2 gr,53 kcal,,,,,,,,,,,,,,,,,,,,,,,,,,,,0.05,0.68,3.43,,,4.84,
,"Thu, Aug 20",21:15 ,Chucrut Los Montes,0.5,Verdura,15 gr,0 gr,1 gr,0 gr,0 gr,3 kcal,,,,,,,,,,,,,,,,,,,,,,,,,,,,,,,,,,
,"Thu, Aug 20",21:15 ,Huevo,1,Proteína,54 gr,6 gr,0 gr,6 gr,0 gr,84 kcal,,,,,,,,,,,,,,,,,,,,,,,,,,,,0.13,1.02,2.42,,,6.37,
,"Thu, Aug 20",21:15 ,Queso rallado reggianito La Serenisima,1,Lácteo,15 gr,6 gr,0 gr,4 gr,0 gr,59 kcal,,,,,,,,,,,,,,,,,,,,,,,,,,,,0.04,0.12,1.13,0.16,0.27,2.18,
,"Thu, Aug 20",21:15 ,Lomo Horneado (1 feta),3,Proteína,43 gr,10 gr,0 gr,2 gr,0 gr,53 kcal,,,,,,,,,,,,,,,,,,,,,,,,,,,,0.02,0.15,0.68,,,1.51,
,"Thu, Aug 20",21:15 ,Queso barra punta de agua,4,Lácteo,43 gr,10 gr,0 gr,12 gr,0 gr,149 kcal,,,,,,,,,,,,,,,,,,,,,,,,,,,,0.12,0.36,3.45,0.48,0.83,6.66,
,"Thu, Aug 20",21:15 ,Jamón Cocido Extra (1 feta),3,Proteína,32 gr,6 gr,0 gr,1 gr,0 gr,39 kcal,,,,,,,,,,,,,,,,,,,,,,,,,,,,,0.13,0.52,,,0.32,
,"Thu, Aug 20",21:15 ,"Aceite de oliva (EV, PPF)",6,Grano,12 gr,0 gr,0 gr,12 gr,0 gr,108 kcal,,,,,,,,,,,,,,,,,,,,,,,,,,,,0.12,1.20,9.00,,,12.00,
,"Thu, Aug 20",21:15 ,Jamón Crudo De Trevélez (1 feta),2,Proteína,35 gr,11 gr,0 gr,4 gr,0 gr,77 kcal,,,,,,,,,,,,,,,,,,,,,,,,,,,,,0.34,1.35,,,0.82,
,"Thu, Aug 20",21:15 ,Queso Regianitto Punta de Agua,1,Lácteo,21 gr,6 gr,0 gr,6 gr,0 gr,83 kcal,,,,,,,,,,,,,,,,,,,,,,,,,,,,0.06,0.19,1.83,0.25,0.44,3.53,
,"Thu, Aug 20",21:15 ,Queso Pategrás La Paulina,1,Lácteo,27 gr,7 gr,0 gr,8 gr,0 gr,99 kcal,,,,,,,,,,,,,,,,,,,,,,,,,,,,0.08,0.23,2.24,0.31,0.54,4.33,
,"Thu, Aug 20",21:15 ,Nuez (1),4,Fruto Seco,16 gr,2 gr,2 gr,10 gr,1 gr,108 kcal,,,,,,,,,,,,,,,,,,,,,,,,,,,,1.02,5.21,2.25,,,10.21,
,"Thu, Aug 20",21:15 ,Magnesio,1,Complemento,0 gr,0 gr,0 gr,0 gr,0 gr,0 kcal,,,,,,161 gr,74 gr,164 gr,42 gr,"2,403 kcal",1449 gr,,115 gr,100 gr,124 gr,35 gr,2000 kcal,5 gr,33 gr,63 gr,2 gr,4 gr,139 gr,0 gr,101 gr,144 gr,5:33,,,,,,,
,"Fri, Aug 21",15:40 ,Cebolla,0.5,Verdura,114 gr,1 gr,11 gr,0 gr,2 gr,48 kcal,18:25,,,,,,,,,,,,,,,,,,,,,,,,,,,,,,,,,
,"Fri, Aug 21",15:40 ,Ají,0.4,Verdura,79 gr,1 gr,3 gr,0 gr,1 gr,14 kcal,,,,,,,,,,,,,,,,,,,,,,,,,,,,,,,,,,
,"Fri, Aug 21",15:40 ,Zucchini,0.5,Verdura,121 gr,1 gr,4 gr,0 gr,1 gr,21 kcal,,,,,,,,,,,,,,,,,,,,,,,,,,,,,,,,,,
,"Fri, Aug 21",15:40 ,Champiñones,0.5,Proteína,111 gr,4 gr,3 gr,1 gr,1 gr,33 kcal,,,,,,,,,,,,,,,,,,,,,,,,,,,,,,,,,,
,"Fri, Aug 21",15:40 ,Tomate,0.5,Verdura,88 gr,1 gr,3 gr,0 gr,1 gr,16 kcal,,,,,,,,,,,,,,,,,,,,,,,,,,,,,,,,,,
,"Fri, Aug 21",15:40 ,Pollo (1 pechuga),0.4,Proteína,117 gr,33 gr,0 gr,4 gr,0 gr,177 kcal,,,,,,,,,,,,,,,,,,,,,,,,,,,,0.04,0.75,1.50,,,3.74,
,"Fri, Aug 21",15:40 ,Huevo,1,Proteína,54 gr,6 gr,0 gr,6 gr,0 gr,84 kcal,,,,,,,,,,,,,,,,,,,,,,,,,,,,0.13,1.02,2.42,,,6.37,
,"Fri, Aug 21",15:40 ,"Aceite de oliva (EV, PPF)",6,Grano,12 gr,0 gr,0 gr,12 gr,0 gr,108 kcal,,,,,,,,,,,,,,,,,,,,,,,,,,,,0.12,1.20,9.00,,,12.00,
,"Fri, Aug 21",15:40 ,Nuez (1),4,Fruto Seco,16 gr,2 gr,2 gr,10 gr,1 gr,108 kcal,,,,,,,,,,,,,,,,,,,,,,,,,,,,1.02,5.21,2.25,,,10.21,
,"Fri, Aug 21",15:40 ,Maní King Tostado Sin Piel Sin Sodio (1 cda sop),1,Fruto Seco,15 gr,4 gr,2 gr,8 gr,1 gr,89 kcal,,,,,,,,,,,,,,,,,,,,,,,,,,,,,2.55,3.68,,,7.50,
,"Fri, Aug 21",15:40 ,Castaña de Cajú,1,Fruto Seco,8 gr,1 gr,2 gr,4 gr,0 gr,44 kcal,,,,,,,,,,,,,,,,,,,,,,,,,,,,,0.60,2.11,,,3.52,
,"Fri, Aug 21",15:40 ,Vauquita bañada en chocolate,1,Carb,28 gr,2 gr,18 gr,3 gr,0 gr,102 kcal,,,,,,,,,,,,,,,,,,,,,,,,,,,,,,,,,,
,"Fri, Aug 21",15:40 ,Vitaminas,1,Complemento,0 gr,0 gr,0 gr,0 gr,0 gr,0 kcal,,,,,,,,,,,,,,,,,,,,,,,,,,,,,,,,,,
,"Fri, Aug 21",15:40 ,Vitamina D,1,Complemento,0 gr,0 gr,0 gr,0 gr,0 gr,0 kcal,,,,,,,,,,,,,,,,,,,,,,,,,,,,,,,,,,
,"Fri, Aug 21",16:45 ,Café,1,Infusión,0 gr,0 gr,0 gr,0 gr,0 gr,0 kcal,01:05,,,,,,,,,,,,,,,,,,,,,,,,,,,,,,,,,
,"Fri, Aug 21",16:45 ,Brownie keto Cholex v1,0.5,Elaborado,34 gr,7 gr,3 gr,12 gr,3 gr,153 kcal,,,,,,,,,,,,,,,,,,,,,,,,,,,,,0.37,4.05,,,12.27,
,"Fri, Aug 21",16:45 ,"Chocolate Colonial, dietético 55%",1,Carb,7 gr,0 gr,4 gr,2 gr,0 gr,30 kcal,,,,,,,,,,,,,,,,,,,,,,,,,,,,,0.06,0.69,,,2.10,
,"Fri, Aug 21",16:45 ,"Dulce de leche Savona Fit, stevia",1,Carb,10 gr,1 gr,2 gr,1 gr,2 gr,20 kcal,,,,,,,,,,,,,,,,,,,,,,,,,,,,0.01,0.02,0.19,0.03,0.05,0.36,
,"Fri, Aug 21",16:45 ,Nuez (1),4,Fruto Seco,16 gr,2 gr,2 gr,10 gr,1 gr,108 kcal,,,,,,,,,,,,,,,,,,,,,,,,,,,,1.02,5.21,2.25,,,10.21,
,"Fri, Aug 21",18:40 ,Café,1,Infusión,0 gr,0 gr,0 gr,0 gr,0 gr,0 kcal,01:55,,,,,,,,,,,,,,,,,,,,,,,,,,,,,,,,,
,"Fri, Aug 21",18:40 ,"Leche, Hierro",0.6,Lácteo,60 gr,2 gr,3 gr,1 gr,0 gr,24 kcal,,,,,,,,,,,,,,,,,,,,,,,,,,,,,,,,,,
,"Fri, Aug 21",21:40 ,Manteca Ghee,0.33,Grasa,10 gr,0 gr,0 gr,10 gr,0 gr,89 kcal,03:00,,,,,,,,,,,,,,,,,,,,,,,,,,,0.10,0.20,2.48,0.40,0.79,8.71,
,"Fri, Aug 21",21:40 ,"G4U, pan de molde proteico",0.2,Procesado,38 gr,9 gr,2 gr,2 gr,11 gr,68 kcal,,,,,,,,,,,,,,,,,,,,,,,,,,,,,1.51,0.44,,,2.22,
,"Fri, Aug 21",21:40 ,Huevo,1,Proteína,54 gr,6 gr,0 gr,6 gr,0 gr,84 kcal,,,,,,,,,,,,,,,,,,,,,,,,,,,,0.13,1.02,2.42,,,6.37,
,"Fri, Aug 21",21:40 ,Queso rallado parmesano La Serenisima,1,Lácteo,15 gr,5 gr,0 gr,4 gr,0 gr,57 kcal,,,,,,,,,,,,,,,,,,,,,,,,,,,,0.04,0.12,1.17,0.16,0.28,2.27,
,"Fri, Aug 21",21:40 ,Pollo (1 pechuga),0.3,Proteína,111 gr,32 gr,0 gr,4 gr,0 gr,168 kcal,,,,,,,,,,,,,,,,,,,,,,,,,,,,0.04,0.71,1.42,,,3.55,
,"Fri, Aug 21",21:40 ,Palta,0.4,Fruta,46 gr,1 gr,4 gr,7 gr,3 gr,74 kcal,,,,,,,,,,,,,,,,,,,,,,,,,,,,0.07,0.94,4.79,,,6.74,
,"Fri, Aug 21",21:40 ,Queso Unt. Finlandia Light,2,Lácteo,20 gr,2 gr,1 gr,3 gr,0 gr,38 kcal,,,,,,,,,,,,,,,,,,,,,,,,,,,,0.03,0.09,0.85,0.12,0.21,1.64,
,"Fri, Aug 21",21:40 ,Queso cremoso Punta de Agua,1,Lácteo,41 gr,7 gr,1 gr,10 gr,0 gr,124 kcal,,,,,,,,,,,,,,,,,,,,,,,,,,,,0.10,0.31,2.97,0.41,0.72,5.74,
,"Fri, Aug 21",21:40 ,Chucrut Los Montes,1,Verdura,22 gr,0 gr,1 gr,0 gr,1 gr,4 kcal,,,,,,,,,,,,,,,,,,,,,,,,,,,,,,,,,,
,"Fri, Aug 21",21:40 ,Jamón Crudo De Trevélez (1 feta),2,Proteína,46 gr,14 gr,0 gr,5 gr,0 gr,102 kcal,,,,,,,,,,,,,,,,,,,,,,,,,,,,,0.44,1.77,,,1.08,
,"Fri, Aug 21",21:40 ,Queso Pategrás La Paulina,1.2,Lácteo,36 gr,10 gr,0 gr,10 gr,0 gr,132 kcal,,,,,,,,,,,,,,,,,,,,,,,,,,,,0.10,0.31,2.99,0.41,0.72,5.78,
,"Fri, Aug 21",21:40 ,Queso Regianitto Punta de Agua,1,Lácteo,19 gr,6 gr,0 gr,6 gr,0 gr,75 kcal,,,,,,,,,,,,,,,,,,,,,,,,,,,,0.06,0.17,1.65,0.23,0.40,3.19,
,"Fri, Aug 21",21:40 ,Lomo Horneado (1 feta),1,Proteína,46 gr,11 gr,0 gr,2 gr,0 gr,56 kcal,,,,,,,,,,,,,,,,,,,,,,,,,,,,0.02,0.16,0.72,,,1.61,
,"Fri, Aug 21",21:40 ,Magnesio,1,Complemento,0 gr,0 gr,0 gr,0 gr,0 gr,0 kcal,,,,,,173 gr,73 gr,141 gr,29 gr,"2,251 kcal",1394 gr,,115 gr,100 gr,124 gr,35 gr,2000 kcal,3 gr,23 gr,52 gr,2 gr,3 gr,117 gr,0 gr,78 gr,122 gr,3:23,,,,,,,
,"Sat, Aug 22",9:20 ,Huevo,1,Proteína,54 gr,6 gr,0 gr,6 gr,0 gr,84 kcal,11:40,,,,,,,,,,,,,,,,,,,,,,,,,,,0.13,1.02,2.42,,,6.37,
,"Sat, Aug 22",9:20 ,Queso rallado reggianito La Serenisima,1,Lácteo,15 gr,6 gr,0 gr,4 gr,0 gr,59 kcal,,,,,,,,,,,,,,,,,,,,,,,,,,,,0.04,0.12,1.13,0.16,0.27,2.18,
,"Sat, Aug 22",9:20 ,Lomo Horneado (1 feta),4.7,Proteína,47 gr,11 gr,0 gr,2 gr,0 gr,58 kcal,,,,,,,,,,,,,,,,,,,,,,,,,,,,0.02,0.16,0.74,,,1.65,
,"Sat, Aug 22",9:20 ,Queso cremoso Punta de Agua,2,Lácteo,51 gr,9 gr,1 gr,13 gr,0 gr,155 kcal,,,,,,,,,,,,,,,,,,,,,,,,,,,,0.13,0.38,3.70,0.51,0.89,7.14,
,"Sat, Aug 22",9:20 ,Queso rallado parmesano La Serenisima,1,Lácteo,15 gr,5 gr,0 gr,4 gr,0 gr,57 kcal,,,,,,,,,,,,,,,,,,,,,,,,,,,,0.04,0.12,1.17,0.16,0.28,2.27,
,"Sat, Aug 22",9:20 ,Jamón Crudo De Trevélez (1 feta),2,Proteína,34 gr,11 gr,0 gr,4 gr,0 gr,76 kcal,,,,,,,,,,,,,,,,,,,,,,,,,,,,,0.33,1.32,,,0.81,
,"Sat, Aug 22",9:20 ,Manteca Ghee,0.25,Grasa,7 gr,0 gr,0 gr,7 gr,0 gr,63 kcal,,,,,,,,,,,,,,,,,,,,,,,,,,,,0.07,0.14,1.75,0.28,0.56,6.16,
,"Sat, Aug 22",9:20 ,Queso Unt. Finlandia Light,2,Lácteo,20 gr,2 gr,1 gr,3 gr,0 gr,38 kcal,,,,,,,,,,,,,,,,,,,,,,,,,,,,0.03,0.09,0.85,0.12,0.21,1.64,
,"Sat, Aug 22",9:20 ,Queso Regianitto Punta de Agua,1,Lácteo,25 gr,8 gr,0 gr,8 gr,0 gr,99 kcal,,,,,,,,,,,,,,,,,,,,,,,,,,,,0.08,0.23,2.18,0.30,0.53,4.20,
,"Sat, Aug 22",9:20 ,Queso Pategrás La Paulina,1,Lácteo,30 gr,8 gr,0 gr,9 gr,0 gr,110 kcal,,,,,,,,,,,,,,,,,,,,,,,,,,,,0.09,0.26,2.49,0.34,0.60,4.82,
,"Sat, Aug 22",17:40 ,Tomate,0.5,Verdura,91 gr,1 gr,4 gr,0 gr,1 gr,16 kcal,08:20,,,,,,,,,,,,,,,,,,,,,,,,,,,,,,,,,
,"Sat, Aug 22",17:40 ,Zucchini,0.5,Verdura,138 gr,2 gr,5 gr,0 gr,2 gr,23 kcal,,,,,,,,,,,,,,,,,,,,,,,,,,,,,,,,,,
,"Sat, Aug 22",17:40 ,Cebolla,0.4,Verdura,71 gr,1 gr,7 gr,0 gr,1 gr,30 kcal,,,,,,,,,,,,,,,,,,,,,,,,,,,,,,,,,,
,"Sat, Aug 22",17:40 ,Champiñones,0.5,Proteína,104 gr,4 gr,3 gr,1 gr,1 gr,31 kcal,,,,,,,,,,,,,,,,,,,,,,,,,,,,,,,,,,
,"Sat, Aug 22",17:40 ,Manteca Ghee,0.5,Grasa,15 gr,0 gr,0 gr,15 gr,0 gr,135 kcal,,,,,,,,,,,,,,,,,,,,,,,,,,,,0.15,0.30,3.75,0.60,1.20,13.20,
,"Sat, Aug 22",17:40 ,Pollo (1 pechuga),0.4,Proteína,148 gr,42 gr,0 gr,5 gr,0 gr,223 kcal,,,,,,,,,,,,,,,,,,,,,,,,,,,,0.05,0.95,1.89,,,4.74,
,"Sat, Aug 22",17:40 ,Palta,0.2,Fruta,27 gr,1 gr,2 gr,4 gr,2 gr,43 kcal,,,,,,,,,,,,,,,,,,,,,,,,,,,,0.04,0.55,2.81,,,3.96,
,"Sat, Aug 22",17:40 ,Queso barra punta de agua,2,Lácteo,36 gr,9 gr,0 gr,10 gr,0 gr,125 kcal,,,,,,,,,,,,,,,,,,,,,,,,,,,,0.10,0.30,2.89,0.40,0.70,5.58,
,"Sat, Aug 22",17:40 ,Jamón Cocido Extra (1 feta),2,Proteína,33 gr,6 gr,0 gr,1 gr,0 gr,40 kcal,,,,,,,,,,,,,,,,,,,,,,,,,,,,,0.13,0.53,,,0.33,
,"Sat, Aug 22",17:40 ,Queso rallado reggianito La Serenisima,1,Lácteo,10 gr,4 gr,0 gr,3 gr,0 gr,39 kcal,,,,,,,,,,,,,,,,,,,,,,,,,,,,0.03,0.08,0.75,0.10,0.18,1.46,
,"Sat, Aug 22",17:40 ,"Aceite de oliva (EV, PPF)",4.5,Grano,9 gr,0 gr,0 gr,9 gr,0 gr,81 kcal,,,,,,,,,,,,,,,,,,,,,,,,,,,,0.09,0.90,6.75,,,9.00,
,"Sat, Aug 22",17:40 ,Nuez (1),4,Fruto Seco,16 gr,2 gr,2 gr,10 gr,1 gr,108 kcal,,,,,,,,,,,,,,,,,,,,,,,,,,,,1.02,5.21,2.25,,,10.21,
,"Sat, Aug 22",17:40 ,Maní King Tostado Sin Piel Sin Sodio (1 cda sop),1,Fruto Seco,15 gr,4 gr,2 gr,8 gr,1 gr,89 kcal,,,,,,,,,,,,,,,,,,,,,,,,,,,,,2.55,3.68,,,7.50,
,"Sat, Aug 22",17:40 ,Magnesio,1,Complemento,0 gr,0 gr,0 gr,0 gr,0 gr,0 kcal,,,,,,,,,,,,,,,,,,,,,,,,,,,,,,,,,,
,"Sat, Aug 22",21:00 ,Café,1,Infusión,0 gr,0 gr,0 gr,0 gr,0 gr,0 kcal,03:20,,,,,,,,,,,,,,,,,,,,,,,,,,,,,,,,,
,"Sat, Aug 22",21:00 ,"Leche, Protein",1,Lácteo,100 gr,5 gr,5 gr,0 gr,0 gr,37 kcal,,,,,,,,,,,,,,,,,,,,,,,,,,,,,,,,,,
,"Sat, Aug 22",21:00 ,Brownie keto Cholex v1,1.5,Elaborado,80 gr,17 gr,7 gr,29 gr,6 gr,361 kcal,,,,,,162 gr,39 gr,153 gr,15 gr,"2,180 kcal",1191 gr,,115 gr,100 gr,124 gr,35 gr,2000 kcal,2 gr,15 gr,53 gr,3 gr,5 gr,122 gr,0 gr,69 gr,130 gr,2:15,,0.87,9.53,,,28.88,
,"Sun, Aug 23",11:40 ,Pan Integral D&D,2,Grano,55 gr,4 gr,26 gr,1 gr,3 gr,128 kcal,14:40,,,,,,,,,,,,,,,,,,,,,,,,,,,,,,,,,
,"Sun, Aug 23",11:40 ,Pollo (1 pechuga),0.3,Proteína,100 gr,29 gr,0 gr,3 gr,0 gr,151 kcal,,,,,,,,,,,,,,,,,,,,,,,,,,,,0.03,0.64,1.28,,,3.20,
,"Sun, Aug 23",11:40 ,"Aceite de oliva (EV, PPF)",5,Grano,10 gr,0 gr,0 gr,10 gr,0 gr,90 kcal,,,,,,,,,,,,,,,,,,,,,,,,,,,,0.10,1.00,7.50,,,10.00,
,"Sun, Aug 23",11:40 ,Queso Unt. Finlandia Light,7,Lácteo,70 gr,6 gr,4 gr,10 gr,0 gr,133 kcal,,,,,,,,,,,,,,,,,,,,,,,,,,,,0.10,0.31,2.98,0.41,0.72,5.75,
,"Sun, Aug 23",11:40 ,Huevo,1,Proteína,54 gr,6 gr,0 gr,6 gr,0 gr,84 kcal,,,,,,,,,,,,,,,,,,,,,,,,,,,,0.13,1.02,2.42,,,6.37,
,"Sun, Aug 23",11:40 ,Queso rallado parmesano La Serenisima,1,Lácteo,15 gr,5 gr,0 gr,4 gr,0 gr,57 kcal,,,,,,,,,,,,,,,,,,,,,,,,,,,,0.04,0.12,1.17,0.16,0.28,2.27,
,"Sun, Aug 23",11:40 ,Pasta de maní King natural,1,Fruto Seco,20 gr,5 gr,2 gr,10 gr,2 gr,117 kcal,,,,,,,,,,,,,,,,,,,,,,,,,,,,,3.33,4.80,,,9.80,
,"Sun, Aug 23",11:40 ,Vitaminas,1,Complemento,0 gr,0 gr,0 gr,0 gr,0 gr,0 kcal,,,,,,,,,,,,,,,,,,,,,,,,,,,,,,,,,,
,"Sun, Aug 23",11:40 ,Vitamina D,1,Complemento,0 gr,0 gr,0 gr,0 gr,0 gr,0 kcal,,,,,,,,,,,,,,,,,,,,,,,,,,,,,,,,,,
,"Sun, Aug 23",13:50 ,Café,1,Infusión,0 gr,0 gr,0 gr,0 gr,0 gr,0 kcal,02:10,,,,,,,,,,,,,,,,,,,,,,,,,,,,,,,,,
,"Sun, Aug 23",13:50 ,"Leche, Protein",1,Lácteo,100 gr,5 gr,5 gr,0 gr,0 gr,37 kcal,,,,,,,,,,,,,,,,,,,,,,,,,,,,,,,,,,
,"Sun, Aug 23",13:50 ,"Dulce de leche Savona Fit, stevia",1,Carb,11 gr,1 gr,2 gr,1 gr,2 gr,22 kcal,,,,,,,,,,,,,,,,,,,,,,,,,,,,0.01,0.02,0.21,0.03,0.05,0.40,
,"Sun, Aug 23",13:50 ,"Chocolate Colonial, dietético 55%",2,Carb,14 gr,1 gr,9 gr,4 gr,1 gr,61 kcal,,,,,,,,,,,,,,,,,,,,,,,,,,,,,0.13,1.39,,,4.20,
,"Sun, Aug 23",13:50 ,"Brownie keto Cholex v1, ghee",1,Elaborado,40 gr,7 gr,3 gr,17 gr,3 gr,197 kcal,,,,,,,,,,,,,,,,,,,,,,,,,,,,0.17,0.34,4.30,0.69,1.38,15.14,
,"Sun, Aug 23",16:55 ,Pan Integral D&D,3,Grano,89 gr,7 gr,43 gr,2 gr,4 gr,206 kcal,03:05,,,,,,,,,,,,,,,,,,,,,,,,,,,,,,,,,
,"Sun, Aug 23",16:55 ,Queso Unt. Finlandia Light,3,Lácteo,30 gr,3 gr,2 gr,4 gr,0 gr,57 kcal,,,,,,,,,,,,,,,,,,,,,,,,,,,,0.04,0.13,1.28,0.18,0.31,2.46,
,"Sun, Aug 23",16:55 ,Lomo Horneado (1 feta),2,Proteína,32 gr,7 gr,0 gr,1 gr,0 gr,39 kcal,,,,,,,,,,,,,,,,,,,,,,,,,,,,0.01,0.11,0.50,,,1.12,
,"Sun, Aug 23",16:55 ,Queso barra punta de agua,3,Lácteo,47 gr,11 gr,0 gr,13 gr,0 gr,163 kcal,,,,,,,,,,,,,,,,,,,,,,,,,,,,0.13,0.39,3.77,0.52,0.91,7.28,
,"Sun, Aug 23",16:55 ,Jamón Cocido Extra (1 feta),2,Proteína,33 gr,6 gr,0 gr,1 gr,0 gr,40 kcal,,,,,,,,,,,,,,,,,,,,,,,,,,,,,0.13,0.53,,,0.33,
,"Sun, Aug 23",16:55 ,Salamín,1,Proteína,30 gr,7 gr,0 gr,8 gr,0 gr,75 kcal,,,,,,,,,,,,,,,,,,,,,,,,,,,,0.08,0.78,3.51,,,7.80,
,"Sun, Aug 23",16:55 ,Queso Regianitto Punta de Agua,1,Lácteo,30 gr,9 gr,0 gr,9 gr,0 gr,119 kcal,,,,,,,,,,,,,,,,,,,,,,,,,,,,0.09,0.27,2.61,0.36,0.63,5.04,
,"Sun, Aug 23",16:55 ,Queso Pategrás La Paulina,1,Lácteo,22 gr,6 gr,0 gr,6 gr,0 gr,81 kcal,,,,,,,,,,,,,,,,,,,,,,,,,,,,0.06,0.19,1.83,0.25,0.44,3.53,
,"Sun, Aug 23",16:55 ,Castaña de Cajú,1,Fruto Seco,8 gr,1 gr,2 gr,4 gr,0 gr,44 kcal,,,,,,,,,,,,,,,,,,,,,,,,,,,,,0.60,2.11,,,3.52,
,"Sun, Aug 23",16:55 ,Almendra (1),1,Fruto Seco,7 gr,1 gr,0 gr,4 gr,1 gr,40 kcal,,,,,,,,,,,,,,,,,,,,,,,,,,,,,0.67,2.73,,,3.75,
,"Sun, Aug 23",16:55 ,Magnesio,1,Complemento,0 gr,0 gr,0 gr,0 gr,0 gr,0 kcal,,,,,,,,,,,,,,,,,,,,,,,,,,,,,,,,,,
,"Sun, Aug 23",17:30 ,Café,1,Infusión,0 gr,0 gr,0 gr,0 gr,0 gr,0 kcal,00:35,,,,,,,,,,,,,,,,,,,,,,,,,,,,,,,,,
,"Sun, Aug 23",17:30 ,"Leche, Protein",1,Lácteo,100 gr,5 gr,5 gr,0 gr,0 gr,37 kcal,,,,,,,,,,,,,,,,,,,,,,,,,,,,,,,,,,
,"Sun, Aug 23",17:30 ,"Brownie keto Cholex v1, ghee",1,Elaborado,50 gr,9 gr,4 gr,22 gr,4 gr,247 kcal,,,,,,,,,,,,,,,,,,,,,,,,,,,,0.22,0.43,5.38,0.86,1.72,18.92,
,"Sun, Aug 23",17:30 ,"Dulce de leche Savona Fit, stevia",1,Carb,10 gr,1 gr,2 gr,1 gr,2 gr,20 kcal,,,,,,,,,,,,,,,,,,,,,,,,,,,,0.01,0.02,0.19,0.03,0.05,0.36,
,"Sun, Aug 23",17:30 ,"Chocolate Colonial, dietético 55%",1,Carb,7 gr,0 gr,4 gr,2 gr,0 gr,30 kcal,,,,,,,,,,,,,,,,,,,,,,,,,,,,,0.06,0.69,,,2.10,
,"Sun, Aug 23",21:50 ,"Leche, Protein",2.2,Lácteo,220 gr,10 gr,10 gr,0 gr,0 gr,81 kcal,04:20,,,,,,,,,,,,,,,,,,,,,,,,,,,,,,,,,
,"Sun, Aug 23",21:50 ,"Dicomere, cacao amargo puro en polvo",1,Procesado,10 gr,2 gr,2 gr,1 gr,4 gr,28 kcal,,,,,,,,,,,,,,,,,,,,,,,,,,,,,,,,,,
,"Sun, Aug 23",21:50 ,"Brownie keto Cholex v1, ghee",1,Elaborado,50 gr,9 gr,4 gr,22 gr,4 gr,247 kcal,,,,,,165 gr,128 gr,167 gr,29 gr,"2,631 kcal",1264 gr,,115 gr,100 gr,124 gr,35 gr,2000 kcal,1 gr,11 gr,57 gr,4 gr,8 gr,132 gr,0 gr,69 gr,145 gr,1:11,0.22,0.43,5.38,0.86,1.72,18.92,
,"Mon, Aug 24",14:50 ,Manteca Ghee,1,Grasa,30 gr,0 gr,0 gr,30 gr,0 gr,270 kcal,17:00,,,,,,,,,,,,,,,,,,,,,,,,,,,0.30,0.60,7.50,1.20,2.40,26.40,
,"Mon, Aug 24",14:50 ,Cebolla,0.5,Verdura,118 gr,1 gr,12 gr,0 gr,2 gr,50 kcal,,,,,,,,,,,,,,,,,,,,,,,,,,,,,,,,,,
,"Mon, Aug 24",14:50 ,Champiñones,0.5,Proteína,108 gr,4 gr,3 gr,1 gr,1 gr,32 kcal,,,,,,,,,,,,,,,,,,,,,,,,,,,,,,,,,,
,"Mon, Aug 24",14:50 ,Lentejas,0.4,Carb,70 gr,5 gr,11 gr,1 gr,3 gr,65 kcal,,,,,,,,,,,,,,,,,,,,,,,,,,,,,,,,,,
,"Mon, Aug 24",14:50 ,Semillas de chía,1,Grano,10 gr,2 gr,4 gr,3 gr,3 gr,49 kcal,,,,,,,,,,,,,,,,,,,,,,,,,,,,1.78,0.61,0.31,,,3.07,
,"Mon, Aug 24",14:50 ,Queso Unt. Finlandia Light,5,Lácteo,50 gr,5 gr,3 gr,7 gr,0 gr,95 kcal,,,,,,,,,,,,,,,,,,,,,,,,,,,,0.07,0.22,2.13,0.29,0.51,4.11,
,"Mon, Aug 24",14:50 ,Chucrut Los Montes,1,Verdura,21 gr,0 gr,1 gr,0 gr,1 gr,4 kcal,,,,,,,,,,,,,,,,,,,,,,,,,,,,,,,,,,
,"Mon, Aug 24",14:50 ,Tomate,1,Verdura,144 gr,1 gr,6 gr,0 gr,2 gr,26 kcal,,,,,,,,,,,,,,,,,,,,,,,,,,,,,,,,,,
,"Mon, Aug 24",14:50 ,"Aceite de oliva (EV, PPF)",3,Grano,6 gr,0 gr,0 gr,6 gr,0 gr,54 kcal,,,,,,,,,,,,,,,,,,,,,,,,,,,,0.06,0.60,4.50,,,6.00,
,"Mon, Aug 24",14:50 ,Queso rallado parmesano La Serenisima,0.8,Lácteo,9 gr,3 gr,0 gr,2 gr,0 gr,34 kcal,,,,,,,,,,,,,,,,,,,,,,,,,,,,0.02,0.07,0.70,0.10,0.17,1.36,
,"Mon, Aug 24",14:50 ,Nuez (1),4,Fruto Seco,16 gr,2 gr,2 gr,10 gr,1 gr,108 kcal,,,,,,,,,,,,,,,,,,,,,,,,,,,,1.02,5.21,2.25,,,10.21,
,"Mon, Aug 24",14:50 ,Maní King Tostado Sin Piel Sin Sodio (1 cda sop),1,Fruto Seco,15 gr,4 gr,2 gr,8 gr,1 gr,89 kcal,,,,,,,,,,,,,,,,,,,,,,,,,,,,,2.55,3.68,,,7.50,
,"Mon, Aug 24",14:50 ,Castaña de Cajú,1,Fruto Seco,8 gr,1 gr,2 gr,4 gr,0 gr,44 kcal,,,,,,,,,,,,,,,,,,,,,,,,,,,,,0.60,2.11,,,3.52,
,"Mon, Aug 24",14:50 ,Atún (1 lata),1,Proteína,120 gr,31 gr,0 gr,1 gr,0 gr,139 kcal,,,,,,,,,,,,,,,,,,,,,,,,,,,,0.14,0.02,0.08,,,0.98,
,"Mon, Aug 24",14:50 ,Queso Regianitto Punta de Agua,1,Lácteo,30 gr,9 gr,0 gr,9 gr,0 gr,119 kcal,,,,,,,,,,,,,,,,,,,,,,,,,,,,0.09,0.27,2.61,0.36,0.63,5.04,
,"Mon, Aug 24",14:50 ,Queso Pategrás La Paulina,1,Lácteo,30 gr,8 gr,0 gr,9 gr,0 gr,110 kcal,,,,,,,,,,,,,,,,,,,,,,,,,,,,0.09,0.26,2.49,0.34,0.60,4.82,
,"Mon, Aug 24",14:50 ,Lomo Horneado (1 feta),3,Proteína,30 gr,7 gr,0 gr,1 gr,0 gr,37 kcal,,,,,,,,,,,,,,,,,,,,,,,,,,,,0.01,0.11,0.47,,,1.05,
,"Mon, Aug 24",14:50 ,Vitaminas,1,Complemento,0 gr,0 gr,0 gr,0 gr,0 gr,0 kcal,,,,,,,,,,,,,,,,,,,,,,,,,,,,,,,,,,
,"Mon, Aug 24",14:50 ,Vitamina D,1,Complemento,0 gr,0 gr,0 gr,0 gr,0 gr,0 kcal,,,,,,,,,,,,,,,,,,,,,,,,,,,,,,,,,,
,"Mon, Aug 24",16:15 ,Café,1,Infusión,0 gr,0 gr,0 gr,0 gr,0 gr,0 kcal,01:25,,,,,,,,,,,,,,,,,,,,,,,,,,,,,,,,,
,"Mon, Aug 24",16:15 ,"Chocolate Colonial, dietético 55%",1,Carb,7 gr,0 gr,4 gr,2 gr,0 gr,30 kcal,,,,,,,,,,,,,,,,,,,,,,,,,,,,,0.06,0.69,,,2.10,
,"Mon, Aug 24",16:15 ,Vauquita bañada en chocolate,1,Carb,28 gr,2 gr,18 gr,3 gr,0 gr,102 kcal,,,,,,,,,,,,,,,,,,,,,,,,,,,,,,,,,,
,"Mon, Aug 24",20:15 ,"G4U, pan árabe proteico",1,Procesado,70 gr,14 gr,4 gr,4 gr,19 gr,107 kcal,04:00,,,,,,,,,,,,,,,,,,,,,,,,,,,0.11,1.65,0.67,,,1.09,
,"Mon, Aug 24",20:15 ,Queso Unt. Finlandia Light,3,Lácteo,30 gr,3 gr,2 gr,4 gr,0 gr,57 kcal,,,,,,,,,,,,,,,,,,,,,,,,,,,,0.04,0.13,1.28,0.18,0.31,2.46,
,"Mon, Aug 24",20:15 ,Palta,0.5,Fruta,67 gr,1 gr,6 gr,10 gr,4 gr,107 kcal,,,,,,,,,,,,,,,,,,,,,,,,,,,,0.10,1.38,6.97,,,9.82,
,"Mon, Aug 24",20:15 ,Queso barra punta de agua,4,Lácteo,73 gr,18 gr,0 gr,20 gr,0 gr,253 kcal,,,,,,,,,,,,,,,,,,,,,,,,,,,,0.20,0.61,5.86,0.81,1.41,11.31,
,"Mon, Aug 24",20:15 ,Lomo Horneado (1 feta),3,Proteína,46 gr,11 gr,0 gr,2 gr,0 gr,56 kcal,,,,,,,,,,,,,,,,,,,,,,,,,,,,0.02,0.16,0.72,,,1.61,
,"Mon, Aug 24",20:15 ,Jamón Cocido Extra (1 feta),2,Proteína,30 gr,6 gr,0 gr,1 gr,0 gr,36 kcal,,,,,,,,,,,,,,,,,,,,,,,,,,,,,0.12,0.49,,,0.30,
,"Mon, Aug 24",20:15 ,Huevo,1,Proteína,54 gr,6 gr,0 gr,6 gr,0 gr,84 kcal,,,,,,,,,,,,,,,,,,,,,,,,,,,,0.13,1.02,2.42,,,6.37,
,"Mon, Aug 24",20:15 ,Queso rallado reggianito La Serenisima,1,Lácteo,15 gr,6 gr,0 gr,4 gr,0 gr,59 kcal,,,,,,,,,,,,,,,,,,,,,,,,,,,,0.04,0.12,1.13,0.16,0.27,2.18,
,"Mon, Aug 24",20:15 ,Nuez (1),4,Fruto Seco,16 gr,2 gr,2 gr,10 gr,1 gr,108 kcal,,,,,,152 gr,81 gr,157 gr,39 gr,"2,326 kcal",1251 gr,,115 gr,100 gr,124 gr,35 gr,2000 kcal,5 gr,22 gr,51 gr,3 gr,6 gr,122 gr,0 gr,78 gr,131 gr,5:22,1.02,5.21,2.25,,,10.21,
,"Tue, Aug 25",15:05 ,Zanahoria,0.5,Verdura,73 gr,1 gr,7 gr,0 gr,2 gr,30 kcal,18:50,,,,,,,,,,,,,,,,,,,,,,,,,,,,,,,,,
,"Tue, Aug 25",15:05 ,Zucchini,0.4,Verdura,78 gr,1 gr,3 gr,0 gr,1 gr,13 kcal,,,,,,,,,,,,,,,,,,,,,,,,,,,,,,,,,,
,"Tue, Aug 25",15:05 ,Ají,0.2,Verdura,64 gr,1 gr,3 gr,0 gr,0 gr,12 kcal,,,,,,,,,,,,,,,,,,,,,,,,,,,,,,,,,,
,"Tue, Aug 25",15:05 ,Champiñones,1,Proteína,100 gr,4 gr,3 gr,1 gr,1 gr,30 kcal,,,,,,,,,,,,,,,,,,,,,,,,,,,,,,,,,,
,"Tue, Aug 25",15:05 ,Palta,0.5,Fruta,68 gr,1 gr,6 gr,10 gr,5 gr,109 kcal,,,,,,,,,,,,,,,,,,,,,,,,,,,,0.10,1.40,7.08,,,9.97,
,"Tue, Aug 25",15:05 ,Semillas de chía,1.5,Grano,15 gr,2 gr,6 gr,5 gr,5 gr,74 kcal,,,,,,,,,,,,,,,,,,,,,,,,,,,,2.67,0.92,0.46,,,4.61,
,"Tue, Aug 25",15:05 ,Queso Unt. Finlandia Light,4,Lácteo,40 gr,4 gr,2 gr,6 gr,0 gr,76 kcal,,,,,,,,,,,,,,,,,,,,,,,,,,,,0.06,0.18,1.70,0.23,0.41,3.29,
,"Tue, Aug 25",15:05 ,Manteca Ghee,1,Grasa,20 gr,0 gr,0 gr,20 gr,0 gr,180 kcal,,,,,,,,,,,,,,,,,,,,,,,,,,,,0.20,0.40,5.00,0.80,1.60,17.60,
,"Tue, Aug 25",15:05 ,Lentejas,0.4,Carb,60 gr,4 gr,10 gr,1 gr,3 gr,56 kcal,,,,,,,,,,,,,,,,,,,,,,,,,,,,,,,,,,
,"Tue, Aug 25",15:05 ,Pollo (1 pechuga),0.4,Proteína,164 gr,47 gr,0 gr,5 gr,0 gr,248 kcal,,,,,,,,,,,,,,,,,,,,,,,,,,,,0.05,1.05,2.10,,,5.25,
,"Tue, Aug 25",15:05 ,"Aceite de oliva (EV, PPF)",3.5,Grano,7 gr,0 gr,0 gr,7 gr,0 gr,63 kcal,,,,,,,,,,,,,,,,,,,,,,,,,,,,0.07,0.70,5.25,,,7.00,
,"Tue, Aug 25",15:05 ,Queso rallado reggianito La Serenisima,0.7,Lácteo,7 gr,3 gr,0 gr,2 gr,0 gr,27 kcal,,,,,,,,,,,,,,,,,,,,,,,,,,,,0.02,0.05,0.53,0.07,0.13,1.02,
,"Tue, Aug 25",15:05 ,Nuez (1),4,Fruto Seco,16 gr,2 gr,2 gr,10 gr,1 gr,108 kcal,,,,,,,,,,,,,,,,,,,,,,,,,,,,1.02,5.21,2.25,,,10.21,
,"Tue, Aug 25",15:05 ,Maní King Tostado Sin Piel Sin Sodio (1 cda sop),1,Fruto Seco,15 gr,4 gr,2 gr,8 gr,1 gr,89 kcal,,,,,,,,,,,,,,,,,,,,,,,,,,,,,2.55,3.68,,,7.50,
,"Tue, Aug 25",15:05 ,Castaña de Cajú,1,Fruto Seco,8 gr,1 gr,2 gr,4 gr,0 gr,44 kcal,,,,,,,,,,,,,,,,,,,,,,,,,,,,,0.60,2.11,,,3.52,
,"Tue, Aug 25",15:05 ,"G4U, marineras proteicas",1,Procesado,25 gr,3 gr,1 gr,1 gr,9 gr,22 kcal,,,,,,,,,,,,,,,,,,,,,,,,,,,,,0.48,0.14,,,0.70,
,"Tue, Aug 25",15:05 ,Vitaminas,1,Complemento,0 gr,0 gr,0 gr,0 gr,0 gr,0 kcal,,,,,,,,,,,,,,,,,,,,,,,,,,,,,,,,,,
,"Tue, Aug 25",15:05 ,Vitamina D,1,Complemento,0 gr,0 gr,0 gr,0 gr,0 gr,0 kcal,,,,,,,,,,,,,,,,,,,,,,,,,,,,,,,,,,
,"Tue, Aug 25",16:42 ,"Medallón de chocolate con menta, Benot",1,Procesado,14 gr,0 gr,10 gr,1 gr,1 gr,35 kcal,01:37,,,,,,,,,,,,,,,,,,,,,,,,,,,,0.04,0.42,,,1.26,
,"Tue, Aug 25",17:25 ,Café,1,Infusión,0 gr,0 gr,0 gr,0 gr,0 gr,0 kcal,00:43,,,,,,,,,,,,,,,,,,,,,,,,,,,,,,,,,
,"Tue, Aug 25",17:25 ,"Leche, Protein",1,Lácteo,100 gr,5 gr,5 gr,0 gr,0 gr,37 kcal,,,,,,,,,,,,,,,,,,,,,,,,,,,,,,,,,,
,"Tue, Aug 25",17:25 ,"Brownie keto Cholex v1, ghee",1,Elaborado,50 gr,9 gr,4 gr,22 gr,4 gr,247 kcal,,,,,,,,,,,,,,,,,,,,,,,,,,,,0.22,0.43,5.38,0.86,1.72,18.92,
,"Tue, Aug 25",17:25 ,"Chocolate Colonial, dietético 55%",1,Carb,7 gr,0 gr,4 gr,2 gr,0 gr,30 kcal,,,,,,,,,,,,,,,,,,,,,,,,,,,,,0.06,0.69,,,2.10,
,"Tue, Aug 25",17:25 ,"Dulce de leche Savona Fit, stevia",1.1,Carb,11 gr,1 gr,2 gr,1 gr,2 gr,22 kcal,,,,,,,,,,,,,,,,,,,,,,,,,,,,0.01,0.02,0.21,0.03,0.05,0.40,
,"Tue, Aug 25",17:25 ,Nuez (1),4,Fruto Seco,16 gr,2 gr,2 gr,10 gr,1 gr,108 kcal,,,,,,,,,,,,,,,,,,,,,,,,,,,,1.02,5.21,2.25,,,10.21,
,"Tue, Aug 25",21:30 ,"G4U, pan árabe proteico",1,Procesado,61 gr,12 gr,3 gr,3 gr,16 gr,93 kcal,04:05,,,,,,,,,,,,,,,,,,,,,,,,,,,0.09,1.43,0.58,,,0.95,
,"Tue, Aug 25",21:30 ,Queso Unt. Finlandia Light,3,Lácteo,30 gr,3 gr,2 gr,4 gr,0 gr,57 kcal,,,,,,,,,,,,,,,,,,,,,,,,,,,,0.04,0.13,1.28,0.18,0.31,2.46,
,"Tue, Aug 25",21:30 ,Huevo,1,Proteína,65 gr,8 gr,0 gr,8 gr,0 gr,101 kcal,,,,,,,,,,,,,,,,,,,,,,,,,,,,0.15,1.23,2.91,,,7.67,
,"Tue, Aug 25",21:30 ,Queso rallado reggianito La Serenisima,1,Lácteo,10 gr,4 gr,0 gr,3 gr,0 gr,39 kcal,,,,,,,,,,,,,,,,,,,,,,,,,,,,0.03,0.08,0.75,0.10,0.18,1.46,
,"Tue, Aug 25",21:30 ,Cerdo (1 corte),1,Proteína,94 gr,26 gr,0 gr,16 gr,0 gr,255 kcal,,,,,,,,,,,,,,,,,,,,,,,,,,,,0.16,1.60,7.19,,,15.98,
,"Tue, Aug 25",21:30 ,Queso cremoso Punta de Agua,2,Lácteo,50 gr,9 gr,1 gr,13 gr,0 gr,152 kcal,,,,,,,,,,,,,,,,,,,,,,,,,,,,0.13,0.38,3.63,0.50,0.88,7.00,
,"Tue, Aug 25",21:30 ,Queso Unt. Finlandia tradicional,1.2,Lácteo,12 gr,1 gr,0 gr,3 gr,0 gr,32 kcal,,,,,,,,,,,,,,,,,,,,,,,,,,,,0.03,0.09,0.88,0.12,0.21,1.70,
,"Tue, Aug 25",21:30 ,Queso Regianitto Punta de Agua,1,Lácteo,30 gr,9 gr,0 gr,9 gr,0 gr,119 kcal,,,,,,,,,,,,,,,,,,,,,,,,,,,,0.09,0.27,2.61,0.36,0.63,5.04,
,"Tue, Aug 25",21:30 ,Manteca Ghee,1,Grasa,30 gr,0 gr,0 gr,30 gr,0 gr,270 kcal,,,,,,,,,,,,,,,,,,,,,,,,,,,,0.30,0.60,7.50,1.20,2.40,26.40,
,"Tue, Aug 25",21:30 ,Magnesio,1,Complemento,0 gr,0 gr,0 gr,0 gr,0 gr,0 kcal,,,,,,,,,,,,,,,,,,,,,,,,,,,,,,,,,,
,"Tue, Aug 25",23:20 ,Te,1,Infusión,0 gr,0 gr,0 gr,0 gr,0 gr,0 kcal,01:50,,,,,,,,,,,,,,,,,,,,,,,,,,,,,,,,,
,"Tue, Aug 25",23:20 ,Leche de coco,2.1,Lácteo,210 gr,0 gr,0 gr,4 gr,0 gr,35 kcal,,,,,,165 gr,79 gr,206 gr,53 gr,"2,812 kcal",1550 gr,,115 gr,100 gr,124 gr,35 gr,2000 kcal,6 gr,25 gr,67 gr,4 gr,11 gr,174 gr,0 gr,98 gr,189 gr,6:25,,0.08,0.23,,2.33,1.55,
,"Wed, Aug 26",15:40 ,Zucchini,0.4,Verdura,113 gr,1 gr,4 gr,0 gr,1 gr,19 kcal,16:20,,,,,,,,,,,,,,,,,,,,,,,,,,,,,,,,,
,"Wed, Aug 26",15:40 ,Zanahoria,0.5,Verdura,73 gr,1 gr,7 gr,0 gr,2 gr,30 kcal,,,,,,,,,,,,,,,,,,,,,,,,,,,,,,,,,,
,"Wed, Aug 26",15:40 ,Ají,0.3,Verdura,52 gr,1 gr,2 gr,0 gr,0 gr,9 kcal,,,,,,,,,,,,,,,,,,,,,,,,,,,,,,,,,,
,"Wed, Aug 26",15:40 ,Champiñones,0.5,Proteína,112 gr,4 gr,3 gr,1 gr,1 gr,34 kcal,,,,,,,,,,,,,,,,,,,,,,,,,,,,,,,,,,
,"Wed, Aug 26",15:40 ,Leche de coco,0.6,Lácteo,60 gr,0 gr,0 gr,1 gr,0 gr,10 kcal,,,,,,,,,,,,,,,,,,,,,,,,,,,,,0.02,0.07,,0.67,0.44,
,"Wed, Aug 26",15:40 ,Maní King Tostado Sin Piel Sin Sodio (1 cda sop),1,Fruto Seco,15 gr,4 gr,2 gr,8 gr,1 gr,89 kcal,,,,,,,,,,,,,,,,,,,,,,,,,,,,,2.55,3.68,,,7.50,
,"Wed, Aug 26",15:40 ,Manteca Ghee,1,Grasa,30 gr,0 gr,0 gr,30 gr,0 gr,270 kcal,,,,,,,,,,,,,,,,,,,,,,,,,,,,0.30,0.60,7.50,1.20,2.40,26.40,
,"Wed, Aug 26",15:40 ,Pollo (1 pechuga),0.3,Proteína,120 gr,34 gr,0 gr,4 gr,0 gr,181 kcal,,,,,,,,,,,,,,,,,,,,,,,,,,,,0.04,0.77,1.54,,,3.84,
,"Wed, Aug 26",15:40 ,Queso rallado reggianito La Serenisima,0.75,Lácteo,10 gr,4 gr,0 gr,3 gr,0 gr,39 kcal,,,,,,,,,,,,,,,,,,,,,,,,,,,,0.03,0.08,0.75,0.10,0.18,1.46,
,"Wed, Aug 26",15:40 ,"Aceite de oliva (EV, PPF)",5,Grano,10 gr,0 gr,0 gr,10 gr,0 gr,90 kcal,,,,,,,,,,,,,,,,,,,,,,,,,,,,0.10,1.00,7.50,,,10.00,
,"Wed, Aug 26",15:40 ,Vitaminas,1,Complemento,0 gr,0 gr,0 gr,0 gr,0 gr,0 kcal,,,,,,,,,,,,,,,,,,,,,,,,,,,,,,,,,,
,"Wed, Aug 26",15:40 ,Vitamina D,1,Complemento,0 gr,0 gr,0 gr,0 gr,0 gr,0 kcal,,,,,,,,,,,,,,,,,,,,,,,,,,,,,,,,,,
,"Wed, Aug 26",15:40 ,Café,1,Infusión,0 gr,0 gr,0 gr,0 gr,0 gr,0 kcal,,,,,,,,,,,,,,,,,,,,,,,,,,,,,,,,,,
,"Wed, Aug 26",15:40 ,"Leche, Protein",1,Lácteo,100 gr,5 gr,5 gr,0 gr,0 gr,37 kcal,,,,,,,,,,,,,,,,,,,,,,,,,,,,,,,,,,
,"Wed, Aug 26",15:40 ,"Brownie keto Cholex v1, ghee",1,Elaborado,50 gr,9 gr,4 gr,22 gr,4 gr,247 kcal,,,,,,,,,,,,,,,,,,,,,,,,,,,,0.22,0.43,5.38,0.86,1.72,18.92,
,"Wed, Aug 26",15:40 ,Nuez (1),4,Fruto Seco,16 gr,2 gr,2 gr,10 gr,1 gr,108 kcal,,,,,,,,,,,,,,,,,,,,,,,,,,,,1.02,5.21,2.25,,,10.21,
,"Wed, Aug 26",21:35 ,Huevo,1,Proteína,61 gr,7 gr,0 gr,7 gr,0 gr,95 kcal,05:55,,,,,,,,,,,,,,,,,,,,,,,,,,,0.14,1.15,2.74,,,7.20,
,"Wed, Aug 26",21:35 ,Queso Unt. Finlandia tradicional,5,Lácteo,50 gr,4 gr,2 gr,13 gr,0 gr,135 kcal,,,,,,,,,,,,,,,,,,,,,,,,,,,,0.13,0.38,3.67,0.51,0.89,7.09,
,"Wed, Aug 26",21:35 ,Atún (1 lata),1,Proteína,120 gr,31 gr,0 gr,1 gr,0 gr,139 kcal,,,,,,,,,,,,,,,,,,,,,,,,,,,,0.14,0.02,0.08,,,0.98,
,"Wed, Aug 26",21:35 ,Semillas de chía,1,Grano,10 gr,2 gr,4 gr,3 gr,3 gr,49 kcal,,,,,,,,,,,,,,,,,,,,,,,,,,,,1.78,0.61,0.31,,,3.07,
,"Wed, Aug 26",21:35 ,"Aceite de oliva (EV, PPF)",5,Grano,10 gr,0 gr,0 gr,10 gr,0 gr,90 kcal,,,,,,,,,,,,,,,,,,,,,,,,,,,,0.10,1.00,7.50,,,10.00,
,"Wed, Aug 26",21:35 ,Pasta de maní King natural,1.2,Fruto Seco,18 gr,5 gr,2 gr,9 gr,2 gr,105 kcal,,,,,,,,,,,,,,,,,,,,,,,,,,,,,3.00,4.32,,,8.82,
,"Wed, Aug 26",21:35 ,"G4U, pan árabe proteico",1,Procesado,70 gr,14 gr,4 gr,4 gr,19 gr,107 kcal,,,,,,,,,,,,,,,,,,,,,,,,,,,,0.11,1.65,0.67,,,1.09,
,"Wed, Aug 26",21:35 ,Queso cremoso Punta de Agua,2,Lácteo,56 gr,10 gr,1 gr,14 gr,0 gr,170 kcal,,,,,,,,,,,,,,,,,,,,,,,,,,,,0.14,0.42,4.06,0.56,0.98,7.84,
,"Wed, Aug 26",21:35 ,Jamón Crudo De Trevélez (1 feta),2,Proteína,50 gr,16 gr,0 gr,5 gr,0 gr,111 kcal,,,,,,,,,,,,,,,,,,,,,,,,,,,,,0.48,1.93,,,1.18,
,"Wed, Aug 26",21:35 ,"G4U, marineras proteicas",1,Procesado,34 gr,4 gr,2 gr,1 gr,12 gr,30 kcal,,,,,,,,,,,,,,,,,,,,,,,,,,,,,0.65,0.19,,,0.95,
,"Wed, Aug 26",21:35 ,Magnesio,1,Complemento,0 gr,0 gr,0 gr,0 gr,0 gr,0 kcal,,,,,,,,,,,,,,,,,,,,,,,,,,,,,,,,,,
,"Wed, Aug 26",21:35 ,Te,1,Infusión,0 gr,0 gr,0 gr,0 gr,0 gr,0 kcal,,,,,,156 gr,42 gr,154 gr,47 gr,"2,194 kcal",1240 gr,,115 gr,100 gr,124 gr,35 gr,2000 kcal,4 gr,20 gr,54 gr,3 gr,7 gr,127 gr,0 gr,78 gr,137 gr,4:20,,,,,,,
,"Thu, Aug 27",11:50 ,"G4U, pan árabe proteico",1,Procesado,70 gr,14 gr,4 gr,4 gr,19 gr,107 kcal,14:15,,,,,,,,,,,,,,,,,,,,,,,,,,,0.11,1.65,0.67,,,1.09,
,"Thu, Aug 27",11:50 ,Queso Unt. Finlandia tradicional,3,Lácteo,30 gr,2 gr,1 gr,8 gr,0 gr,81 kcal,,,,,,,,,,,,,,,,,,,,,,,,,,,,0.08,0.23,2.20,0.30,0.53,4.26,
,"Thu, Aug 27",11:50 ,Huevo,1,Proteína,57 gr,7 gr,0 gr,7 gr,0 gr,89 kcal,,,,,,,,,,,,,,,,,,,,,,,,,,,,0.13,1.08,2.56,,,6.73,
,"Thu, Aug 27",11:50 ,Queso barra punta de agua,5,Lácteo,72 gr,18 gr,0 gr,20 gr,0 gr,250 kcal,,,,,,,,,,,,,,,,,,,,,,,,,,,,0.20,0.60,5.78,0.80,1.39,11.16,
,"Thu, Aug 27",11:50 ,Lomo Horneado (1 feta),3,Proteína,43 gr,10 gr,0 gr,2 gr,0 gr,53 kcal,,,,,,,,,,,,,,,,,,,,,,,,,,,,0.02,0.15,0.68,,,1.51,
,"Thu, Aug 27",11:50 ,Jamón Cocido Extra (1 feta),3,Proteína,46 gr,9 gr,1 gr,2 gr,0 gr,56 kcal,,,,,,,,,,,,,,,,,,,,,,,,,,,,,0.19,0.75,,,0.46,
,"Thu, Aug 27",11:50 ,Queso Regianitto Punta de Agua,1,Lácteo,25 gr,8 gr,0 gr,8 gr,0 gr,99 kcal,,,,,,,,,,,,,,,,,,,,,,,,,,,,0.08,0.23,2.18,0.30,0.53,4.20,
,"Thu, Aug 27",11:50 ,Queso Gouda,1,Lácteo,30 gr,8 gr,0 gr,9 gr,0 gr,108 kcal,,,,,,,,,,,,,,,,,,,,,,,,,,,,0.09,0.27,2.61,0.36,0.63,5.04,
,"Thu, Aug 27",11:50 ,Vitaminas,1,Complemento,0 gr,0 gr,0 gr,0 gr,0 gr,0 kcal,,,,,,,,,,,,,,,,,,,,,,,,,,,,,,,,,,
,"Thu, Aug 27",11:50 ,Vitamina D,1,Complemento,0 gr,0 gr,0 gr,0 gr,0 gr,0 kcal,,,,,,,,,,,,,,,,,,,,,,,,,,,,,,,,,,
,"Thu, Aug 27",11:50 ,Café,1,Infusión,0 gr,0 gr,0 gr,0 gr,0 gr,0 kcal,,,,,,,,,,,,,,,,,,,,,,,,,,,,,,,,,,
,"Thu, Aug 27",11:50 ,"Chocolate Colonial, dietético 55%",1,Carb,7 gr,0 gr,4 gr,2 gr,0 gr,30 kcal,,,,,,,,,,,,,,,,,,,,,,,,,,,,,0.06,0.69,,,2.10,
,"Thu, Aug 27",11:50 ,"Dulce de leche Savona Fit, stevia",1,Carb,10 gr,1 gr,2 gr,1 gr,2 gr,20 kcal,,,,,,,,,,,,,,,,,,,,,,,,,,,,0.01,0.02,0.19,0.03,0.05,0.36,
,"Thu, Aug 27",19:45 ,Semillas de chía,1.5,Grano,15 gr,2 gr,6 gr,5 gr,5 gr,74 kcal,07:55,,,,,,,,,,,,,,,,,,,,,,,,,,,2.67,0.92,0.46,,,4.61,
,"Thu, Aug 27",19:45 ,Queso Unt. Finlandia tradicional,5,Lácteo,50 gr,4 gr,2 gr,13 gr,0 gr,135 kcal,,,,,,,,,,,,,,,,,,,,,,,,,,,,0.13,0.38,3.67,0.51,0.89,7.09,
,"Thu, Aug 27",19:45 ,Palta,0.5,Fruta,66 gr,1 gr,6 gr,10 gr,4 gr,106 kcal,,,,,,,,,,,,,,,,,,,,,,,,,,,,0.10,1.35,6.87,,,9.68,
,"Thu, Aug 27",19:45 ,Chucrut Los Montes,1,Verdura,26 gr,0 gr,1 gr,0 gr,1 gr,5 kcal,,,,,,,,,,,,,,,,,,,,,,,,,,,,,,,,,,
,"Thu, Aug 27",19:45 ,"Vaca, cuadril",1,Proteína,115 gr,25 gr,0 gr,8 gr,0 gr,173 kcal,,,,,,,,,,,,,,,,,,,,,,,,,,,,0.08,0.32,3.38,,,4.03,
,"Thu, Aug 27",19:45 ,Tomate,1,Verdura,126 gr,1 gr,5 gr,0 gr,2 gr,23 kcal,,,,,,,,,,,,,,,,,,,,,,,,,,,,,,,,,,
,"Thu, Aug 27",19:45 ,"G4U, pan ciabata proteico",2,Procesado,120 gr,28 gr,6 gr,7 gr,34 gr,214 kcal,,,,,,,,,,,,,,,,,,,,,,,,,,,,,4.76,1.40,,,7.00,
,"Thu, Aug 27",19:45 ,Queso barra punta de agua,4,Lácteo,72 gr,18 gr,0 gr,20 gr,0 gr,250 kcal,,,,,,,,,,,,,,,,,,,,,,,,,,,,0.20,0.60,5.78,0.80,1.39,11.16,
,"Thu, Aug 27",19:45 ,Nuez (1),4,Fruto Seco,16 gr,2 gr,2 gr,10 gr,1 gr,108 kcal,,,,,,,,,,,,,,,,,,,,,,,,,,,,1.02,5.21,2.25,,,10.21,
,"Thu, Aug 27",21:10 ,Leche de coco,2,Lácteo,200 gr,0 gr,0 gr,4 gr,0 gr,33 kcal,01:25,,,,,,,,,,,,,,,,,,,,,,,,,,,,0.07,0.22,,2.22,1.48,
,"Thu, Aug 27",21:10 ,Te,1,Infusión,0 gr,0 gr,0 gr,0 gr,0 gr,0 kcal,,,,,,158 gr,39 gr,137 gr,68 gr,"2,011 kcal",1196 gr,,115 gr,100 gr,124 gr,35 gr,2000 kcal,5 gr,18 gr,42 gr,3 gr,8 gr,92 gr,0 gr,65 gr,103 gr,5:18,,,,,,,
,"Fri, Aug 28",15:45 ,Zanahoria,1,Verdura,52 gr,0 gr,5 gr,0 gr,1 gr,21 kcal,18:35,,,,,,,,,,,,,,,,,,,,,,,,,,,,,,,,,
,"Fri, Aug 28",15:45 ,Cebolla,1,Verdura,110 gr,1 gr,11 gr,0 gr,2 gr,46 kcal,,,,,,,,,,,,,,,,,,,,,,,,,,,,,,,,,,
,"Fri, Aug 28",15:45 ,Ají,0.4,Verdura,109 gr,1 gr,4 gr,0 gr,1 gr,20 kcal,,,,,,,,,,,,,,,,,,,,,,,,,,,,,,,,,,
,"Fri, Aug 28",15:45 ,Zucchini,1,Verdura,137 gr,2 gr,5 gr,0 gr,2 gr,23 kcal,,,,,,,,,,,,,,,,,,,,,,,,,,,,,,,,,,
,"Fri, Aug 28",15:45 ,Champiñones,1,Proteína,115 gr,5 gr,3 gr,1 gr,1 gr,35 kcal,,,,,,,,,,,,,,,,,,,,,,,,,,,,,,,,,,
,"Fri, Aug 28",15:45 ,Semillas de chía,1.5,Grano,5 gr,1 gr,2 gr,2 gr,2 gr,25 kcal,,,,,,,,,,,,,,,,,,,,,,,,,,,,0.89,0.31,0.15,,,1.54,
,"Fri, Aug 28",15:45 ,Palta,1,Fruta,47 gr,1 gr,4 gr,7 gr,3 gr,76 kcal,,,,,,,,,,,,,,,,,,,,,,,,,,,,0.07,0.97,4.93,,,6.94,
,"Fri, Aug 28",15:45 ,Queso Unt. Finlandia tradicional,4.3,Lácteo,43 gr,3 gr,1 gr,11 gr,0 gr,116 kcal,,,,,,,,,,,,,,,,,,,,,,,,,,,,0.11,0.33,3.16,0.44,0.76,6.10,
,"Fri, Aug 28",15:45 ,Chucrut Los Montes,1,Verdura,36 gr,0 gr,2 gr,0 gr,1 gr,7 kcal,,,,,,,,,,,,,,,,,,,,,,,,,,,,,,,,,,
,"Fri, Aug 28",15:45 ,Queso rallado parmesano La Serenisima,1,Lácteo,10 gr,4 gr,0 gr,3 gr,0 gr,38 kcal,,,,,,,,,,,,,,,,,,,,,,,,,,,,0.03,0.08,0.78,0.11,0.19,1.51,
,"Fri, Aug 28",15:45 ,Pollo (1 pechuga),0.5,Proteína,112 gr,32 gr,0 gr,4 gr,0 gr,168 kcal,,,,,,,,,,,,,,,,,,,,,,,,,,,,0.04,0.71,1.43,,,3.57,
,"Fri, Aug 28",15:45 ,Nuez (1),2,Fruto Seco,6 gr,1 gr,1 gr,4 gr,0 gr,40 kcal,,,,,,,,,,,,,,,,,,,,,,,,,,,,0.38,1.95,0.84,,,3.83,
,"Fri, Aug 28",15:45 ,Maní King Tostado Sin Piel Sin Sodio (1 cda sop),1,Fruto Seco,15 gr,4 gr,2 gr,8 gr,1 gr,89 kcal,,,,,,,,,,,,,,,,,,,,,,,,,,,,,2.55,3.68,,,7.50,
,"Fri, Aug 28",15:45 ,Manteca Ghee,1,Grasa,30 gr,0 gr,0 gr,30 gr,0 gr,270 kcal,,,,,,,,,,,,,,,,,,,,,,,,,,,,0.30,0.60,7.50,1.20,2.40,26.40,
,"Fri, Aug 28",15:45 ,"G4U, tortilla proteica",3,Procesado,69 gr,15 gr,3 gr,3 gr,18 gr,132 kcal,,,,,,,,,,,,,,,,,,,,,,,,,,,,0.06,1.47,0.60,,,0.87,
,"Fri, Aug 28",15:45 ,Vitaminas,1,Complemento,0 gr,0 gr,0 gr,0 gr,0 gr,0 kcal,,,,,,,,,,,,,,,,,,,,,,,,,,,,,,,,,,
,"Fri, Aug 28",15:45 ,Vitamina D,1,Complemento,0 gr,0 gr,0 gr,0 gr,0 gr,0 kcal,,,,,,,,,,,,,,,,,,,,,,,,,,,,,,,,,,
,"Fri, Aug 28",18:00 ,Café,1,Infusión,0 gr,0 gr,0 gr,0 gr,0 gr,0 kcal,02:15,,,,,,,,,,,,,,,,,,,,,,,,,,,,,,,,,
,"Fri, Aug 28",18:00 ,Nuez (1),2,Fruto Seco,8 gr,1 gr,1 gr,5 gr,0 gr,54 kcal,,,,,,,,,,,,,,,,,,,,,,,,,,,,0.51,2.60,1.12,,,5.10,
,"Fri, Aug 28",18:00 ,Almendra (1),1,Fruto Seco,7 gr,1 gr,0 gr,4 gr,1 gr,40 kcal,,,,,,,,,,,,,,,,,,,,,,,,,,,,,0.67,2.73,,,3.75,
,"Fri, Aug 28",22:00 ,"G4U, pan ciabata proteico",2,Procesado,150 gr,35 gr,8 gr,9 gr,43 gr,268 kcal,04:00,,,,,,,,,,,,,,,,,,,,,,,,,,,,5.95,1.75,,,8.75,
,"Fri, Aug 28",22:00 ,Queso Unt. Finlandia tradicional,2.5,Lácteo,25 gr,2 gr,1 gr,6 gr,0 gr,68 kcal,,,,,,,,,,,,,,,,,,,,,,,,,,,,0.06,0.19,1.84,0.25,0.44,3.55,
,"Fri, Aug 28",22:00 ,Lomo Horneado (1 feta),4,Proteína,66 gr,15 gr,0 gr,2 gr,0 gr,81 kcal,,,,,,,,,,,,,,,,,,,,,,,,,,,,0.02,0.23,1.04,,,2.31,
,"Fri, Aug 28",22:00 ,Queso barra punta de agua,4,Lácteo,72 gr,18 gr,0 gr,20 gr,0 gr,250 kcal,,,,,,,,,,,,,,,,,,,,,,,,,,,,0.20,0.60,5.78,0.80,1.39,11.16,
,"Fri, Aug 28",22:00 ,Jamón Cocido Extra (1 feta),4,Proteína,66 gr,13 gr,1 gr,3 gr,0 gr,80 kcal,,,,,,,,,,,,,,,,,,,,,,,,,,,,,0.27,1.07,,,0.65,
,"Fri, Aug 28",22:00 ,Jamón Crudo De Trevélez (1 feta),4,Proteína,54 gr,17 gr,0 gr,6 gr,0 gr,119 kcal,,,,,,,,,,,,,,,,,,,,,,,,,,,,,0.52,2.08,,,1.27,
,"Fri, Aug 28",22:00 ,Queso Regianitto Punta de Agua,1,Lácteo,34 gr,10 gr,0 gr,10 gr,0 gr,135 kcal,,,,,,,,,,,,,,,,,,,,,,,,,,,,0.10,0.31,2.96,0.41,0.71,5.71,
,"Fri, Aug 28",22:00 ,Magnesio,1,Complemento,0 gr,0 gr,0 gr,0 gr,0 gr,0 kcal,,,,,,,,,,,,,,,,,,,,,,,,,,,,,,,,,,
,"Fri, Aug 28",23:08 ,"Brownie keto Cholex v1, ghee",1,Elaborado,50 gr,9 gr,4 gr,22 gr,4 gr,247 kcal,01:08,,,,,,,,,,,,,,,,,,,,,,,,,,,0.22,0.43,5.38,0.86,1.72,18.92,
,"Fri, Aug 28",23:08 ,Café,1,Infusión,0 gr,0 gr,0 gr,0 gr,0 gr,0 kcal,,,,,,,,,,,,,,,,,,,,,,,,,,,,,,,,,,
,"Fri, Aug 28",23:08 ,"Leche, Protein",1,Lácteo,100 gr,5 gr,5 gr,0 gr,0 gr,37 kcal,,,,,,,,,,,,,,,,,,,,,,,,,,,,,,,,,,
,"Fri, Aug 28",23:08 ,"Chocolate Colonial, amargo dietético 70%",1,Carb,7 gr,1 gr,3 gr,2 gr,1 gr,35 kcal,,,,,,,,,,,,,,,,,,,,,,,,,,,,,0.07,0.79,,,2.38,
,"Fri, Aug 28",23:08 ,"Dulce de leche Savona Fit, stevia",1,Carb,10 gr,1 gr,2 gr,1 gr,2 gr,20 kcal,,,,,,196 gr,67 gr,161 gr,82 gr,"2,539 kcal",1544 gr,,115 gr,100 gr,124 gr,35 gr,2000 kcal,3 gr,21 gr,50 gr,4 gr,8 gr,122 gr,0 gr,74 gr,134 gr,3:21,0.01,0.02,0.19,0.03,0.05,0.36,
,"Sat, Aug 29",12:00 ,Vauquita,1,Carb,25 gr,2 gr,14 gr,1 gr,1 gr,68 kcal,12:52,,,,,,,,,,,,,,,,,,,,,,,,,,,,,,,,,
,"Sat, Aug 29",14:30 ,Cebolla,0.5,Verdura,99 gr,1 gr,10 gr,0 gr,1 gr,42 kcal,02:30,,,,,,,,,,,,,,,,,,,,,,,,,,,,,,,,,
,"Sat, Aug 29",14:30 ,Zanahoria,0.5,Verdura,79 gr,1 gr,8 gr,0 gr,2 gr,32 kcal,,,,,,,,,,,,,,,,,,,,,,,,,,,,,,,,,,
,"Sat, Aug 29",14:30 ,Champiñones,1,Proteína,100 gr,4 gr,3 gr,1 gr,1 gr,30 kcal,,,,,,,,,,,,,,,,,,,,,,,,,,,,,,,,,,
,"Sat, Aug 29",14:30 ,Leche de coco,1.1,Lácteo,110 gr,0 gr,0 gr,2 gr,0 gr,18 kcal,,,,,,,,,,,,,,,,,,,,,,,,,,,,,0.04,0.12,,1.22,0.81,
,"Sat, Aug 29",14:30 ,Manteca Ghee,1,Grasa,7 gr,0 gr,0 gr,7 gr,0 gr,63 kcal,,,,,,,,,,,,,,,,,,,,,,,,,,,,0.07,0.14,1.75,0.28,0.56,6.16,
,"Sat, Aug 29",14:30 ,"Aceite de oliva (EV, PPF)",2,Grano,7 gr,0 gr,0 gr,7 gr,0 gr,63 kcal,,,,,,,,,,,,,,,,,,,,,,,,,,,,0.07,0.70,5.25,,,7.00,
,"Sat, Aug 29",14:30 ,Maní King Tostado Sin Piel Sin Sodio (1 cda sop),1,Fruto Seco,15 gr,4 gr,2 gr,8 gr,1 gr,89 kcal,,,,,,,,,,,,,,,,,,,,,,,,,,,,,2.55,3.68,,,7.50,
,"Sat, Aug 29",14:30 ,Nuez (1),3,Fruto Seco,10 gr,1 gr,1 gr,6 gr,1 gr,67 kcal,,,,,,,,,,,,,,,,,,,,,,,,,,,,0.64,3.25,1.40,,,6.38,
,"Sat, Aug 29",14:30 ,Castaña de Cajú,1,Fruto Seco,8 gr,1 gr,2 gr,4 gr,0 gr,44 kcal,,,,,,,,,,,,,,,,,,,,,,,,,,,,,0.60,2.11,,,3.52,
,"Sat, Aug 29",14:30 ,Queso rallado reggianito La Serenisima,0.6,Lácteo,10 gr,4 gr,0 gr,3 gr,0 gr,39 kcal,,,,,,,,,,,,,,,,,,,,,,,,,,,,0.03,0.08,0.75,0.10,0.18,1.46,
,"Sat, Aug 29",14:30 ,"G4U, tortilla proteica",3,Procesado,69 gr,15 gr,3 gr,3 gr,18 gr,132 kcal,,,,,,,,,,,,,,,,,,,,,,,,,,,,0.06,1.47,0.60,,,0.87,
,"Sat, Aug 29",14:30 ,Queso Unt. Finlandia tradicional,2,Lácteo,20 gr,2 gr,1 gr,5 gr,0 gr,54 kcal,,,,,,,,,,,,,,,,,,,,,,,,,,,,0.05,0.15,1.47,0.20,0.35,2.84,
,"Sat, Aug 29",14:30 ,Queso barra punta de agua,3,Lácteo,54 gr,13 gr,0 gr,15 gr,0 gr,187 kcal,,,,,,,,,,,,,,,,,,,,,,,,,,,,0.15,0.45,4.33,0.60,1.05,8.37,
,"Sat, Aug 29",14:30 ,Pollo (1 pechuga),0.3,Proteína,117 gr,33 gr,0 gr,4 gr,0 gr,177 kcal,,,,,,,,,,,,,,,,,,,,,,,,,,,,0.04,0.75,1.50,,,3.74,
,"Sat, Aug 29",14:30 ,Vitaminas,1,Complemento,0 gr,0 gr,0 gr,0 gr,0 gr,0 kcal,,,,,,,,,,,,,,,,,,,,,,,,,,,,,,,,,,
,"Sat, Aug 29",14:30 ,Vitamina D,1,Complemento,0 gr,0 gr,0 gr,0 gr,0 gr,0 kcal,,,,,,,,,,,,,,,,,,,,,,,,,,,,,,,,,,
,"Sat, Aug 29",18:25 ,Café,1,Infusión,0 gr,0 gr,0 gr,0 gr,0 gr,0 kcal,03:55,,,,,,,,,,,,,,,,,,,,,,,,,,,,,,,,,
,"Sat, Aug 29",18:25 ,"Leche, Protein",1,Lácteo,100 gr,5 gr,5 gr,0 gr,0 gr,37 kcal,,,,,,,,,,,,,,,,,,,,,,,,,,,,,,,,,,
,"Sat, Aug 29",18:25 ,"Chocolate Colonial, amargo dietético 70%",1,Carb,7 gr,1 gr,3 gr,2 gr,1 gr,35 kcal,,,,,,,,,,,,,,,,,,,,,,,,,,,,,0.07,0.79,,,2.38,
,"Sat, Aug 29",18:25 ,Nuez (1),2,Fruto Seco,6 gr,1 gr,1 gr,4 gr,0 gr,40 kcal,,,,,,,,,,,,,,,,,,,,,,,,,,,,0.38,1.95,0.84,,,3.83,
,"Sat, Aug 29",18:25 ,"Brownie keto Cholex v1, ghee",1,Elaborado,42 gr,8 gr,3 gr,18 gr,3 gr,207 kcal,,,,,,,,,,,,,,,,,,,,,,,,,,,,0.18,0.36,4.52,0.72,1.44,15.89,
,"Sat, Aug 29",22:30 ,Pizza de Mozzarella,3,Elaborado,168 gr,17 gr,48 gr,12 gr,3 gr,369 kcal,04:05,,,,,111 gr,103 gr,100 gr,33 gr,"1,794 kcal",1053 gr,,115 gr,100 gr,124 gr,35 gr,2000 kcal,2 gr,13 gr,33 gr,2 gr,6 gr,77 gr,0 gr,47 gr,86 gr,2:13,0.12,0.36,3.48,0.48,0.84,6.72,
,"Sun, Aug 30",13:15 ,Semillas de chía,1.5,Grano,15 gr,2 gr,6 gr,5 gr,5 gr,74 kcal,14:45,,,,,,,,,,,,,,,,,,,,,,,,,,,2.67,0.92,0.46,,,4.61,
,"Sun, Aug 30",13:15 ,Palta,0.4,Fruta,56 gr,1 gr,5 gr,8 gr,4 gr,90 kcal,,,,,,,,,,,,,,,,,,,,,,,,,,,,0.08,1.15,5.83,,,8.21,
,"Sun, Aug 30",13:15 ,Queso Unt. Finlandia tradicional,3,Lácteo,30 gr,2 gr,1 gr,8 gr,0 gr,81 kcal,,,,,,,,,,,,,,,,,,,,,,,,,,,,0.08,0.23,2.20,0.30,0.53,4.26,
,"Sun, Aug 30",13:15 ,Huevo,1,Proteína,54 gr,6 gr,0 gr,6 gr,0 gr,84 kcal,,,,,,,,,,,,,,,,,,,,,,,,,,,,0.13,1.02,2.42,,,6.37,
,"Sun, Aug 30",13:15 ,Queso rallado reggianito La Serenisima,1,Lácteo,15 gr,6 gr,0 gr,4 gr,0 gr,59 kcal,,,,,,,,,,,,,,,,,,,,,,,,,,,,0.04,0.12,1.13,0.16,0.27,2.18,
,"Sun, Aug 30",13:15 ,Jamón Crudo De Trevélez (1 feta),1,Proteína,50 gr,16 gr,0 gr,5 gr,0 gr,111 kcal,,,,,,,,,,,,,,,,,,,,,,,,,,,,,0.48,1.93,,,1.18,
,"Sun, Aug 30",13:15 ,Queso Pategrás La Paulina,1,Lácteo,40 gr,11 gr,0 gr,11 gr,0 gr,147 kcal,,,,,,,,,,,,,,,,,,,,,,,,,,,,0.11,0.34,3.33,0.46,0.80,6.42,
,"Sun, Aug 30",13:15 ,Tomate,1,Verdura,137 gr,1 gr,5 gr,0 gr,2 gr,25 kcal,,,,,,,,,,,,,,,,,,,,,,,,,,,,,,,,,,
,"Sun, Aug 30",13:15 ,Queso cremoso Punta de Agua,1,Lácteo,55 gr,10 gr,1 gr,14 gr,0 gr,167 kcal,,,,,,,,,,,,,,,,,,,,,,,,,,,,0.14,0.41,3.99,0.55,0.96,7.70,
,"Sun, Aug 30",13:15 ,Cerdo (1 corte),2,Proteína,220 gr,60 gr,0 gr,37 gr,0 gr,596 kcal,,,,,,,,,,,,,,,,,,,,,,,,,,,,0.37,3.74,16.83,,,37.40,
,"Sun, Aug 30",13:15 ,"G4U, marineras proteicas",1,Procesado,45 gr,5 gr,2 gr,1 gr,16 gr,40 kcal,,,,,,,,,,,,,,,,,,,,,,,,,,,,,0.86,0.25,,,1.26,
,"Sun, Aug 30",13:15 ,Manteca Ghee,1,Grasa,9 gr,0 gr,0 gr,9 gr,0 gr,81 kcal,,,,,,,,,,,,,,,,,,,,,,,,,,,,0.09,0.18,2.25,0.36,0.72,7.92,
,"Sun, Aug 30",13:15 ,Vitaminas,1,Complemento,0 gr,0 gr,0 gr,0 gr,0 gr,0 kcal,,,,,,,,,,,,,,,,,,,,,,,,,,,,,,,,,,
,"Sun, Aug 30",13:15 ,Vitamina D,1,Complemento,0 gr,0 gr,0 gr,0 gr,0 gr,0 kcal,,,,,,,,,,,,,,,,,,,,,,,,,,,,,,,,,,
,"Sun, Aug 30",17:30 ,Brownie keto Cholex v1,1,Elaborado,82 gr,18 gr,7 gr,30 gr,7 gr,370 kcal,04:15,,,,,,,,,,,,,,,,,,,,,,,,,,,,0.89,9.77,,,29.60,
,"Sun, Aug 30",17:30 ,Café,1,Infusión,0 gr,0 gr,0 gr,0 gr,0 gr,0 kcal,,,,,,,,,,,,,,,,,,,,,,,,,,,,,,,,,,
,"Sun, Aug 30",17:30 ,"Leche, Protein",1,Lácteo,100 gr,5 gr,5 gr,0 gr,0 gr,37 kcal,,,,,,,,,,,,,,,,,,,,,,,,,,,,,,,,,,
,"Sun, Aug 30",17:30 ,Nuez (1),1,Fruto Seco,4 gr,1 gr,0 gr,3 gr,0 gr,27 kcal,,,,,,,,,,,,,,,,,,,,,,,,,,,,0.26,1.30,0.56,,,2.55,
,"Sun, Aug 30",17:30 ,Dulce de leche Las Quinas,1.3,Carb,13 gr,1 gr,3 gr,0 gr,3 gr,18 kcal,,,,,,,,,,,,,,,,,,,,,,,,,,,,,,,,,,
,"Sun, Aug 30",20:50 ,Banana,1,Fruta,157 gr,2 gr,36 gr,0 gr,4 gr,140 kcal,03:20,,,,,,,,,,,,,,,,,,,,,,,,,,,,,,,,,
,"Sun, Aug 30",20:50 ,Brownie keto Cholex v1,1,Elaborado,50 gr,11 gr,4 gr,18 gr,4 gr,226 kcal,,,,,,,,,,,,,,,,,,,,,,,,,,,,,0.54,5.96,,,18.05,
,"Sun, Aug 30",20:50 ,Dulce de leche Las Quinas,1.5,Carb,15 gr,1 gr,3 gr,0 gr,3 gr,20 kcal,,,,,,,,,,,,,,,,,,,,,,,,,,,,,,,,,,
,"Sun, Aug 30",20:50 ,Maní King Tostado Sin Piel Sin Sodio (1 cda sop),0.5,Fruto Seco,8 gr,2 gr,1 gr,4 gr,1 gr,45 kcal,,,,,,,,,,,,,,,,,,,,,,,,,,,,,1.28,1.84,,,3.75,
,"Sun, Aug 30",23:10 ,"G4U, tortilla proteica",2,Procesado,46 gr,10 gr,2 gr,2 gr,12 gr,88 kcal,02:20,,,,,,,,,,,,,,,,,,,,,,,,,,,0.04,0.98,0.40,,,0.58,
,"Sun, Aug 30",23:10 ,Queso barra punta de agua,2,Lácteo,35 gr,9 gr,0 gr,10 gr,0 gr,121 kcal,,,,,,,,,,,,,,,,,,,,,,,,,,,,0.10,0.29,2.81,0.39,0.68,5.42,
,"Sun, Aug 30",23:10 ,Lomo Horneado (1 feta),2,Proteína,20 gr,5 gr,0 gr,1 gr,0 gr,25 kcal,,,,,,,,,,,,,,,,,,,,,,,,,,,,0.01,0.07,0.32,,,0.70,
,"Sun, Aug 30",23:10 ,Jamón Cocido Extra (1 feta),2,Proteína,38 gr,7 gr,0 gr,2 gr,0 gr,46 kcal,,,,,,,,,,,,,,,,,,,,,,,,,,,,,0.15,0.62,,,0.38,
,"Sun, Aug 30",23:10 ,Chucrut Los Montes,0.5,Verdura,6 gr,0 gr,0 gr,0 gr,0 gr,1 kcal,,,,,,,,,,,,,,,,,,,,,,,,,,,,,,,,,,
,"Sun, Aug 30",23:10 ,Manteca Ghee,0.5,Grasa,5 gr,0 gr,0 gr,5 gr,0 gr,45 kcal,,,,,,,,,,,,,,,,,,,,,,,,,,,,0.05,0.10,1.25,0.20,0.40,4.40,
,"Sun, Aug 30",23:10 ,Queso Unt. Finlandia tradicional,2,Lácteo,20 gr,2 gr,1 gr,5 gr,0 gr,54 kcal,,,,,,,,,,,,,,,,,,,,,,,,,,,,0.05,0.15,1.47,0.20,0.35,2.84,
,"Sun, Aug 30",23:10 ,Magnesio,1,Complemento,0 gr,0 gr,0 gr,0 gr,0 gr,0 kcal,,,,,,192 gr,84 gr,189 gr,60 gr,"2,814 kcal",1325 gr,,115 gr,100 gr,124 gr,35 gr,2000 kcal,4 gr,15 gr,66 gr,3 gr,5 gr,156 gr,0 gr,85 gr,163 gr,4:15,,,,,,,
,"Mon, Aug 31",14:55 ,"G4U, pan de molde proteico",1,Procesado,52 gr,12 gr,3 gr,3 gr,15 gr,93 kcal,15:45,,,,,,,,,,,,,,,,,,,,,,,,,,,,2.06,0.61,,,3.03,
,"Mon, Aug 31",14:55 ,Queso cremoso Punta de Agua,1,Lácteo,48 gr,8 gr,1 gr,12 gr,0 gr,146 kcal,,,118 mg/dL,107 mg/dL,11 mg/dL,,,,,,,,,,,,,,,,,,,,,,,0.12,0.36,3.48,0.48,0.84,6.72,
,"Mon, Aug 31",17:20 ,Palta,0.4,Fruta,43 gr,1 gr,4 gr,6 gr,3 gr,69 kcal,02:25,,,,,,,,,,,,,,,,,,,,,,,,,,,0.06,0.88,4.48,,,6.30,
,"Mon, Aug 31",17:20 ,Queso Unt. Finlandia tradicional,2.2,Lácteo,22 gr,2 gr,1 gr,6 gr,0 gr,59 kcal,,,,,,,,,,,,,,,,,,,,,,,,,,,,0.06,0.17,1.62,0.22,0.39,3.12,
,"Mon, Aug 31",17:20 ,Champiñones,1,Proteína,115 gr,5 gr,3 gr,1 gr,1 gr,35 kcal,,,,,,,,,,,,,,,,,,,,,,,,,,,,,,,,,,
,"Mon, Aug 31",17:20 ,Cebolla,0.3,Verdura,100 gr,1 gr,10 gr,0 gr,1 gr,42 kcal,,,,,,,,,,,,,,,,,,,,,,,,,,,,,,,,,,
,"Mon, Aug 31",17:20 ,Ají,0.3,Verdura,42 gr,0 gr,2 gr,0 gr,0 gr,8 kcal,,,,,,,,,,,,,,,,,,,,,,,,,,,,,,,,,,
,"Mon, Aug 31",17:20 ,Leche de coco,1,Lácteo,100 gr,0 gr,0 gr,2 gr,0 gr,17 kcal,,,,,,,,,,,,,,,,,,,,,,,,,,,,,0.04,0.11,,1.11,0.74,
,"Mon, Aug 31",17:20 ,Manteca Ghee,1,Grasa,7 gr,0 gr,0 gr,7 gr,0 gr,63 kcal,,,,,,,,,,,,,,,,,,,,,,,,,,,,0.07,0.14,1.75,0.28,0.56,6.16,
,"Mon, Aug 31",17:20 ,Nuez (1),2,Fruto Seco,8 gr,1 gr,1 gr,5 gr,0 gr,54 kcal,,,,,,,,,,,,,,,,,,,,,,,,,,,,0.51,2.60,1.12,,,5.10,
,"Mon, Aug 31",17:20 ,Maní King Tostado Sin Piel Sin Sodio (1 cda sop),1,Fruto Seco,15 gr,4 gr,2 gr,8 gr,1 gr,89 kcal,,,,,,,,,,,,,,,,,,,,,,,,,,,,,2.55,3.68,,,7.50,
,"Mon, Aug 31",17:20 ,Semillas de chía,1.5,Grano,15 gr,2 gr,6 gr,5 gr,5 gr,74 kcal,,,,,,,,,,,,,,,,,,,,,,,,,,,,2.67,0.92,0.46,,,4.61,
,"Mon, Aug 31",17:20 ,Pollo (1 pechuga),0.3,Proteína,100 gr,29 gr,0 gr,3 gr,0 gr,151 kcal,,,,,,,,,,,,,,,,,,,,,,,,,,,,0.03,0.64,1.28,,,3.20,
,"Mon, Aug 31",17:20 ,"G4U, marineras proteicas",1,Procesado,40 gr,4 gr,2 gr,1 gr,14 gr,35 kcal,,,,,,,,,,,,,,,,,,,,,,,,,,,,,0.76,0.22,,,1.12,
,"Mon, Aug 31",17:20 ,Queso rallado reggianito La Serenisima,1,Lácteo,15 gr,6 gr,0 gr,4 gr,0 gr,59 kcal,,,,,,,,,,,,,,,,,,,,,,,,,,,,0.04,0.12,1.13,0.16,0.27,2.18,
,"Mon, Aug 31",17:20 ,"Medallón de chocolate con menta, Benot",1,Procesado,14 gr,0 gr,10 gr,1 gr,1 gr,35 kcal,,,,,,,,,,,,,,,,,,,,,,,,,,,,,0.04,0.42,,,1.26,
,"Mon, Aug 31",17:20 ,Vitaminas,1,Complemento,0 gr,0 gr,0 gr,0 gr,0 gr,0 kcal,,,,,,,,,,,,,,,,,,,,,,,,,,,,,,,,,,
,"Mon, Aug 31",17:20 ,Vitamina D,1,Complemento,0 gr,0 gr,0 gr,0 gr,0 gr,0 kcal,,,117 mg/dL,93 mg/dL,24 mg/dL,,,,,,,,,,,,,,,,,,,,,,,,,,,,,
,"Mon, Aug 31",18:50 ,Café,1,Infusión,0 gr,0 gr,0 gr,0 gr,0 gr,0 kcal,01:30,,,,,,,,,,,,,,,,,,,,,,,,,,,,,,,,,
,"Mon, Aug 31",18:50 ,"Leche, Protein",1,Lácteo,100 gr,5 gr,5 gr,0 gr,0 gr,37 kcal,,,,,,,,,,,,,,,,,,,,,,,,,,,,,,,,,,
,"Mon, Aug 31",18:50 ,Brownie keto Cholex v1,1,Elaborado,70 gr,15 gr,6 gr,25 gr,6 gr,316 kcal,,,121 mg/dL,102 mg/dL,19 mg/dL,,,,,,,,,,,,,,,,,,,,,,,,0.76,8.34,,,25.27,
,"Mon, Aug 31",23:10 ,Sardinas con aceite vegetal Gomes da Costa,1,Proteína,70 gr,15 gr,0 gr,8 gr,0 gr,134 kcal,04:20,,,,,,,,,,,,,,,,,,,,,,,,,,,,,,,,,
,"Mon, Aug 31",23:10 ,"G4U, pan árabe proteico",1,Procesado,70 gr,14 gr,4 gr,4 gr,19 gr,107 kcal,,,,,,,,,,,,,,,,,,,,,,,,,,,,0.11,1.65,0.67,,,1.09,
,"Mon, Aug 31",23:10 ,Queso cremoso Punta de Agua,1,Lácteo,30 gr,5 gr,1 gr,8 gr,0 gr,91 kcal,,,,,,,,,,,,,,,,,,,,,,,,,,,,0.08,0.23,2.18,0.30,0.53,4.20,
,"Mon, Aug 31",23:10 ,Jamón Crudo De Trevélez (1 feta),1,Proteína,24 gr,7 gr,0 gr,3 gr,0 gr,53 kcal,,,,,,,,,,,,,,,,,,,,,,,,,,,,,0.23,0.92,,,0.56,
,"Mon, Aug 31",23:10 ,Queso Pategrás La Paulina,1,Lácteo,20 gr,6 gr,0 gr,6 gr,0 gr,73 kcal,,,,,,,,,,,,,,,,,,,,,,,,,,,,0.06,0.17,1.66,0.23,0.40,3.21,
,"Mon, Aug 31",23:10 ,Magnesio,1,Complemento,0 gr,0 gr,0 gr,0 gr,0 gr,0 kcal,,,,112 mg/dL,,142 gr,58 gr,116 gr,67 gr,"1,838 kcal",1120 gr,,115 gr,100 gr,124 gr,35 gr,2000 kcal,4 gr,14 gr,34 gr,2 gr,4 gr,85 gr,0 gr,52 gr,91 gr,4:14,,,,,,,
,"Tue, Sep 1",14:55 ,Zucchini,0.3,Verdura,95 gr,1 gr,3 gr,0 gr,1 gr,16 kcal,15:45,,,,,,,,,,,,,,,,,,,,,,,,,,,,,,,,,
,"Tue, Sep 1",14:55 ,Zanahoria,0.3,Verdura,61 gr,1 gr,6 gr,0 gr,2 gr,25 kcal,,,,,,,,,,,,,,,,,,,,,,,,,,,,,,,,,,
,"Tue, Sep 1",14:55 ,Champiñones,1.1,Proteína,110 gr,4 gr,3 gr,1 gr,1 gr,33 kcal,,,,,,,,,,,,,,,,,,,,,,,,,,,,,,,,,,
,"Tue, Sep 1",14:55 ,Manteca Ghee,1,Grasa,10 gr,0 gr,0 gr,10 gr,0 gr,90 kcal,,,,,,,,,,,,,,,,,,,,,,,,,,,,0.10,0.20,2.50,0.40,0.80,8.80,
,"Tue, Sep 1",14:55 ,Merluza al natural Puglisi,1,Proteína,222 gr,44 gr,0 gr,7 gr,0 gr,244 kcal,,,,,,,,,,,,,,,,,,,,,,,,,,,,,,,,,,
,"Tue, Sep 1",14:55 ,Cebolla,0.5,Verdura,182 gr,2 gr,18 gr,0 gr,3 gr,76 kcal,,,,,,,,,,,,,,,,,,,,,,,,,,,,,,,,,,
,"Tue, Sep 1",14:55 ,Ají,0.3,Verdura,40 gr,0 gr,2 gr,0 gr,0 gr,7 kcal,,,,,,,,,,,,,,,,,,,,,,,,,,,,,,,,,,
,"Tue, Sep 1",14:55 ,"Aceite de oliva (EV, PPF)",4,Grano,8 gr,0 gr,0 gr,8 gr,0 gr,72 kcal,,,,,,,,,,,,,,,,,,,,,,,,,,,,0.08,0.80,6.00,,,8.00,
,"Tue, Sep 1",14:55 ,Queso rallado reggianito La Serenisima,1,Lácteo,15 gr,6 gr,0 gr,4 gr,0 gr,59 kcal,,,,,,,,,,,,,,,,,,,,,,,,,,,,0.04,0.12,1.13,0.16,0.27,2.18,
,"Tue, Sep 1",14:55 ,Vitaminas,1,Complemento,0 gr,0 gr,0 gr,0 gr,0 gr,0 kcal,,,,,,,,,,,,,,,,,,,,,,,,,,,,,,,,,,
,"Tue, Sep 1",14:55 ,Vitamina D,1,Complemento,0 gr,0 gr,0 gr,0 gr,0 gr,0 kcal,,,117 mg/dL,104 mg/dL,13 mg/dL,,,,,,,,,,,,,,,,,,,,,,,,,,,,,
,"Tue, Sep 1",17:05 ,Café,1,Infusión,0 gr,0 gr,0 gr,0 gr,0 gr,0 kcal,02:10,,,,,,,,,,,,,,,,,,,,,,,,,,,,,,,,,
,"Tue, Sep 1",17:05 ,"Leche, Protein",1,Lácteo,100 gr,5 gr,5 gr,0 gr,0 gr,37 kcal,,,,,,,,,,,,,,,,,,,,,,,,,,,,,,,,,,
,"Tue, Sep 1",17:05 ,"Chocolate Colonial, amargo dietético 70%",1,Carb,7 gr,1 gr,3 gr,2 gr,1 gr,35 kcal,,,,,,,,,,,,,,,,,,,,,,,,,,,,,0.07,0.79,,,2.38,
,"Tue, Sep 1",17:05 ,Dulce de leche Las Quinas,1,Carb,10 gr,1 gr,2 gr,0 gr,2 gr,14 kcal,,,,,,,,,,,,,,,,,,,,,,,,,,,,,,,,,,
,"Tue, Sep 1",17:05 ,Brownie keto Cholex v1,1,Elaborado,64 gr,14 gr,6 gr,23 gr,5 gr,289 kcal,,,121 mg/dL,109 mg/dL,12 mg/dL,,,,,,,,,,,,,,,,,,,,,,,,0.69,7.62,,,23.10,
,"Tue, Sep 1",20:56 ,"G4U, pan árabe proteico",1,Procesado,68 gr,14 gr,3 gr,3 gr,18 gr,104 kcal,03:51,,,,,,,,,,,,,,,,,,,,,,,,,,,0.10,1.60,0.65,,,1.05,
,"Tue, Sep 1",20:56 ,Queso Unt. Finlandia tradicional,2,Lácteo,20 gr,2 gr,1 gr,5 gr,0 gr,54 kcal,,,,,,,,,,,,,,,,,,,,,,,,,,,,0.05,0.15,1.47,0.20,0.35,2.84,
,"Tue, Sep 1",20:56 ,Queso barra punta de agua,3,Lácteo,52 gr,13 gr,0 gr,14 gr,0 gr,180 kcal,,,,,,,,,,,,,,,,,,,,,,,,,,,,0.14,0.43,4.17,0.58,1.01,8.06,
,"Tue, Sep 1",20:56 ,Lomo Horneado (1 feta),3,Proteína,29 gr,7 gr,0 gr,1 gr,0 gr,36 kcal,,,,,,,,,,,,,,,,,,,,,,,,,,,,0.01,0.10,0.46,,,1.02,
,"Tue, Sep 1",20:56 ,Jamón Cocido Extra (1 feta),3,Proteína,27 gr,5 gr,0 gr,1 gr,0 gr,33 kcal,,,,,,,,,,,,,,,,,,,,,,,,,,,,,0.11,0.44,,,0.27,
,"Tue, Sep 1",20:56 ,Huevo,1,Proteína,50 gr,6 gr,0 gr,6 gr,0 gr,78 kcal,,,,,,,,,,,,,,,,,,,,,,,,,,,,0.12,0.94,2.24,,,5.90,
,"Tue, Sep 1",20:56 ,Palta,0.4,Fruta,47 gr,1 gr,4 gr,7 gr,3 gr,75 kcal,,,,,,125 gr,56 gr,94 gr,36 gr,"1,556 kcal",1285 gr,,115 gr,100 gr,124 gr,35 gr,2000 kcal,1 gr,6 gr,32 gr,1 gr,2 gr,70 gr,0 gr,39 gr,74 gr,1:6,0.07,0.96,4.89,,,6.89,
,"Tue, Sep 1",20:56 ,Jamón Crudo De Trevélez (1 feta),1,Proteína,32 gr,10 gr,0 gr,3 gr,0 gr,71 kcal,,,,,,,,,,,,,,,,,,,,,,,,,,,,,0.31,1.23,,,0.75,
,"Tue, Sep 1",20:56 ,Queso Pategrás La Paulina,1,Lácteo,36 gr,10 gr,0 gr,10 gr,0 gr,132 kcal,,,,,,145 gr,57 gr,108 gr,36 gr,"1,759 kcal",1285 gr,,115 gr,100 gr,124 gr,35 gr,2000 kcal,1 gr,7 gr,37 gr,2 gr,3 gr,77 gr,0 gr,44 gr,82 gr,1:7,0.10,0.31,2.99,0.41,0.72,5.78,
,"Wed, Sep 2",13:30 ,Pollo (1 pechuga),0.4,Proteína,110 gr,31 gr,0 gr,4 gr,0 gr,166 kcal,16:34,,,,,,,,,,,,,,,,,,,,,,,,,,,0.04,0.70,1.41,,,3.52,
,"Wed, Sep 2",13:30 ,"G4U, pan ciabata proteico",2,Procesado,120 gr,28 gr,6 gr,7 gr,34 gr,214 kcal,,,,,,,,,,,,,,,,,,,,,,,,,,,,,4.76,1.40,,,7.00,
,"Wed, Sep 2",13:30 ,Queso barra punta de agua,4,Lácteo,52 gr,13 gr,0 gr,14 gr,0 gr,180 kcal,,,,,,,,,,,,,,,,,,,,,,,,,,,,0.14,0.43,4.17,0.58,1.01,8.06,
,"Wed, Sep 2",13:30 ,Tomate,1,Verdura,178 gr,2 gr,7 gr,0 gr,2 gr,32 kcal,,,,,,,,,,,,,,,,,,,,,,,,,,,,,,,,,,
,"Wed, Sep 2",13:30 ,Huevo,1,Proteína,54 gr,6 gr,0 gr,6 gr,0 gr,84 kcal,,,,,,80 gr,13 gr,32 gr,36 gr,677 kcal,1291 gr,,115 gr,100 gr,124 gr,35 gr,2000 kcal,0 gr,7 gr,9 gr,1 gr,1 gr,25 gr,0 gr,17 gr,27 gr,0:7,0.13,1.02,2.42,,,6.37,
,"Wed, Sep 2",13:30 ,Palta,0.3,Fruta,46 gr,1 gr,4 gr,7 gr,3 gr,74 kcal,,,,,,,,,,,,,,,,,,,,,,,,,,,,0.07,0.94,4.79,,,6.74,
,"Wed, Sep 2",13:30 ,Queso Unt. Finlandia tradicional,5,Lácteo,50 gr,4 gr,2 gr,13 gr,0 gr,135 kcal,,,,,,,,,,,,,,,,,,,,,,,,,,,,0.13,0.38,3.67,0.51,0.89,7.09,
,"Wed, Sep 2",13:30 ,Chucrut Los Montes,1,Verdura,30 gr,0 gr,1 gr,0 gr,1 gr,6 kcal,,,127 mg/dL,106 mg/dL,21 mg/dL,,,,,,,,,,,,,,,,,,,,,,,,,,,,,
,"Wed, Sep 2",14:30 ,"Medallón de chocolate con menta, Benot",1,Procesado,14 gr,0 gr,10 gr,1 gr,1 gr,35 kcal,01:00,,,,,,,,,,,,,,,,,,,,,,,,,,,,0.04,0.42,,,1.26,
,"Wed, Sep 2",17:05 ,Café,1,Infusión,0 gr,0 gr,0 gr,0 gr,0 gr,0 kcal,02:35,,,,,,,,,,,,,,,,,,,,,,,,,,,,,,,,,
,"Wed, Sep 2",17:05 ,Brownie keto Cholex v1,2,Elaborado,100 gr,22 gr,9 gr,36 gr,8 gr,451 kcal,,,,,,,,,,,,,,,,,,,,,,,,,,,,,1.08,11.91,,,36.10,
,"Wed, Sep 2",17:05 ,"Leche, Protein",1.5,Lácteo,150 gr,7 gr,7 gr,0 gr,0 gr,56 kcal,,,,,,114 gr,45 gr,88 gr,49 gr,"1,433 kcal",1291 gr,,115 gr,100 gr,124 gr,35 gr,2000 kcal,1 gr,9 gr,30 gr,1 gr,2 gr,76 gr,0 gr,40 gr,79 gr,1:9,,,,,,,
,"Wed, Sep 2",17:05 ,Dulce de leche Las Quinas,1.3,Carb,13 gr,1 gr,3 gr,0 gr,3 gr,18 kcal,,,132 mg/dL,120 mg/dL,12 mg/dL,,,,,,,,,,,,,,,,,,,,,,,,,,,,,
,"Wed, Sep 2",19:30 ,"G4U, pan árabe proteico",1,Procesado,70 gr,14 gr,4 gr,4 gr,19 gr,107 kcal,02:25,,,,,,,,,,,,,,,,,,,,,,,,,,,0.11,1.65,0.67,,,1.09,
,"Wed, Sep 2",19:30 ,Queso Unt. Finlandia tradicional,2,Lácteo,24 gr,2 gr,1 gr,6 gr,0 gr,65 kcal,,,,,,,,,,,,,,,,,,,,,,,,,,,,0.06,0.18,1.76,0.24,0.43,3.40,
,"Wed, Sep 2",19:30 ,Lomo Horneado (1 feta),2,Proteína,41 gr,9 gr,0 gr,1 gr,0 gr,50 kcal,,,,,,,,,,,,,,,,,,,,,,,,,,,,0.01,0.14,0.65,,,1.44,
,"Wed, Sep 2",19:30 ,Jamón Cocido (1 feta),2,Proteína,24 gr,4 gr,0 gr,1 gr,0 gr,29 kcal,,,,,,,,,,,,,,,,,,,,,,,,,,,,,0.09,0.34,,,0.21,
,"Wed, Sep 2",19:30 ,Queso barra punta de agua,3,Lácteo,45 gr,11 gr,0 gr,12 gr,0 gr,156 kcal,,,,,,,,,,,,,,,,,,,,,,,,,,,,0.12,0.37,3.61,0.50,0.87,6.97,
,"Wed, Sep 2",19:30 ,Huevo,1,Proteína,60 gr,7 gr,0 gr,7 gr,0 gr,94 kcal,,,,,,162 gr,53 gr,120 gr,70 gr,"1,951 kcal",1291 gr,,115 gr,100 gr,124 gr,35 gr,2000 kcal,1 gr,13 gr,40 gr,2 gr,3 gr,96 gr,0 gr,54 gr,101 gr,1:13,0.14,1.13,2.69,,,7.08,
,"Wed, Sep 2",19:30 ,Jamón Crudo De Trevélez (1 feta),1,Proteína,40 gr,12 gr,0 gr,4 gr,0 gr,88 kcal,,,,,,,,,,,,,,,,,,,,,,,,,,,,,0.39,1.54,,,0.94,
,"Wed, Sep 2",19:30 ,Queso Pategrás La Paulina,0.5,Lácteo,15 gr,4 gr,0 gr,4 gr,0 gr,55 kcal,,,,,,,,,,,,,,,,,,,,,,,,,,,,0.04,0.13,1.25,0.17,0.30,2.41,
,"Wed, Sep 2",19:30 ,Queso Gouda,1,Lácteo,55 gr,14 gr,0 gr,17 gr,0 gr,198 kcal,,,,117 mg/dL,,,,,,,,,,,,,,,,,,,,,,,,0.17,0.50,4.79,0.66,1.16,9.24,
,"Wed, Sep 2",19:30 ,Magnesio,1,Complemento,0 gr,0 gr,0 gr,0 gr,0 gr,0 kcal,,,,,,193 gr,53 gr,145 gr,70 gr,"2,292 kcal",1291 gr,,115 gr,100 gr,124 gr,35 gr,2000 kcal,1 gr,14 gr,47 gr,3 gr,5 gr,109 gr,0 gr,63 gr,116 gr,1:14,,,,,,,
,"Thu, Sep 3",11:00 ,"G4U, pan árabe proteico",1,Procesado,70 gr,14 gr,4 gr,4 gr,19 gr,107 kcal,15:30,,,,,,,,,,,,,,,,,,,,,,,,,,,0.11,1.65,0.67,,,1.09,
,"Thu, Sep 3",11:00 ,Huevo,1,Proteína,58 gr,7 gr,0 gr,7 gr,0 gr,90 kcal,,,,,,,,,,,,,,,,,,,,,,,,,,,,0.14,1.10,2.60,,,6.84,
,"Thu, Sep 3",11:00 ,Queso Unt. Finlandia tradicional,2.4,Lácteo,24 gr,2 gr,1 gr,6 gr,0 gr,65 kcal,,,,,,23 gr,5 gr,16 gr,19 gr,262 kcal,1381 gr,,115 gr,100 gr,124 gr,35 gr,2000 kcal,0 gr,3 gr,5 gr,0 gr,0 gr,11 gr,0 gr,8 gr,12 gr,0:3,0.06,0.18,1.76,0.24,0.43,3.40,
,"Thu, Sep 3",11:00 ,Queso barra punta de agua,3,Lácteo,64 gr,16 gr,0 gr,18 gr,0 gr,222 kcal,,,,,,,,,,,,,,,,,,,,,,,,,,,,0.18,0.53,5.13,0.71,1.24,9.92,
,"Thu, Sep 3",11:00 ,Lomo Horneado (1 feta),2,Proteína,35 gr,8 gr,0 gr,1 gr,0 gr,43 kcal,,,,,,,,,,,,,,,,,,,,,,,,,,,,0.01,0.12,0.55,,,1.23,
,"Thu, Sep 3",11:00 ,Jamón Cocido Extra (1 feta),2,Proteína,26 gr,5 gr,0 gr,1 gr,0 gr,31 kcal,,,,,,,,,,,,,,,,,,,,,,,,,,,,,0.11,0.42,,,0.26,
,"Thu, Sep 3",11:00 ,Nuez (1),4,Fruto Seco,16 gr,2 gr,2 gr,10 gr,1 gr,108 kcal,,,,,,,,,,,,,,,,,,,,,,,,,,,,1.02,5.21,2.25,,,10.21,
,"Thu, Sep 3",11:00 ,Café,1,Infusión,0 gr,0 gr,0 gr,0 gr,0 gr,0 kcal,,,,,,,,,,,,,,,,,,,,,,,,,,,,,,,,,,
,"Thu, Sep 3",11:00 ,"Leche, Protein",1,Lácteo,100 gr,5 gr,5 gr,0 gr,0 gr,37 kcal,,,,,,,,,,,,,,,,,,,,,,,,,,,,,,,,,,
,"Thu, Sep 3",11:00 ,"Chocolate Colonial, amargo dietético 70%",1,Carb,7 gr,1 gr,3 gr,2 gr,1 gr,35 kcal,,,,,,59 gr,15 gr,49 gr,21 gr,738 kcal,1381 gr,,115 gr,100 gr,124 gr,35 gr,2000 kcal,2 gr,9 gr,14 gr,1 gr,2 gr,35 gr,0 gr,25 gr,38 gr,2:9,,0.07,0.79,,,2.38,
,"Thu, Sep 3",18:20 ,Zucchini,0.4,Verdura,118 gr,1 gr,4 gr,0 gr,1 gr,20 kcal,07:20,,,,,,,,,,,,,,,,,,,,,,,,,,,,,,,,,
,"Thu, Sep 3",18:20 ,Zanahoria,0.4,Verdura,84 gr,1 gr,8 gr,0 gr,2 gr,34 kcal,,,,,,,,,,,,,,,,,,,,,,,,,,,,,,,,,,
,"Thu, Sep 3",18:20 ,Cebolla,0.5,Verdura,100 gr,1 gr,10 gr,0 gr,1 gr,42 kcal,,,,,,,,,,,,,,,,,,,,,,,,,,,,,,,,,,
,"Thu, Sep 3",18:20 ,Champiñones,1,Proteína,112 gr,4 gr,3 gr,1 gr,1 gr,34 kcal,,,,,,,,,,,,,,,,,,,,,,,,,,,,,,,,,,
,"Thu, Sep 3",18:20 ,Manteca Ghee,1,Grasa,6 gr,0 gr,0 gr,6 gr,0 gr,54 kcal,,,,,,,,,,,,,,,,,,,,,,,,,,,,0.06,0.12,1.50,0.24,0.48,5.28,
,"Thu, Sep 3",18:20 ,Nuez (1),4,Fruto Seco,10 gr,1 gr,1 gr,6 gr,1 gr,67 kcal,,,,,,,,,,,,,,,,,,,,,,,,,,,,0.64,3.25,1.40,,,6.38,
,"Thu, Sep 3",18:20 ,Maní King Tostado Sin Piel Sin Sodio (1 cda sop),1,Fruto Seco,15 gr,4 gr,2 gr,8 gr,1 gr,89 kcal,,,,,,72 gr,43 gr,70 gr,29 gr,"1,079 kcal",1381 gr,,115 gr,100 gr,124 gr,35 gr,2000 kcal,2 gr,15 gr,21 gr,1 gr,2 gr,54 gr,0 gr,38 gr,58 gr,2:15,,2.55,3.68,,,7.50,
,"Thu, Sep 3",18:20 ,Queso rallado reggianito La Serenisima,1,Lácteo,10 gr,4 gr,0 gr,3 gr,0 gr,39 kcal,,,,,,,,,,,,,,,,,,,,,,,,,,,,0.03,0.08,0.75,0.10,0.18,1.46,
,"Thu, Sep 3",18:20 ,Pollo (1 pechuga),0.3,Proteína,100 gr,29 gr,0 gr,3 gr,0 gr,151 kcal,,,,,,,,,,,,,,,,,,,,,,,,,,,,0.03,0.64,1.28,,,3.20,
,"Thu, Sep 3",18:20 ,"G4U, tortilla proteica",3,Procesado,84 gr,18 gr,4 gr,4 gr,22 gr,161 kcal,,,,,,,,,,,,,,,,,,,,,,,,,,,,0.07,1.79,0.73,,,1.06,
,"Thu, Sep 3",18:20 ,Queso Unt. Finlandia tradicional,2,Lácteo,20 gr,2 gr,1 gr,5 gr,0 gr,54 kcal,,,,,,,,,,,,,,,,,,,,,,,,,,,,0.05,0.15,1.47,0.20,0.35,2.84,
,"Thu, Sep 3",18:20 ,Queso barra punta de agua,3,Lácteo,45 gr,11 gr,0 gr,12 gr,0 gr,156 kcal,,,,,,,,,,,,,,,,,,,,,,,,,,,,0.12,0.37,3.61,0.50,0.87,6.97,
,"Thu, Sep 3",18:20 ,"Aceite de oliva (EV, PPF)",5,Grano,10 gr,0 gr,0 gr,10 gr,0 gr,90 kcal,,,,,,,,,,,,,,,,,,,,,,,,,,,,0.10,1.00,7.50,,,10.00,
,"Thu, Sep 3",18:20 ,Vitaminas,1,Complemento,0 gr,0 gr,0 gr,0 gr,0 gr,0 kcal,,,,,,135 gr,47 gr,107 gr,51 gr,"1,730 kcal",1381 gr,,115 gr,100 gr,124 gr,35 gr,2000 kcal,3 gr,19 gr,36 gr,2 gr,4 gr,80 gr,0 gr,58 gr,86 gr,3:19,,,,,,,
,"Thu, Sep 3",18:20 ,Vitamina D,1,Complemento,0 gr,0 gr,0 gr,0 gr,0 gr,0 kcal,,,,,,,,,,,,,,,,,,,,,,,,,,,,,,,,,,
,"Thu, Sep 3",18:20 ,Leche de coco,1,Lácteo,100 gr,0 gr,0 gr,2 gr,0 gr,17 kcal,,,,,,,,,,,,,,,,,,,,,,,,,,,,,0.04,0.11,,1.11,0.74,
,"Thu, Sep 3",18:20 ,"Yogurt, Ser",1,Lácteo,32 gr,2 gr,2 gr,0 gr,0 gr,13 kcal,,,,,,,,,,,,,,,,,,,,,,,,,,,,,,,,,,
,"Thu, Sep 3",18:20 ,Brownie keto Cholex v1,0.5,Elaborado,25 gr,5 gr,2 gr,9 gr,2 gr,113 kcal,,,,,,,,,,,,,,,,,,,,,,,,,,,,,0.27,2.98,,,9.03,
,"Thu, Sep 3",20:40 ,Brownie keto Cholex v1,2,Elaborado,110 gr,24 gr,10 gr,40 gr,9 gr,496 kcal,02:20,,,,,,,,,,,,,,,,,,,,,,,,,,,,1.19,13.10,,,39.71,
,"Thu, Sep 3",20:40 ,Te,,Infusión,0 gr,0 gr,0 gr,0 gr,0 gr,0 kcal,,,,,,,,,,,,,,,,,,,,,,,,,,,,,,,,,,
,"Thu, Sep 3",20:40 ,Magnesio,,Complemento,0 gr,0 gr,0 gr,0 gr,0 gr,0 kcal,,,,,,166 gr,61 gr,157 gr,61 gr,"2,368 kcal",1381 gr,,115 gr,100 gr,124 gr,35 gr,2000 kcal,3 gr,20 gr,52 gr,2 gr,5 gr,129 gr,0 gr,75 gr,136 gr,3:20,,,,,,,
,"Fri, Sep 4",15:40 ,Ají,0.3,Verdura,50 gr,1 gr,2 gr,0 gr,0 gr,9 kcal,19:00,,,,,,,,,,,,,,,,,,,,,,,,,,,,,,,,,
,"Fri, Sep 4",15:40 ,Cebolla,0.5,Verdura,100 gr,1 gr,10 gr,0 gr,1 gr,42 kcal,,,,,,,,,,,,,,,,,,,,,,,,,,,,,,,,,,
,"Fri, Sep 4",15:40 ,Zucchini,0.4,Verdura,120 gr,1 gr,4 gr,0 gr,1 gr,20 kcal,,,,,,,,,,,,,,,,,,,,,,,,,,,,,,,,,,
,"Fri, Sep 4",15:40 ,Manteca Ghee,1,Grasa,9 gr,0 gr,0 gr,9 gr,0 gr,81 kcal,,,,,,,,,,,,,,,,,,,,,,,,,,,,0.09,0.18,2.25,0.36,0.72,7.92,
,"Fri, Sep 4",15:40 ,Champiñones,1,Proteína,105 gr,4 gr,3 gr,1 gr,1 gr,32 kcal,,,,,,,,,,,,,,,,,,,,,,,,,,,,,,,,,,
,"Fri, Sep 4",15:40 ,Pollo (1 pechuga),0.3,Proteína,100 gr,29 gr,0 gr,3 gr,0 gr,151 kcal,,,,,,,,,,,,,,,,,,,,,,,,,,,,0.03,0.64,1.28,,,3.20,
,"Fri, Sep 4",15:40 ,Nuez (1),4,Fruto Seco,16 gr,2 gr,2 gr,10 gr,1 gr,108 kcal,,,,,,38 gr,21 gr,23 gr,5 gr,443 kcal,1406 gr,,115 gr,100 gr,124 gr,35 gr,2000 kcal,1 gr,6 gr,6 gr,0 gr,1 gr,21 gr,0 gr,13 gr,22 gr,1:6,1.02,5.21,2.25,,,10.21,
,"Fri, Sep 4",15:40 ,Maní King Tostado Sin Piel Sin Sodio (1 cda sop),1,Fruto Seco,15 gr,4 gr,2 gr,8 gr,1 gr,89 kcal,,,,,,,,,,,,,,,,,,,,,,,,,,,,,2.55,3.68,,,7.50,
,"Fri, Sep 4",15:40 ,Castaña de Cajú,1,Fruto Seco,8 gr,1 gr,2 gr,4 gr,0 gr,44 kcal,,,,,,,,,,,,,,,,,,,,,,,,,,,,,0.60,2.11,,,3.52,
,"Fri, Sep 4",15:40 ,Semillas de chía,1.5,Grano,15 gr,2 gr,6 gr,5 gr,5 gr,74 kcal,,,,,,,,,,,,,,,,,,,,,,,,,,,,2.67,0.92,0.46,,,4.61,
,"Fri, Sep 4",15:40 ,"G4U, tortilla proteica",3,Procesado,82 gr,18 gr,4 gr,4 gr,21 gr,157 kcal,,,,,,,,,,,,,,,,,,,,,,,,,,,,0.07,1.75,0.71,,,1.03,
,"Fri, Sep 4",15:40 ,Queso Unt. Finlandia tradicional,2,Lácteo,20 gr,2 gr,1 gr,5 gr,0 gr,54 kcal,,,,,,,,,,,,,,,,,,,,,,,,,,,,0.05,0.15,1.47,0.20,0.35,2.84,
,"Fri, Sep 4",15:40 ,Queso barra punta de agua,3,Lácteo,48 gr,12 gr,0 gr,13 gr,0 gr,166 kcal,,,,,,,,,,,,,,,,,,,,,,,,,,,,0.13,0.40,3.85,0.53,0.93,7.44,
,"Fri, Sep 4",15:40 ,Leche de coco,1,Lácteo,100 gr,0 gr,0 gr,2 gr,0 gr,17 kcal,,,,,,77 gr,36 gr,62 gr,33 gr,"1,044 kcal",1406 gr,,115 gr,100 gr,124 gr,35 gr,2000 kcal,4 gr,12 gr,18 gr,1 gr,3 gr,49 gr,0 gr,35 gr,53 gr,4:12,,0.04,0.11,,1.11,0.74,
,"Fri, Sep 4",15:40 ,Chucrut Los Montes,1,Verdura,22 gr,0 gr,1 gr,0 gr,1 gr,4 kcal,,,,,,,,,,,,,,,,,,,,,,,,,,,,,,,,,,
,"Fri, Sep 4",15:40 ,Queso rallado reggianito La Serenisima,1,Lácteo,15 gr,6 gr,0 gr,4 gr,0 gr,59 kcal,,,,,,,,,,,,,,,,,,,,,,,,,,,,0.04,0.12,1.13,0.16,0.27,2.18,
,"Fri, Sep 4",15:40 ,"Aceite de oliva (EV, PPF)",2,Grano,9 gr,0 gr,0 gr,9 gr,0 gr,81 kcal,,,,,,,,,,,,,,,,,,,,,,,,,,,,0.09,0.90,6.75,,,9.00,
,"Fri, Sep 4",15:40 ,Vitaminas,1,Complemento,0 gr,0 gr,0 gr,0 gr,0 gr,0 kcal,,,,,,,,,,,,,,,,,,,,,,,,,,,,,,,,,,
,"Fri, Sep 4",15:40 ,Vitamina D,1,Complemento,0 gr,0 gr,0 gr,0 gr,0 gr,0 kcal,,,,,,,,,,,,,,,,,,,,,,,,,,,,,,,,,,
,"Fri, Sep 4",16:44 ,"Leche, Protein",0.3,Lácteo,30 gr,1 gr,1 gr,0 gr,0 gr,11 kcal,01:04,,,,,,,,,,,,,,,,,,,,,,,,,,,,,,,,,
,"Fri, Sep 4",16:44 ,Café,1,Infusión,0 gr,0 gr,0 gr,0 gr,0 gr,0 kcal,,,,,,84 gr,38 gr,75 gr,34 gr,"1,199 kcal",1406 gr,,115 gr,100 gr,124 gr,35 gr,2000 kcal,4 gr,13 gr,26 gr,1 gr,3 gr,60 gr,0 gr,44 gr,65 gr,4:13,,,,,,,
,"Fri, Sep 4",16:44 ,"Chocolate Colonial, amargo dietético 70%",1,Carb,7 gr,1 gr,3 gr,2 gr,1 gr,35 kcal,,,,,,,,,,,,,,,,,,,,,,,,,,,,,0.07,0.79,,,2.38,
,"Fri, Sep 4",16:44 ,Pasta de maní King natural,1,Fruto Seco,10 gr,3 gr,1 gr,5 gr,1 gr,59 kcal,,,,,,,,,,,,,,,,,,,,,,,,,,,,,1.67,2.40,,,4.90,
,"Fri, Sep 4",20:45 ,"G4U, pan de molde proteico",2,Procesado,57 gr,13 gr,3 gr,3 gr,16 gr,102 kcal,04:01,,,,,,,,,,,,,,,,,,,,,,,,,,,,2.26,0.67,,,3.33,
,"Fri, Sep 4",20:45 ,Queso Unt. Finlandia tradicional,3.5,Lácteo,35 gr,3 gr,1 gr,9 gr,0 gr,95 kcal,,,,,,,,,,,,,,,,,,,,,,,,,,,,0.09,0.27,2.57,0.35,0.62,4.97,
,"Fri, Sep 4",20:45 ,Huevo,1,Proteína,59 gr,7 gr,0 gr,7 gr,0 gr,92 kcal,,,,,,,,,,,,,,,,,,,,,,,,,,,,0.14,1.11,2.65,,,6.96,
,"Fri, Sep 4",20:45 ,Lomo Horneado (1 feta),3,Proteína,27 gr,6 gr,0 gr,1 gr,0 gr,33 kcal,,,,,,,,,,,,,,,,,,,,,,,,,,,,0.01,0.09,0.43,,,0.95,
,"Fri, Sep 4",20:45 ,Jamón Cocido Extra (1 feta),2,Proteína,30 gr,6 gr,0 gr,1 gr,0 gr,36 kcal,,,,,,122 gr,47 gr,104 gr,52 gr,"1,650 kcal",1406 gr,,115 gr,100 gr,124 gr,35 gr,2000 kcal,4 gr,19 gr,36 gr,2 gr,4 gr,84 gr,0 gr,60 gr,90 gr,4:19,,0.12,0.49,,,0.30,
,"Fri, Sep 4",20:45 ,Queso barra punta de agua,3,Lácteo,30 gr,7 gr,0 gr,8 gr,0 gr,104 kcal,,,,,,,,,,,,,,,,,,,,,,,,,,,,0.08,0.25,2.41,0.33,0.58,4.65,
,"Fri, Sep 4",20:45 ,Jamón Crudo De Trevélez (1 feta),2,Proteína,48 gr,15 gr,0 gr,5 gr,0 gr,106 kcal,,,,,,,,,,,,,,,,,,,,,,,,,,,,,0.46,1.85,,,1.13,
,"Fri, Sep 4",20:45 ,Queso Gouda,1,Lácteo,24 gr,6 gr,0 gr,7 gr,0 gr,86 kcal,,,,,,,,,,,,,,,,,,,,,,,,,,,,0.07,0.22,2.09,0.29,0.50,4.03,
,"Fri, Sep 4",20:45 ,Palta,0.5,Fruta,68 gr,1 gr,6 gr,10 gr,5 gr,109 kcal,,,,,,,,,,,,,,,,,,,,,,,,,,,,0.10,1.40,7.08,,,9.97,
,"Fri, Sep 4",20:45 ,"Aceite de oliva (EV, PPF)",4,Grano,12 gr,0 gr,0 gr,12 gr,0 gr,108 kcal,,,,,,,,,,,,,,,,,,,,,,,,,,,,0.12,1.20,9.00,,,12.00,
,"Fri, Sep 4",21:10 ,Nuez (1),4,Fruto Seco,16 gr,2 gr,2 gr,10 gr,1 gr,108 kcal,00:25,,,,,,,,,,,,,,,,,,,,,,,,,,,1.02,5.21,2.25,,,10.21,
,"Fri, Sep 4",21:10 ,Café,1,Infusión,0 gr,0 gr,0 gr,0 gr,0 gr,0 kcal,,,,,,154 gr,55 gr,157 gr,57 gr,"2,271 kcal",1406 gr,,115 gr,100 gr,124 gr,35 gr,2000 kcal,6 gr,28 gr,61 gr,2 gr,5 gr,126 gr,0 gr,94 gr,133 gr,6:28,,,,,,,
,"Fri, Sep 4",21:10 ,"Leche, Protein",1,Lácteo,100 gr,5 gr,5 gr,0 gr,0 gr,37 kcal,,,,,,,,,,,,,,,,,,,,,,,,,,,,,,,,,,
,"Fri, Sep 4",21:10 ,"Chocolate Colonial, amargo dietético 70%",1,Carb,7 gr,1 gr,3 gr,2 gr,1 gr,35 kcal,,,,,,,,,,,,,,,,,,,,,,,,,,,,,0.07,0.79,,,2.38,
,"Fri, Sep 4",21:10 ,Dulce de leche Las Quinas,1.2,Carb,12 gr,1 gr,2 gr,0 gr,2 gr,16 kcal,,,,,,,,,,,,,,,,,,,,,,,,,,,,,,,,,,
,"Fri, Sep 4",21:10 ,Magnesio,1,Complemento,0 gr,0 gr,0 gr,0 gr,0 gr,0 kcal,,,,,,161 gr,65 gr,160 gr,60 gr,"2,359 kcal",1406 gr,,115 gr,100 gr,124 gr,35 gr,2000 kcal,6 gr,28 gr,61 gr,2 gr,5 gr,128 gr,0 gr,95 gr,136 gr,6:28,,,,,,,
,"Sat, Sep 5",9:30 ,"Sandwich pan integral, palta, huevo, j. crudo",1,Elaborado,350 gr,42 gr,42 gr,38 gr,9 gr,680 kcal,12:20,,,,,,,,,,,,,,,,,,,,,,,,,,,,,,,,,
,"Sat, Sep 5",9:30 ,Cappuccino italiano,1,Elaborado,190 gr,5 gr,6 gr,16 gr,0 gr,210 kcal,,,,,,,,,,,,,,,,,,,,,,,,,,,,,,,,,,
,"Sat, Sep 5",15:10 ,Ají,0.4,Verdura,54 gr,1 gr,2 gr,0 gr,0 gr,10 kcal,05:40,,,,,48 gr,50 gr,54 gr,10 gr,900 kcal,1130 gr,,115 gr,100 gr,124 gr,35 gr,2000 kcal,0 gr,0 gr,0 gr,0 gr,0 gr,0 gr,0 gr,0 gr,0 gr,0:0,,,,,,,
,"Sat, Sep 5",15:10 ,Zucchini,0.4,Verdura,114 gr,1 gr,4 gr,0 gr,1 gr,19 kcal,,,,,,,,,,,,,,,,,,,,,,,,,,,,,,,,,,
,"Sat, Sep 5",15:10 ,Champiñones,0.5,Proteína,114 gr,5 gr,3 gr,1 gr,1 gr,34 kcal,,,,,,,,,,,,,,,,,,,,,,,,,,,,,,,,,,
,"Sat, Sep 5",15:10 ,Semillas de chía,1.5,Grano,15 gr,2 gr,6 gr,5 gr,5 gr,74 kcal,,,,,,,,,,,,,,,,,,,,,,,,,,,,2.67,0.92,0.46,,,4.61,
,"Sat, Sep 5",15:10 ,Queso Unt. Finlandia tradicional,2,Lácteo,20 gr,2 gr,1 gr,5 gr,0 gr,54 kcal,,,,,,,,,,,,,,,,,,,,,,,,,,,,0.05,0.15,1.47,0.20,0.35,2.84,
,"Sat, Sep 5",15:10 ,"G4U, tortilla proteica",2,Procesado,55 gr,12 gr,2 gr,2 gr,14 gr,105 kcal,,,,,,,,,,,,,,,,,,,,,,,,,,,,0.05,1.17,0.48,,,0.69,
,"Sat, Sep 5",15:10 ,Pan Val Maira integral total,2,Grano,39 gr,4 gr,16 gr,1 gr,3 gr,90 kcal,,,,,,,,,,,,,,,,,,,,,,,,,,,,,,,,,,
,"Sat, Sep 5",15:10 ,Manteca Ghee,1,Grasa,10 gr,0 gr,0 gr,10 gr,0 gr,90 kcal,,,,,,74 gr,83 gr,78 gr,35 gr,"1,366 kcal",1130 gr,,115 gr,100 gr,124 gr,35 gr,2000 kcal,3 gr,2 gr,5 gr,1 gr,1 gr,17 gr,0 gr,10 gr,19 gr,3:2,0.10,0.20,2.50,0.40,0.80,8.80,
,"Sat, Sep 5",15:10 ,Nuez (1),4,Fruto Seco,16 gr,2 gr,2 gr,10 gr,1 gr,108 kcal,,,,,,,,,,,,,,,,,,,,,,,,,,,,1.02,5.21,2.25,,,10.21,
,"Sat, Sep 5",15:10 ,Maní King Tostado Sin Piel Sin Sodio (1 cda sop),1,Fruto Seco,15 gr,4 gr,2 gr,8 gr,1 gr,89 kcal,,,,,,,,,,,,,,,,,,,,,,,,,,,,,2.55,3.68,,,7.50,
,"Sat, Sep 5",15:10 ,Castaña de Cajú,1,Fruto Seco,8 gr,1 gr,2 gr,4 gr,0 gr,44 kcal,,,,,,,,,,,,,,,,,,,,,,,,,,,,,0.60,2.11,,,3.52,
,"Sat, Sep 5",15:10 ,Chucrut Los Montes,0.3,Verdura,20 gr,0 gr,1 gr,0 gr,1 gr,4 kcal,,,,,,,,,,,,,,,,,,,,,,,,,,,,,,,,,,
,"Sat, Sep 5",15:10 ,Queso barra punta de agua,2,Lácteo,26 gr,6 gr,0 gr,7 gr,0 gr,90 kcal,,,,,,,,,,,,,,,,,,,,,,,,,,,,0.07,0.22,2.09,0.29,0.50,4.03,
,"Sat, Sep 5",15:10 ,Leche de coco,0.6,Lácteo,60 gr,0 gr,0 gr,1 gr,0 gr,10 kcal,,,,,,,,,,,,,,,,,,,,,,,,,,,,,0.02,0.07,,0.67,0.44,
,"Sat, Sep 5",15:10 ,"Aceite de oliva (EV, PPF)",1,Grano,9 gr,0 gr,0 gr,9 gr,0 gr,81 kcal,,,,,,88 gr,89 gr,116 gr,38 gr,"1,792 kcal",1130 gr,,115 gr,100 gr,124 gr,35 gr,2000 kcal,4 gr,12 gr,22 gr,1 gr,2 gr,52 gr,0 gr,38 gr,55 gr,4:12,0.09,0.90,6.75,,,9.00,
,"Sat, Sep 5",15:10 ,Queso rallado reggianito La Serenisima,1,Lácteo,15 gr,6 gr,0 gr,4 gr,0 gr,59 kcal,,,,,,,,,,,,,,,,,,,,,,,,,,,,0.04,0.12,1.13,0.16,0.27,2.18,
,"Sat, Sep 5",15:10 ,Vitaminas,1,Complemento,0 gr,0 gr,0 gr,0 gr,0 gr,0 kcal,,,,,,,,,,,,,,,,,,,,,,,,,,,,,,,,,,
,"Sat, Sep 5",15:10 ,Vitamina D,1,Complemento,0 gr,0 gr,0 gr,0 gr,0 gr,0 kcal,,,,,,94 gr,89 gr,120 gr,38 gr,"1,851 kcal",1130 gr,,115 gr,100 gr,124 gr,35 gr,2000 kcal,4 gr,12 gr,23 gr,1 gr,3 gr,54 gr,0 gr,39 gr,57 gr,4:12,,,,,,,
,,,,,,590 gr,47 gr,41 gr,66 gr,28 gr,961 kcal,,,,,,,,,,,,,,,,,,,,,,,,,,,,,,,,,,